employee_id,employee_name,email,department,job_title,location,employment_type,education,joining_date,salary,age,experience_years,attendance_percentage,training_hours,projects_completed,performance_rating,performance_level,goal_completion_percentage,overtime_hours,leave_days,promotion_status,employee_status
10001,Swetha Das,employee10001@company.com,Finance,Operations Analyst,Bangalore,Full-Time,MCA,2024-08-16,91991,50,4.5,74.12,69,12,3,Average,73.3,14,16,Not Promoted,Inactive
10002,Anjali Patel,employee10002@company.com,IT,Marketing Executive,Delhi,Full-Time,MBA,2018-05-09,83306,28,17.4,81.66,18,9,5,Excellent,79.23,30,9,Promoted,Active
10003,Vijay Singh,employee10003@company.com,IT,HR Executive,Delhi,Full-Time,BBA,2024-03-17,51293,25,8.1,88.63,63,7,4,Good,69.75,10,19,Not Promoted,Active
10004,Meena Reddy,employee10004@company.com,IT,Data Analyst,Mumbai,Full-Time,BBA,2021-04-11,133925,32,0.5,71.38,90,15,4,Good,78.5,35,1,Promoted,Active
10005,Ajay Nair,employee10005@company.com,Engineering,Project Manager,Pune,Full-Time,B.Com,2019-04-17,128695,34,15.2,96.54,8,13,2,Needs Improvement,53.8,5,9,Not Promoted,Active
10006,Karthik Menon,employee10006@company.com,HR,Data Analyst,Pune,Part-Time,MBA,2023-02-27,27539,32,11.0,72.03,40,1,2,Needs Improvement,107.92,25,27,Not Promoted,Active
10007,Pooja Patel,employee10007@company.com,HR,Sales Executive,Pune,Full-Time,MBA,2025-04-09,126922,44,3.4,70.92,49,2,2,Needs Improvement,47.22,7,19,Promoted,Active
10008,Karthik Nair,employee10008@company.com,Operations,Support Associate,Chennai,Full-Time,BBA,2022-03-06,125682,37,1.0,70.06,9,6,5,Excellent,76.41,38,5,Promoted,Active
10009,Karthik Gupta,employee10009@company.com,Operations,Operations Analyst,Pune,Full-Time,B.Com,2023-11-12,115986,21,5.6,90.51,73,1,4,Good,58.65,36,2,Not Promoted,Active
10010,Pooja Patel,employee10010@company.com,Customer Support,Data Analyst,Pune,Full-Time,B.E,2022-05-19,43589,31,16.7,83.68,96,11,4,Good,48.79,36,9,Not Promoted,Active
10011,Vijay Kumar,employee10011@company.com,Finance,Operations Analyst,Chennai,Full-Time,B.Com,2020-11-10,37719,26,16.8,73.08,81,3,1,Needs Improvement,87.36,29,27,Not Promoted,Active
10012,Ravi Reddy,employee10012@company.com,IT,Financial Analyst,Mumbai,Full-Time,B.Tech,2023-11-24,124443,35,5.9,95.69,53,11,5,Excellent,109.04,37,18,Not Promoted,Active
10013,Meena Iyer,employee10013@company.com,Finance,Financial Analyst,Bangalore,Full-Time,M.Sc,2023-02-15,28591,43,15.1,76.08,9,6,4,Good,93.72,15,26,Not Promoted,Active
10014,Ravi Rao,employee10014@company.com,HR,Support Associate,Delhi,Full-Time,B.E,2021-05-08,46098,43,8.2,79.79,6,11,3,Average,61.51,14,16,Not Promoted,Active
10015,Priya Nair,employee10015@company.com,Engineering,Marketing Executive,Hyderabad,Full-Time,M.Sc,2023-02-11,95250,32,12.0,75.33,31,2,3,Average,77.07,37,11,Not Promoted,Active
10016,Manoj Nair,employee10016@company.com,IT,Data Analyst,Delhi,Contract,BBA,2021-10-07,134169,27,6.4,97.8,53,15,3,Average,48.24,7,20,Not Promoted,Active
10017,Manoj Rao,employee10017@company.com,Marketing,Project Manager,Pune,Full-Time,M.Com,2021-07-29,116657,36,9.5,92.74,69,1,3,Average,79.56,34,11,Not Promoted,Active
10018,Aakash Iyer,employee10018@company.com,HR,Operations Analyst,Pune,Full-Time,BBA,2019-09-04,117955,55,5.6,91.72,82,7,4,Good,51.47,8,30,Not Promoted,Active
10019,Aakash Nair,employee10019@company.com,HR,Operations Analyst,Coimbatore,Full-Time,M.Sc,2025-12-06,54603,49,1.6,71.32,62,1,3,Average,96.65,20,22,Not Promoted,Active
10020,Manoj Sharma,employee10020@company.com,HR,Financial Analyst,Delhi,Full-Time,MCA,2022-04-12,29667,37,2.9,85.68,33,9,3,Average,48.69,40,27,Promoted,Active
10021,Divya Rao,employee10021@company.com,Customer Support,HR Executive,Delhi,Full-Time,MBA,2020-08-05,98993,46,5.6,87.26,42,15,4,Good,45.61,4,26,Not Promoted,Active
10022,Kavya Kumar,employee10022@company.com,IT,Support Associate,Coimbatore,Part-Time,B.E,2022-05-18,139061,40,17.6,81.48,4,6,2,Needs Improvement,101.0,18,5,Promoted,Active
10023,Priya Pillai,employee10023@company.com,Operations,Operations Analyst,Pune,Full-Time,M.Com,2020-05-03,98829,45,17.4,79.65,18,10,3,Average,106.27,15,11,Not Promoted,Active
10024,Swetha Kumar,employee10024@company.com,Sales,Financial Analyst,Chennai,Full-Time,B.Com,2023-03-25,89574,39,15.0,95.56,53,2,3,Average,50.63,17,19,Not Promoted,Active
10025,Aakash Nair,employee10025@company.com,Marketing,Financial Analyst,Chennai,Full-Time,B.Com,2024-10-12,73100,41,4.6,70.69,13,3,3,Average,63.13,11,5,Not Promoted,Active
10026,Sneha Rao,employee10026@company.com,Marketing,Software Engineer,Chennai,Full-Time,B.Tech,2023-06-01,49238,52,8.2,88.76,9,5,4,Good,93.21,15,2,Not Promoted,Active
10027,Nisha Sharma,employee10027@company.com,Finance,Operations Analyst,Hyderabad,Full-Time,M.Sc,2020-11-27,114078,48,8.2,81.83,48,10,3,Average,80.08,4,2,Not Promoted,Active
10028,Suresh Reddy,employee10028@company.com,IT,Software Engineer,Bangalore,Full-Time,B.Tech,2021-12-13,89311,32,7.3,89.98,10,2,4,Good,106.7,2,22,Not Promoted,Active
10029,Sneha Sharma,employee10029@company.com,Operations,Project Manager,Pune,Contract,BBA,2018-10-29,110893,35,1.3,75.94,30,0,4,Good,70.3,6,8,Not Promoted,Inactive
10030,Karthik Patel,employee10030@company.com,HR,Project Manager,Mumbai,Full-Time,B.E,2019-10-01,51110,48,9.9,77.16,65,11,2,Needs Improvement,45.22,31,0,Promoted,Active
10031,Rahul Joshi,employee10031@company.com,Sales,Financial Analyst,Delhi,Full-Time,BBA,2018-03-12,125573,41,1.8,87.61,9,7,4,Good,46.28,30,3,Not Promoted,Active
10032,Kavya Rao,employee10032@company.com,IT,HR Executive,Delhi,Full-Time,M.Sc,2023-04-07,109403,36,14.5,99.4,20,3,3,Average,81.72,13,11,Not Promoted,Active
10033,Rahul Iyer,employee10033@company.com,IT,HR Executive,Pune,Full-Time,MCA,2019-10-08,108133,43,12.6,99.24,0,0,2,Needs Improvement,93.89,23,29,Promoted,Active
10034,Ravi Verma,employee10034@company.com,Customer Support,Software Engineer,Pune,Part-Time,MBA,2022-11-24,144423,46,6.7,77.47,45,1,5,Excellent,96.39,32,25,Not Promoted,Active
10035,Swetha Menon,employee10035@company.com,Operations,Financial Analyst,Pune,Full-Time,B.Com,2025-01-16,36184,35,11.8,73.07,94,5,5,Excellent,104.25,4,4,Not Promoted,Active
10036,Aakash Gupta,employee10036@company.com,Sales,Software Engineer,Delhi,Full-Time,BBA,2018-06-23,111349,32,4.6,87.71,74,14,4,Good,59.89,7,17,Not Promoted,Active
10037,Rahul Das,employee10037@company.com,HR,Support Associate,Coimbatore,Full-Time,B.E,2023-06-22,50482,24,5.1,82.6,73,0,3,Average,93.0,1,15,Not Promoted,Active
10038,Meena Joshi,employee10038@company.com,IT,Software Engineer,Pune,Full-Time,M.Sc,2018-03-31,116693,55,6.0,92.85,19,8,2,Needs Improvement,98.76,38,9,Not Promoted,Active
10039,Sneha Rao,employee10039@company.com,Marketing,Marketing Executive,Delhi,Full-Time,B.E,2024-08-12,67564,51,14.4,85.84,20,13,4,Good,99.36,37,11,Promoted,Inactive
10040,Dinesh Das,employee10040@company.com,Engineering,Operations Analyst,Bangalore,Full-Time,MCA,2025-10-19,40660,47,4.2,85.32,36,6,3,Average,71.75,34,10,Not Promoted,Active
10041,Sneha Verma,employee10041@company.com,Marketing,Project Manager,Mumbai,Part-Time,M.Sc,2024-06-24,105222,52,10.3,89.39,100,15,2,Needs Improvement,85.69,37,18,Not Promoted,Active
10042,Suresh Joshi,employee10042@company.com,Sales,Senior Software Engineer,Chennai,Full-Time,B.E,2020-04-03,129299,53,4.0,73.79,13,7,3,Average,80.85,33,4,Not Promoted,Active
10043,Manoj Iyer,employee10043@company.com,Engineering,Financial Analyst,Coimbatore,Full-Time,B.Tech,2019-07-05,123873,33,5.5,90.31,57,7,1,Needs Improvement,83.84,29,23,Promoted,Active
10044,Rohan Reddy,employee10044@company.com,HR,HR Executive,Mumbai,Full-Time,MCA,2018-03-01,49479,22,4.6,84.66,56,5,5,Excellent,63.33,22,2,Not Promoted,Active
10045,Aakash Sharma,employee10045@company.com,Sales,Data Analyst,Pune,Full-Time,B.Com,2021-02-02,89215,25,11.8,94.6,56,7,3,Average,89.41,3,27,Promoted,Active
10046,Anjali Singh,employee10046@company.com,IT,Operations Analyst,Mumbai,Full-Time,M.Sc,2021-06-16,124849,38,9.7,74.16,68,6,4,Good,91.15,34,29,Not Promoted,Inactive
10047,Anjali Gupta,employee10047@company.com,Customer Support,Senior Software Engineer,Pune,Full-Time,BBA,2022-01-25,91444,37,13.1,79.02,69,0,3,Average,57.74,13,18,Not Promoted,Active
10048,Arun Rao,employee10048@company.com,Customer Support,Marketing Executive,Mumbai,Full-Time,B.Tech,2018-05-07,62230,22,4.3,98.51,23,2,4,Good,73.84,21,5,Not Promoted,Active
10049,Vijay Iyer,employee10049@company.com,Marketing,Data Analyst,Hyderabad,Full-Time,B.Tech,2018-03-24,94619,55,0.7,86.59,79,8,4,Good,72.44,29,23,Not Promoted,Active
10050,Aakash Iyer,employee10050@company.com,Customer Support,HR Executive,Mumbai,Full-Time,MCA,2021-05-28,28340,34,12.4,97.88,59,7,3,Average,93.68,2,16,Not Promoted,Active
10051,Aakash Rao,employee10051@company.com,Finance,Marketing Executive,Chennai,Full-Time,BBA,2020-08-03,130251,32,2.5,90.67,22,4,5,Excellent,88.32,10,22,Not Promoted,Active
10052,Vijay Kumar,employee10052@company.com,Sales,HR Executive,Chennai,Contract,MCA,2022-06-29,56829,53,4.8,97.79,46,15,4,Good,75.95,9,12,Not Promoted,Active
10053,Swetha Sharma,employee10053@company.com,Customer Support,HR Executive,Coimbatore,Contract,B.E,2023-05-07,32039,27,5.8,79.53,37,0,5,Excellent,87.41,2,6,Promoted,Active
10054,Vijay Das,employee10054@company.com,Finance,Financial Analyst,Mumbai,Part-Time,BBA,2023-06-19,130416,29,13.6,72.72,79,1,5,Excellent,62.09,40,18,Not Promoted,Active
10055,Swetha Rao,employee10055@company.com,Finance,Data Analyst,Delhi,Full-Time,M.Com,2025-03-18,142113,25,11.5,94.07,51,9,4,Good,60.1,4,18,Promoted,Active
10056,Ravi Reddy,employee10056@company.com,Operations,Support Associate,Delhi,Full-Time,M.Com,2025-05-18,101946,24,3.7,94.13,12,13,5,Excellent,60.59,14,24,Not Promoted,Active
10057,Vijay Reddy,employee10057@company.com,Marketing,Software Engineer,Delhi,Full-Time,M.Com,2020-06-08,32155,52,11.0,88.56,7,14,2,Needs Improvement,46.92,5,30,Not Promoted,Active
10058,Anjali Das,employee10058@company.com,Sales,Software Engineer,Mumbai,Contract,M.Sc,2019-07-28,116125,25,12.9,87.39,31,9,3,Average,89.92,3,25,Not Promoted,Active
10059,Arun Menon,employee10059@company.com,Finance,Operations Analyst,Delhi,Full-Time,M.Sc,2019-05-28,64438,28,7.3,97.45,85,8,2,Needs Improvement,109.08,22,11,Not Promoted,Active
10060,Rohan Das,employee10060@company.com,IT,HR Executive,Bangalore,Full-Time,B.E,2023-03-25,141560,33,4.8,75.29,16,11,3,Average,65.09,0,10,Not Promoted,Active
10061,Dinesh Joshi,employee10061@company.com,Customer Support,Operations Analyst,Mumbai,Full-Time,MBA,2018-03-06,128213,24,12.4,88.5,4,9,3,Average,105.44,33,30,Not Promoted,Active
10062,Ajay Rao,employee10062@company.com,Operations,Data Analyst,Chennai,Full-Time,M.Sc,2023-05-19,98933,31,11.2,71.49,71,7,3,Average,84.43,14,29,Not Promoted,Active
10063,Suresh Pillai,employee10063@company.com,HR,HR Executive,Coimbatore,Full-Time,B.Com,2024-02-09,138896,35,1.9,74.23,49,8,4,Good,59.62,3,16,Not Promoted,Active
10064,Dinesh Rao,employee10064@company.com,Customer Support,HR Executive,Delhi,Full-Time,B.E,2020-12-25,140503,38,12.2,83.12,93,1,3,Average,45.77,26,16,Not Promoted,Active
10065,Suresh Rao,employee10065@company.com,Customer Support,Senior Software Engineer,Hyderabad,Full-Time,B.E,2025-11-22,139753,40,9.0,94.64,82,2,3,Average,92.04,12,17,Not Promoted,Active
10066,Meena Nair,employee10066@company.com,Customer Support,Project Manager,Delhi,Contract,BBA,2023-10-03,37237,21,13.7,91.99,11,2,4,Good,90.28,39,14,Not Promoted,Active
10067,Rahul Gupta,employee10067@company.com,Operations,Software Engineer,Chennai,Full-Time,B.Tech,2021-05-29,125355,21,3.8,99.22,88,0,2,Needs Improvement,59.9,31,5,Not Promoted,Active
10068,Dinesh Das,employee10068@company.com,HR,Data Analyst,Bangalore,Part-Time,BBA,2024-04-02,25002,31,5.0,71.35,43,1,4,Good,66.63,8,29,Not Promoted,Active
10069,Anjali Das,employee10069@company.com,Marketing,Marketing Executive,Mumbai,Full-Time,M.Com,2020-06-07,147114,49,10.0,81.44,76,9,2,Needs Improvement,103.37,36,7,Not Promoted,Active
10070,Arun Reddy,employee10070@company.com,Sales,Marketing Executive,Delhi,Full-Time,MCA,2019-09-04,71794,49,8.9,74.76,67,4,5,Excellent,55.22,24,10,Not Promoted,Active
10071,Rahul Sharma,employee10071@company.com,Sales,Support Associate,Hyderabad,Full-Time,B.E,2019-03-14,90860,44,7.3,71.11,58,6,4,Good,99.3,2,25,Not Promoted,Active
10072,Pooja Kumar,employee10072@company.com,HR,Sales Executive,Coimbatore,Full-Time,MBA,2021-01-31,87703,40,13.6,77.93,9,5,3,Average,56.0,38,12,Not Promoted,Active
10073,Karthik Sharma,employee10073@company.com,Engineering,Data Analyst,Chennai,Full-Time,M.Sc,2021-12-30,63902,50,10.4,77.33,47,13,1,Needs Improvement,76.31,39,16,Promoted,Inactive
10074,Dinesh Patel,employee10074@company.com,Customer Support,Sales Executive,Coimbatore,Full-Time,B.Com,2025-07-04,107524,25,12.9,82.6,27,1,4,Good,77.43,15,27,Not Promoted,Active
10075,Swetha Sharma,employee10075@company.com,IT,Senior Software Engineer,Coimbatore,Full-Time,MBA,2021-12-15,46275,30,3.2,74.2,4,7,4,Good,75.69,16,16,Not Promoted,Active
10076,Rohan Pillai,employee10076@company.com,HR,Marketing Executive,Hyderabad,Full-Time,B.E,2019-06-08,76734,26,13.3,84.66,91,3,4,Good,63.72,26,17,Not Promoted,Active
10077,Ravi Verma,employee10077@company.com,HR,Data Analyst,Pune,Full-Time,B.E,2022-01-06,88261,24,8.6,97.6,43,10,4,Good,61.47,9,27,Not Promoted,Active
10078,Aakash Reddy,employee10078@company.com,Sales,HR Executive,Chennai,Full-Time,B.Tech,2024-09-17,57061,24,1.1,92.45,30,1,2,Needs Improvement,92.66,0,15,Promoted,Active
10079,Suresh Nair,employee10079@company.com,Finance,Project Manager,Pune,Full-Time,MBA,2024-07-18,60890,27,4.6,95.27,15,14,3,Average,62.92,28,22,Promoted,Active
10080,Dinesh Kumar,employee10080@company.com,IT,Financial Analyst,Hyderabad,Full-Time,B.Tech,2020-03-10,114896,53,1.0,94.14,22,3,2,Needs Improvement,84.64,17,15,Not Promoted,Active
10081,Meena Sharma,employee10081@company.com,Sales,Project Manager,Mumbai,Full-Time,MCA,2024-03-11,106365,29,8.5,81.69,92,7,5,Excellent,100.03,31,3,Not Promoted,Inactive
10082,Sneha Kumar,employee10082@company.com,Operations,Support Associate,Mumbai,Full-Time,MBA,2020-10-20,44498,46,6.2,91.27,20,13,4,Good,99.41,36,16,Promoted,Active
10083,Pooja Verma,employee10083@company.com,HR,Marketing Executive,Mumbai,Full-Time,M.Com,2022-04-29,102003,41,17.8,92.63,1,14,3,Average,55.86,32,7,Not Promoted,Active
10084,Ravi Gupta,employee10084@company.com,Engineering,Operations Analyst,Coimbatore,Full-Time,MCA,2018-11-18,90882,42,15.7,76.17,22,0,2,Needs Improvement,87.56,21,19,Promoted,Active
10085,Sneha Rao,employee10085@company.com,Finance,Operations Analyst,Pune,Full-Time,M.Com,2025-10-02,38369,53,14.9,95.81,79,10,3,Average,84.15,10,6,Not Promoted,Inactive
10086,Swetha Sharma,employee10086@company.com,IT,Financial Analyst,Coimbatore,Full-Time,MBA,2025-12-13,70114,53,9.3,83.73,10,8,3,Average,63.33,36,26,Not Promoted,Active
10087,Karthik Pillai,employee10087@company.com,Marketing,Marketing Executive,Mumbai,Full-Time,B.Tech,2018-06-29,85071,25,14.6,70.49,72,13,4,Good,70.44,28,7,Not Promoted,Active
10088,Swetha Rao,employee10088@company.com,IT,Data Analyst,Coimbatore,Full-Time,M.Com,2024-08-24,38997,41,5.2,89.3,1,7,4,Good,63.53,19,0,Promoted,Active
10089,Ajay Kumar,employee10089@company.com,IT,HR Executive,Bangalore,Full-Time,B.E,2022-09-01,68518,47,10.3,90.3,81,13,5,Excellent,79.91,21,1,Not Promoted,Active
10090,Aakash Das,employee10090@company.com,Customer Support,Support Associate,Chennai,Contract,M.Sc,2019-03-26,134885,21,7.4,86.55,12,7,3,Average,97.24,31,12,Not Promoted,Active
10091,Rahul Reddy,employee10091@company.com,HR,Operations Analyst,Chennai,Full-Time,B.Com,2021-07-08,126747,36,3.5,76.37,44,9,2,Needs Improvement,102.04,7,1,Not Promoted,Active
10092,Ravi Sharma,employee10092@company.com,HR,Financial Analyst,Coimbatore,Full-Time,BBA,2022-07-19,141942,55,1.8,84.47,71,8,4,Good,91.98,21,26,Promoted,Active
10093,Ajay Reddy,employee10093@company.com,Marketing,Project Manager,Hyderabad,Contract,B.Tech,2023-12-19,49686,52,10.3,82.0,9,13,4,Good,76.42,14,4,Promoted,Active
10094,Nisha Patel,employee10094@company.com,Marketing,HR Executive,Delhi,Full-Time,MCA,2021-06-11,123326,49,2.2,99.24,90,6,4,Good,107.28,34,4,Promoted,Active
10095,Priya Rao,employee10095@company.com,Marketing,Operations Analyst,Pune,Full-Time,M.Sc,2020-06-22,87891,43,13.1,94.74,80,10,4,Good,81.65,15,5,Not Promoted,Active
10096,Ravi Menon,employee10096@company.com,Sales,Project Manager,Chennai,Contract,MCA,2021-03-23,110736,35,16.6,92.86,87,8,3,Average,76.11,28,17,Not Promoted,Active
10097,Aakash Sharma,employee10097@company.com,Sales,Data Analyst,Coimbatore,Part-Time,MBA,2018-11-26,100691,46,3.3,75.43,20,14,4,Good,100.69,33,15,Not Promoted,Active
10098,Meena Joshi,employee10098@company.com,HR,Project Manager,Pune,Full-Time,MCA,2019-09-29,38074,45,8.7,79.93,0,0,3,Average,57.0,19,30,Promoted,Active
10099,Rohan Verma,employee10099@company.com,HR,HR Executive,Hyderabad,Full-Time,BBA,2023-03-05,43091,22,13.4,81.39,15,0,1,Needs Improvement,55.26,12,23,Promoted,Active
10100,Karthik Iyer,employee10100@company.com,Marketing,Project Manager,Mumbai,Full-Time,B.Com,2023-03-30,134578,32,5.5,84.78,42,11,2,Needs Improvement,95.87,12,16,Not Promoted,Active
10101,Aakash Sharma,employee10101@company.com,Sales,Data Analyst,Delhi,Full-Time,B.Com,2023-10-02,31715,39,16.6,70.91,96,3,1,Needs Improvement,101.59,30,8,Not Promoted,Active
10102,Karthik Nair,employee10102@company.com,Finance,Support Associate,Hyderabad,Full-Time,B.E,2023-02-11,63821,52,16.0,87.79,5,1,4,Good,49.73,20,20,Promoted,Active
10103,Aakash Nair,employee10103@company.com,Sales,HR Executive,Bangalore,Full-Time,MCA,2024-11-20,45199,43,2.3,80.74,75,7,3,Average,94.67,29,25,Promoted,Active
10104,Ravi Pillai,employee10104@company.com,HR,Support Associate,Mumbai,Contract,B.Tech,2025-05-11,115858,25,1.0,86.85,95,0,4,Good,72.59,24,7,Not Promoted,Active
10105,Divya Mishra,employee10105@company.com,Sales,Financial Analyst,Mumbai,Full-Time,B.Com,2019-02-17,91050,45,17.6,70.27,10,3,5,Excellent,90.74,29,7,Not Promoted,Inactive
10106,Karthik Verma,employee10106@company.com,HR,Marketing Executive,Mumbai,Full-Time,B.Tech,2024-12-18,80439,55,17.2,79.64,81,10,3,Average,53.77,9,1,Promoted,Active
10107,Karthik Menon,employee10107@company.com,Marketing,Project Manager,Hyderabad,Full-Time,B.E,2022-03-21,28039,49,7.9,93.06,65,10,3,Average,108.25,6,8,Not Promoted,Active
10108,Suresh Singh,employee10108@company.com,Customer Support,Senior Software Engineer,Bangalore,Full-Time,MBA,2024-08-12,30861,40,1.4,85.03,95,13,4,Good,102.28,33,5,Not Promoted,Active
10109,Nisha Gupta,employee10109@company.com,Marketing,Support Associate,Delhi,Full-Time,B.Com,2025-01-30,90032,27,11.3,93.67,48,8,3,Average,71.39,3,18,Not Promoted,Active
10110,Manoj Sharma,employee10110@company.com,Marketing,Data Analyst,Pune,Full-Time,BBA,2025-05-08,77008,42,5.6,90.97,19,1,2,Needs Improvement,103.07,21,0,Not Promoted,Active
10111,Pooja Rao,employee10111@company.com,Finance,Operations Analyst,Hyderabad,Full-Time,BBA,2022-01-15,109261,38,16.9,95.65,20,5,3,Average,103.17,28,24,Promoted,Active
10112,Anjali Das,employee10112@company.com,Customer Support,Support Associate,Chennai,Full-Time,B.Com,2022-04-14,82668,41,14.4,70.22,35,3,3,Average,74.98,3,18,Promoted,Active
10113,Priya Mishra,employee10113@company.com,Finance,Operations Analyst,Chennai,Full-Time,B.Com,2019-05-30,64104,42,11.9,77.84,37,13,5,Excellent,106.55,0,0,Not Promoted,Active
10114,Pooja Singh,employee10114@company.com,HR,Project Manager,Hyderabad,Full-Time,MCA,2019-04-26,61130,32,5.5,86.46,55,11,4,Good,108.5,22,20,Not Promoted,Active
10115,Vijay Kumar,employee10115@company.com,IT,Financial Analyst,Pune,Full-Time,BBA,2024-09-27,147494,31,12.8,98.23,90,3,4,Good,59.12,22,23,Not Promoted,Active
10116,Sneha Menon,employee10116@company.com,Operations,Software Engineer,Chennai,Full-Time,BBA,2024-03-25,61258,32,5.6,90.39,10,5,5,Excellent,49.33,5,12,Not Promoted,Active
10117,Aakash Rao,employee10117@company.com,Finance,HR Executive,Pune,Full-Time,B.Tech,2023-12-25,142195,46,1.2,83.7,17,9,4,Good,66.52,4,28,Not Promoted,Active
10118,Karthik Nair,employee10118@company.com,HR,Operations Analyst,Mumbai,Full-Time,M.Sc,2025-10-09,55691,50,9.4,73.9,80,12,3,Average,76.77,22,29,Not Promoted,Active
10119,Ajay Verma,employee10119@company.com,Customer Support,Operations Analyst,Hyderabad,Full-Time,B.Com,2025-11-22,115068,35,9.1,84.8,97,3,5,Excellent,51.02,37,6,Not Promoted,Active
10120,Nisha Kumar,employee10120@company.com,Sales,HR Executive,Mumbai,Contract,B.Tech,2024-11-24,128471,28,13.9,83.23,44,14,4,Good,54.14,6,20,Not Promoted,Active
10121,Anjali Das,employee10121@company.com,Customer Support,Software Engineer,Chennai,Full-Time,MCA,2019-06-02,93714,38,15.6,93.35,25,8,4,Good,108.16,4,29,Not Promoted,Active
10122,Nisha Nair,employee10122@company.com,Marketing,Project Manager,Pune,Full-Time,M.Com,2022-01-24,48815,30,6.7,82.4,58,11,5,Excellent,92.92,32,12,Not Promoted,Active
10123,Ajay Pillai,employee10123@company.com,Marketing,Data Analyst,Mumbai,Full-Time,BBA,2018-11-01,110244,28,8.4,79.57,5,11,3,Average,101.87,25,17,Not Promoted,Active
10124,Sneha Das,employee10124@company.com,Marketing,Marketing Executive,Chennai,Full-Time,M.Com,2019-10-17,116674,55,8.7,72.69,42,15,2,Needs Improvement,108.13,20,1,Not Promoted,Active
10125,Ajay Mishra,employee10125@company.com,HR,Operations Analyst,Coimbatore,Full-Time,B.Tech,2023-06-01,108464,40,6.2,71.4,93,7,3,Average,69.58,33,2,Not Promoted,Active
10126,Suresh Gupta,employee10126@company.com,Marketing,Software Engineer,Bangalore,Full-Time,MCA,2018-06-30,112771,32,13.5,83.17,51,7,3,Average,89.71,25,5,Not Promoted,Active
10127,Aakash Joshi,employee10127@company.com,Finance,Software Engineer,Mumbai,Full-Time,M.Com,2018-01-30,134725,23,9.6,80.41,61,4,4,Good,56.96,9,27,Promoted,Active
10128,Karthik Kumar,employee10128@company.com,Sales,Financial Analyst,Bangalore,Full-Time,B.E,2020-02-04,50101,40,16.5,86.66,95,15,5,Excellent,80.86,1,12,Not Promoted,Active
10129,Divya Joshi,employee10129@company.com,Marketing,Operations Analyst,Bangalore,Full-Time,B.E,2018-02-09,120126,32,11.9,91.36,16,5,1,Needs Improvement,58.64,19,19,Not Promoted,Inactive
10130,Karthik Iyer,employee10130@company.com,HR,Support Associate,Delhi,Full-Time,M.Com,2024-02-13,129476,44,4.2,71.2,76,14,4,Good,55.43,13,30,Not Promoted,Active
10131,Dinesh Iyer,employee10131@company.com,Sales,Project Manager,Chennai,Full-Time,BBA,2024-06-24,111553,36,3.4,84.89,45,0,3,Average,51.4,6,27,Not Promoted,Active
10132,Priya Reddy,employee10132@company.com,Marketing,Data Analyst,Hyderabad,Full-Time,MBA,2025-08-11,100477,30,7.0,95.86,40,0,3,Average,82.68,9,30,Not Promoted,Active
10133,Rahul Pillai,employee10133@company.com,IT,Software Engineer,Pune,Full-Time,B.Tech,2020-06-10,145974,39,6.6,83.65,12,14,2,Needs Improvement,106.74,30,28,Not Promoted,Active
10134,Rahul Verma,employee10134@company.com,Engineering,Financial Analyst,Coimbatore,Part-Time,M.Com,2024-06-29,50416,34,7.6,85.64,5,8,3,Average,52.94,7,8,Not Promoted,Active
10135,Anjali Rao,employee10135@company.com,Marketing,Financial Analyst,Chennai,Part-Time,B.Tech,2023-04-11,109185,34,3.7,84.6,85,11,5,Excellent,77.65,0,2,Not Promoted,Active
10136,Nisha Rao,employee10136@company.com,Operations,HR Executive,Delhi,Full-Time,M.Sc,2020-07-31,136184,42,17.6,81.69,96,3,3,Average,89.66,28,21,Not Promoted,Active
10137,Manoj Menon,employee10137@company.com,Customer Support,Operations Analyst,Delhi,Full-Time,M.Sc,2020-12-02,99440,24,3.0,73.3,32,2,4,Good,77.23,30,30,Not Promoted,Active
10138,Suresh Iyer,employee10138@company.com,Finance,Software Engineer,Coimbatore,Full-Time,MCA,2025-05-27,66026,54,11.9,73.79,3,4,4,Good,104.27,7,14,Not Promoted,Active
10139,Sneha Reddy,employee10139@company.com,Sales,Data Analyst,Mumbai,Full-Time,M.Sc,2024-01-31,50336,38,0.7,75.37,77,13,3,Average,55.81,15,3,Not Promoted,Active
10140,Arun Nair,employee10140@company.com,Finance,Support Associate,Pune,Contract,M.Sc,2022-11-18,145975,54,7.6,93.78,49,14,5,Excellent,46.57,18,16,Promoted,Inactive
10141,Divya Das,employee10141@company.com,IT,Senior Software Engineer,Delhi,Full-Time,M.Com,2019-11-16,30260,38,5.9,78.26,47,8,5,Excellent,69.9,25,16,Promoted,Active
10142,Karthik Patel,employee10142@company.com,IT,Senior Software Engineer,Hyderabad,Full-Time,B.E,2020-11-30,38657,51,7.2,98.44,98,8,3,Average,81.11,9,12,Promoted,Active
10143,Suresh Menon,employee10143@company.com,Operations,Support Associate,Chennai,Full-Time,BBA,2024-09-22,148344,40,9.2,94.31,26,2,3,Average,61.54,17,26,Not Promoted,Active
10144,Pooja Iyer,employee10144@company.com,Finance,Software Engineer,Hyderabad,Full-Time,MCA,2022-05-05,127495,30,11.0,90.54,5,11,3,Average,55.95,1,30,Promoted,Active
10145,Pooja Reddy,employee10145@company.com,Sales,Operations Analyst,Mumbai,Full-Time,M.Sc,2021-09-08,54079,23,10.7,91.61,57,6,3,Average,97.31,36,28,Not Promoted,Active
10146,Swetha Iyer,employee10146@company.com,IT,Data Analyst,Chennai,Contract,MBA,2024-02-06,101917,41,11.5,71.43,62,14,1,Needs Improvement,57.26,28,10,Not Promoted,Active
10147,Swetha Rao,employee10147@company.com,Engineering,HR Executive,Mumbai,Full-Time,B.Tech,2025-12-11,106592,30,15.3,87.05,0,2,4,Good,73.77,1,28,Promoted,Active
10148,Aakash Iyer,employee10148@company.com,IT,Operations Analyst,Pune,Full-Time,BBA,2021-03-28,46283,27,16.0,98.23,27,14,4,Good,107.04,2,7,Not Promoted,Active
10149,Sneha Mishra,employee10149@company.com,Marketing,Marketing Executive,Pune,Full-Time,BBA,2018-02-06,26467,42,13.4,71.17,28,2,2,Needs Improvement,84.83,23,2,Not Promoted,Active
10150,Rohan Das,employee10150@company.com,Operations,Operations Analyst,Hyderabad,Full-Time,BBA,2024-09-19,111772,43,1.9,78.73,95,3,3,Average,77.35,8,17,Promoted,Active
10151,Sneha Gupta,employee10151@company.com,Customer Support,Operations Analyst,Hyderabad,Full-Time,MBA,2019-06-23,31101,32,17.3,71.55,27,1,5,Excellent,68.42,13,0,Promoted,Active
10152,Aakash Sharma,employee10152@company.com,HR,Project Manager,Pune,Full-Time,M.Sc,2024-08-20,98083,33,17.1,87.09,90,15,3,Average,78.83,10,7,Not Promoted,Inactive
10153,Sneha Reddy,employee10153@company.com,Customer Support,Software Engineer,Bangalore,Full-Time,B.E,2023-04-06,27760,33,13.0,73.49,73,5,2,Needs Improvement,92.73,23,29,Not Promoted,Active
10154,Priya Gupta,employee10154@company.com,Engineering,HR Executive,Pune,Full-Time,M.Sc,2024-04-22,129725,53,9.6,84.38,81,15,3,Average,98.46,13,8,Not Promoted,Active
10155,Rohan Menon,employee10155@company.com,Customer Support,Project Manager,Coimbatore,Full-Time,BBA,2024-05-14,37648,51,4.9,91.6,67,14,5,Excellent,87.24,17,16,Not Promoted,Active
10156,Priya Pillai,employee10156@company.com,Engineering,Software Engineer,Chennai,Full-Time,B.Com,2018-09-06,59161,48,13.7,74.93,40,4,3,Average,96.37,35,7,Not Promoted,Active
10157,Rahul Gupta,employee10157@company.com,IT,Sales Executive,Coimbatore,Full-Time,B.Com,2019-11-24,126997,39,15.9,92.66,54,9,4,Good,50.75,12,10,Not Promoted,Active
10158,Manoj Singh,employee10158@company.com,Sales,HR Executive,Mumbai,Contract,B.Tech,2020-11-06,135803,41,12.1,71.81,31,9,4,Good,45.93,33,0,Not Promoted,Active
10159,Divya Mishra,employee10159@company.com,Sales,Software Engineer,Pune,Full-Time,MCA,2021-10-23,112298,52,11.5,74.49,68,12,3,Average,92.74,18,25,Not Promoted,Active
10160,Nisha Sharma,employee10160@company.com,Marketing,Senior Software Engineer,Pune,Full-Time,B.E,2023-12-13,43083,46,3.9,78.4,21,1,4,Good,62.01,40,1,Not Promoted,Active
10161,Pooja Joshi,employee10161@company.com,Engineering,Project Manager,Delhi,Contract,M.Sc,2021-08-28,42504,33,6.8,93.88,56,11,3,Average,102.05,10,14,Not Promoted,Inactive
10162,Suresh Joshi,employee10162@company.com,Sales,Sales Executive,Mumbai,Full-Time,B.Tech,2024-03-09,63097,49,13.2,95.5,21,9,4,Good,79.83,25,27,Not Promoted,Active
10163,Dinesh Reddy,employee10163@company.com,Marketing,HR Executive,Delhi,Full-Time,MCA,2024-11-24,75723,27,0.8,76.61,65,15,4,Good,76.1,4,16,Not Promoted,Active
10164,Rahul Rao,employee10164@company.com,IT,Marketing Executive,Mumbai,Full-Time,B.Tech,2025-08-28,103601,46,11.7,72.87,40,14,4,Good,95.23,20,28,Not Promoted,Active
10165,Arun Nair,employee10165@company.com,IT,Data Analyst,Coimbatore,Full-Time,B.Tech,2021-12-09,73739,26,13.9,95.44,42,1,2,Needs Improvement,93.17,8,14,Promoted,Active
10166,Kavya Menon,employee10166@company.com,Customer Support,Marketing Executive,Chennai,Full-Time,MBA,2019-05-15,137660,52,6.4,89.48,33,13,4,Good,90.78,11,28,Promoted,Active
10167,Priya Pillai,employee10167@company.com,IT,Senior Software Engineer,Mumbai,Full-Time,M.Com,2020-03-21,107648,43,1.8,74.74,1,1,3,Average,89.84,0,28,Not Promoted,Active
10168,Suresh Iyer,employee10168@company.com,IT,Senior Software Engineer,Hyderabad,Contract,B.E,2022-10-02,36696,31,14.8,86.73,58,3,3,Average,78.5,13,29,Not Promoted,Active
10169,Anjali Rao,employee10169@company.com,Engineering,Support Associate,Pune,Full-Time,MBA,2020-06-07,107535,41,3.0,96.17,35,2,2,Needs Improvement,105.22,25,17,Not Promoted,Active
10170,Kavya Pillai,employee10170@company.com,HR,Support Associate,Mumbai,Full-Time,MCA,2021-04-25,123674,39,7.0,72.09,7,8,4,Good,102.89,6,11,Promoted,Active
10171,Vijay Nair,employee10171@company.com,Operations,Marketing Executive,Chennai,Full-Time,M.Com,2023-04-08,130071,54,12.9,72.51,32,12,4,Good,66.41,15,13,Not Promoted,Active
10172,Sneha Kumar,employee10172@company.com,Customer Support,Project Manager,Mumbai,Full-Time,B.Tech,2023-06-10,112258,55,14.8,78.21,32,4,1,Needs Improvement,97.31,14,11,Not Promoted,Active
10173,Divya Singh,employee10173@company.com,Customer Support,Operations Analyst,Pune,Full-Time,B.Com,2022-01-31,120735,51,15.6,89.57,67,11,4,Good,102.92,3,1,Not Promoted,Active
10174,Anjali Nair,employee10174@company.com,Operations,Software Engineer,Bangalore,Full-Time,M.Sc,2018-06-24,87071,49,9.8,75.34,17,0,3,Average,85.19,29,27,Not Promoted,Active
10175,Rahul Kumar,employee10175@company.com,HR,Data Analyst,Mumbai,Full-Time,MBA,2024-06-22,119968,26,8.8,94.49,63,1,4,Good,81.11,22,20,Not Promoted,Active
10176,Ravi Nair,employee10176@company.com,IT,Sales Executive,Hyderabad,Full-Time,BBA,2020-04-03,79094,51,15.3,92.51,60,14,3,Average,88.67,21,28,Not Promoted,Active
10177,Pooja Mishra,employee10177@company.com,Sales,Data Analyst,Pune,Full-Time,B.E,2025-12-27,99675,52,10.4,86.83,82,6,4,Good,55.6,14,25,Not Promoted,Active
10178,Pooja Das,employee10178@company.com,Marketing,Senior Software Engineer,Chennai,Part-Time,B.E,2020-07-19,75271,40,10.6,73.48,9,7,3,Average,50.68,16,28,Not Promoted,Active
10179,Ajay Patel,employee10179@company.com,Customer Support,Support Associate,Coimbatore,Full-Time,M.Com,2023-07-08,67415,42,8.1,99.65,49,5,5,Excellent,98.31,1,15,Not Promoted,Active
10180,Meena Sharma,employee10180@company.com,Operations,Operations Analyst,Coimbatore,Contract,MBA,2018-09-26,113251,23,7.0,84.7,93,12,2,Needs Improvement,82.27,7,18,Not Promoted,Active
10181,Kavya Joshi,employee10181@company.com,Finance,Financial Analyst,Pune,Full-Time,B.Tech,2022-12-23,52124,28,8.9,83.56,21,6,3,Average,52.96,5,30,Not Promoted,Active
10182,Ajay Gupta,employee10182@company.com,Marketing,HR Executive,Delhi,Full-Time,BBA,2024-11-22,48403,39,6.9,99.87,38,1,2,Needs Improvement,72.06,38,28,Promoted,Active
10183,Pooja Verma,employee10183@company.com,Finance,Financial Analyst,Bangalore,Full-Time,M.Com,2018-08-12,27422,51,6.5,95.92,64,13,5,Excellent,64.39,27,0,Not Promoted,Active
10184,Pooja Menon,employee10184@company.com,Finance,Financial Analyst,Chennai,Contract,MCA,2021-06-29,130894,52,17.9,83.69,29,15,5,Excellent,101.91,4,25,Not Promoted,Active
10185,Sneha Pillai,employee10185@company.com,Engineering,Project Manager,Bangalore,Full-Time,B.E,2025-11-17,38455,35,6.4,82.56,4,11,3,Average,77.97,20,1,Not Promoted,Active
10186,Aakash Pillai,employee10186@company.com,Customer Support,Project Manager,Coimbatore,Full-Time,BBA,2021-02-21,53187,51,5.0,72.88,25,5,4,Good,82.54,19,11,Not Promoted,Active
10187,Sneha Patel,employee10187@company.com,IT,Support Associate,Bangalore,Full-Time,MCA,2018-08-26,117658,23,6.7,97.8,62,11,4,Good,60.29,33,3,Not Promoted,Active
10188,Kavya Iyer,employee10188@company.com,Engineering,Financial Analyst,Hyderabad,Full-Time,BBA,2023-10-24,72109,52,10.8,95.31,45,5,4,Good,96.94,6,6,Promoted,Active
10189,Rohan Gupta,employee10189@company.com,Finance,Sales Executive,Coimbatore,Full-Time,MBA,2019-05-15,100068,30,16.4,79.3,30,3,4,Good,105.46,29,27,Not Promoted,Inactive
10190,Rohan Nair,employee10190@company.com,IT,Senior Software Engineer,Mumbai,Full-Time,B.Com,2022-03-26,38541,48,14.3,92.6,40,10,3,Average,96.51,29,16,Not Promoted,Active
10191,Kavya Joshi,employee10191@company.com,HR,Financial Analyst,Hyderabad,Part-Time,BBA,2018-09-25,40481,47,15.2,92.88,11,3,2,Needs Improvement,77.04,14,4,Not Promoted,Active
10192,Sneha Mishra,employee10192@company.com,Sales,Operations Analyst,Hyderabad,Full-Time,BBA,2022-02-19,67478,51,15.5,76.84,16,1,5,Excellent,99.28,26,1,Not Promoted,Active
10193,Aakash Mishra,employee10193@company.com,Finance,HR Executive,Delhi,Full-Time,MCA,2020-09-13,63593,54,16.6,88.41,17,2,5,Excellent,57.22,8,12,Not Promoted,Active
10194,Dinesh Mishra,employee10194@company.com,Customer Support,Software Engineer,Hyderabad,Full-Time,M.Sc,2022-06-12,97296,25,4.6,77.65,65,9,4,Good,52.37,26,27,Not Promoted,Active
10195,Ajay Reddy,employee10195@company.com,Sales,Support Associate,Chennai,Full-Time,B.Tech,2019-12-24,67919,31,8.5,93.7,87,5,3,Average,73.48,1,7,Promoted,Active
10196,Pooja Kumar,employee10196@company.com,IT,Support Associate,Mumbai,Full-Time,M.Sc,2020-12-31,66670,27,7.2,74.61,91,3,3,Average,56.8,35,17,Not Promoted,Active
10197,Rohan Reddy,employee10197@company.com,Finance,Marketing Executive,Mumbai,Full-Time,B.E,2018-07-09,45954,28,7.2,90.07,38,2,4,Good,61.85,26,3,Not Promoted,Active
10198,Nisha Patel,employee10198@company.com,Marketing,Operations Analyst,Coimbatore,Full-Time,M.Sc,2020-09-22,58341,37,11.9,79.78,73,13,5,Excellent,83.03,39,5,Promoted,Active
10199,Nisha Sharma,employee10199@company.com,Engineering,Project Manager,Chennai,Contract,MBA,2022-05-05,52419,34,7.5,71.09,32,0,5,Excellent,71.25,24,8,Not Promoted,Active
10200,Manoj Pillai,employee10200@company.com,Customer Support,Senior Software Engineer,Hyderabad,Full-Time,BBA,2019-07-20,74659,44,11.3,73.71,87,11,4,Good,101.28,35,9,Promoted,Active
10201,Sneha Singh,employee10201@company.com,HR,Sales Executive,Hyderabad,Full-Time,B.Com,2020-09-19,113655,50,7.2,89.65,74,14,4,Good,59.66,39,3,Promoted,Active
10202,Dinesh Singh,employee10202@company.com,Operations,Operations Analyst,Bangalore,Full-Time,B.E,2025-08-15,27222,35,5.9,77.2,7,10,2,Needs Improvement,109.79,6,3,Promoted,Active
10203,Swetha Verma,employee10203@company.com,HR,Data Analyst,Coimbatore,Full-Time,B.Com,2018-06-05,81840,24,6.7,88.93,90,13,3,Average,68.36,12,6,Promoted,Active
10204,Aakash Nair,employee10204@company.com,Engineering,Software Engineer,Coimbatore,Full-Time,B.E,2023-03-11,119899,33,14.6,82.44,25,10,5,Excellent,78.5,36,13,Not Promoted,Active
10205,Aakash Reddy,employee10205@company.com,Finance,HR Executive,Bangalore,Full-Time,M.Com,2022-05-06,140982,25,11.0,90.78,75,10,4,Good,53.6,19,11,Not Promoted,Active
10206,Sneha Menon,employee10206@company.com,Engineering,Marketing Executive,Delhi,Part-Time,M.Sc,2022-11-12,51273,51,17.5,84.79,34,12,1,Needs Improvement,82.65,21,14,Promoted,Active
10207,Rahul Sharma,employee10207@company.com,Customer Support,Operations Analyst,Pune,Full-Time,M.Com,2023-02-09,91323,32,15.1,79.26,56,2,2,Needs Improvement,107.48,17,16,Not Promoted,Active
10208,Karthik Nair,employee10208@company.com,HR,Marketing Executive,Bangalore,Full-Time,M.Com,2019-11-04,118901,50,9.0,74.37,78,0,4,Good,93.71,10,20,Promoted,Active
10209,Suresh Rao,employee10209@company.com,Operations,Software Engineer,Mumbai,Full-Time,MBA,2022-07-23,127971,30,4.7,80.23,20,3,1,Needs Improvement,60.86,5,20,Promoted,Active
10210,Divya Verma,employee10210@company.com,Marketing,Financial Analyst,Chennai,Full-Time,BBA,2021-01-13,141921,50,12.3,89.05,36,11,3,Average,73.77,3,12,Not Promoted,Active
10211,Anjali Reddy,employee10211@company.com,Sales,Marketing Executive,Hyderabad,Full-Time,M.Com,2023-10-18,50162,46,13.2,92.21,93,3,4,Good,72.65,2,0,Not Promoted,Active
10212,Suresh Rao,employee10212@company.com,Engineering,Support Associate,Pune,Part-Time,MBA,2024-08-17,101893,26,8.6,74.81,4,10,4,Good,51.37,5,21,Not Promoted,Active
10213,Vijay Menon,employee10213@company.com,Marketing,Project Manager,Bangalore,Full-Time,B.Tech,2018-02-24,77802,47,4.5,89.93,16,11,4,Good,102.58,14,12,Not Promoted,Active
10214,Swetha Reddy,employee10214@company.com,HR,Financial Analyst,Coimbatore,Full-Time,M.Com,2018-03-26,70569,40,10.3,75.38,89,0,3,Average,69.79,2,15,Not Promoted,Active
10215,Ravi Kumar,employee10215@company.com,Operations,Operations Analyst,Pune,Full-Time,MBA,2023-02-24,142937,48,4.9,76.65,97,14,4,Good,77.13,16,12,Not Promoted,Active
10216,Kavya Nair,employee10216@company.com,Sales,HR Executive,Chennai,Full-Time,BBA,2025-11-28,52277,40,16.9,85.94,96,6,3,Average,63.93,29,8,Promoted,Active
10217,Manoj Reddy,employee10217@company.com,Customer Support,Support Associate,Chennai,Full-Time,B.E,2019-08-15,129375,32,11.5,78.68,81,4,3,Average,54.91,21,22,Promoted,Active
10218,Kavya Gupta,employee10218@company.com,Operations,Software Engineer,Coimbatore,Full-Time,MBA,2025-08-11,74116,41,5.6,89.85,24,0,4,Good,103.64,1,17,Promoted,Active
10219,Kavya Reddy,employee10219@company.com,Marketing,Financial Analyst,Pune,Full-Time,MCA,2023-05-14,110956,50,4.3,98.67,60,4,4,Good,47.43,15,15,Promoted,Active
10220,Dinesh Verma,employee10220@company.com,IT,Support Associate,Pune,Full-Time,MBA,2025-04-23,82899,30,13.0,74.47,93,11,4,Good,70.99,21,19,Not Promoted,Active
10221,Ravi Iyer,employee10221@company.com,IT,Project Manager,Delhi,Full-Time,M.Sc,2020-10-05,125013,25,12.9,87.12,36,6,4,Good,92.5,10,11,Promoted,Active
10222,Meena Mishra,employee10222@company.com,Sales,Financial Analyst,Pune,Full-Time,MCA,2024-06-22,74029,28,10.9,97.7,83,5,4,Good,65.08,35,7,Not Promoted,Active
10223,Swetha Singh,employee10223@company.com,Engineering,Senior Software Engineer,Hyderabad,Full-Time,B.E,2025-04-26,37167,50,11.3,75.3,65,9,2,Needs Improvement,73.99,11,0,Not Promoted,Active
10224,Rohan Kumar,employee10224@company.com,Sales,Senior Software Engineer,Mumbai,Full-Time,BBA,2018-09-09,70350,37,11.1,81.01,12,14,3,Average,81.69,39,12,Not Promoted,Active
10225,Nisha Pillai,employee10225@company.com,Sales,Financial Analyst,Bangalore,Full-Time,M.Sc,2024-01-09,40590,23,6.8,73.71,39,14,3,Average,109.68,34,21,Promoted,Active
10226,Arun Pillai,employee10226@company.com,IT,Financial Analyst,Coimbatore,Full-Time,MBA,2021-09-21,52883,41,16.9,89.26,41,4,3,Average,94.29,40,18,Not Promoted,Active
10227,Meena Kumar,employee10227@company.com,Marketing,Senior Software Engineer,Bangalore,Contract,M.Sc,2020-06-28,112132,36,8.9,90.07,83,7,5,Excellent,107.86,14,12,Not Promoted,Active
10228,Sneha Rao,employee10228@company.com,Engineering,Operations Analyst,Bangalore,Contract,BBA,2022-11-22,92046,52,0.9,89.93,69,8,3,Average,90.05,20,2,Not Promoted,Active
10229,Aakash Rao,employee10229@company.com,Sales,Marketing Executive,Pune,Part-Time,B.E,2025-12-23,121299,47,6.6,86.26,74,0,5,Excellent,62.49,3,27,Not Promoted,Active
10230,Vijay Gupta,employee10230@company.com,IT,HR Executive,Coimbatore,Full-Time,M.Sc,2019-08-23,84930,26,2.8,92.39,24,5,4,Good,63.69,6,29,Not Promoted,Active
10231,Arun Nair,employee10231@company.com,Sales,Support Associate,Pune,Full-Time,MCA,2020-10-03,112823,36,6.9,71.08,41,15,4,Good,98.46,28,0,Not Promoted,Active
10232,Ajay Das,employee10232@company.com,Sales,Support Associate,Delhi,Part-Time,B.Com,2021-01-28,69506,23,11.1,98.73,9,14,4,Good,72.8,40,13,Not Promoted,Active
10233,Manoj Nair,employee10233@company.com,Engineering,Software Engineer,Pune,Full-Time,M.Com,2021-02-17,39374,40,0.9,76.66,94,14,4,Good,69.06,5,23,Not Promoted,Active
10234,Dinesh Singh,employee10234@company.com,Engineering,HR Executive,Delhi,Full-Time,MCA,2018-10-30,49551,27,15.7,73.65,42,1,3,Average,106.43,38,20,Not Promoted,Active
10235,Vijay Iyer,employee10235@company.com,Operations,Sales Executive,Delhi,Contract,BBA,2022-10-06,114472,31,11.2,98.23,67,12,3,Average,45.86,16,0,Promoted,Active
10236,Karthik Das,employee10236@company.com,Sales,Senior Software Engineer,Hyderabad,Full-Time,B.Tech,2021-05-09,119188,49,5.7,94.91,88,7,4,Good,79.12,35,28,Not Promoted,Active
10237,Rohan Mishra,employee10237@company.com,IT,Sales Executive,Hyderabad,Full-Time,MBA,2020-10-23,126810,23,5.9,92.95,27,4,3,Average,95.38,1,4,Not Promoted,Active
10238,Vijay Gupta,employee10238@company.com,Marketing,Project Manager,Hyderabad,Full-Time,M.Sc,2019-02-04,145766,41,8.6,73.14,23,15,1,Needs Improvement,92.85,16,29,Not Promoted,Active
10239,Swetha Kumar,employee10239@company.com,IT,HR Executive,Hyderabad,Full-Time,B.E,2018-03-09,80584,52,4.8,94.23,98,0,4,Good,68.89,28,4,Not Promoted,Active
10240,Arun Verma,employee10240@company.com,IT,Data Analyst,Chennai,Full-Time,M.Com,2018-06-03,94169,50,0.6,88.27,40,15,3,Average,79.82,26,10,Promoted,Active
10241,Priya Rao,employee10241@company.com,Sales,Software Engineer,Hyderabad,Full-Time,BBA,2020-10-11,117518,31,1.0,91.96,60,4,5,Excellent,45.36,6,24,Promoted,Active
10242,Priya Gupta,employee10242@company.com,Operations,Financial Analyst,Hyderabad,Full-Time,M.Sc,2022-02-26,42845,37,6.8,99.34,4,9,5,Excellent,79.76,10,27,Promoted,Active
10243,Ravi Patel,employee10243@company.com,Finance,Project Manager,Hyderabad,Full-Time,MBA,2018-07-01,112834,45,2.7,75.83,96,15,5,Excellent,83.38,25,25,Not Promoted,Active
10244,Nisha Iyer,employee10244@company.com,Customer Support,Marketing Executive,Delhi,Full-Time,M.Com,2019-06-09,31352,45,0.9,85.13,10,12,3,Average,101.86,38,18,Not Promoted,Active
10245,Nisha Nair,employee10245@company.com,Finance,Data Analyst,Bangalore,Full-Time,B.Com,2024-02-15,125475,29,15.5,92.6,7,15,1,Needs Improvement,58.7,31,11,Promoted,Active
10246,Dinesh Singh,employee10246@company.com,Finance,HR Executive,Coimbatore,Full-Time,MBA,2018-01-20,136566,49,5.3,83.01,20,4,5,Excellent,98.63,22,24,Not Promoted,Active
10247,Aakash Verma,employee10247@company.com,IT,HR Executive,Bangalore,Full-Time,M.Sc,2020-04-30,88317,35,9.3,71.64,95,1,3,Average,91.67,39,7,Not Promoted,Active
10248,Rahul Reddy,employee10248@company.com,Sales,Sales Executive,Bangalore,Full-Time,B.E,2023-08-20,82080,39,3.6,73.34,63,3,5,Excellent,88.29,6,9,Promoted,Active
10249,Ajay Nair,employee10249@company.com,Engineering,Operations Analyst,Mumbai,Full-Time,B.Com,2025-07-10,33594,35,1.3,88.06,4,12,5,Excellent,70.64,0,17,Not Promoted,Active
10250,Vijay Patel,employee10250@company.com,Customer Support,Sales Executive,Chennai,Part-Time,MBA,2023-02-24,33475,55,13.5,78.55,33,5,4,Good,68.88,24,8,Not Promoted,Active
10251,Nisha Kumar,employee10251@company.com,Finance,Support Associate,Delhi,Full-Time,M.Com,2019-10-17,146494,33,2.7,74.14,8,0,3,Average,90.71,30,10,Not Promoted,Active
10252,Divya Kumar,employee10252@company.com,HR,Sales Executive,Pune,Full-Time,M.Sc,2021-08-19,113035,36,1.0,80.2,37,10,3,Average,109.36,5,29,Not Promoted,Active
10253,Rahul Patel,employee10253@company.com,HR,Operations Analyst,Delhi,Full-Time,B.Com,2024-04-07,131736,23,10.8,76.03,42,8,4,Good,71.35,27,29,Not Promoted,Active
10254,Swetha Das,employee10254@company.com,HR,Marketing Executive,Hyderabad,Full-Time,B.E,2024-01-09,119374,51,0.7,70.72,95,6,3,Average,104.71,30,30,Not Promoted,Active
10255,Anjali Iyer,employee10255@company.com,Marketing,Project Manager,Bangalore,Contract,MBA,2025-10-02,120983,21,8.1,74.55,9,5,3,Average,83.13,35,4,Not Promoted,Active
10256,Suresh Rao,employee10256@company.com,Sales,Senior Software Engineer,Delhi,Contract,M.Com,2024-02-14,62424,55,5.6,96.49,11,0,4,Good,101.43,15,23,Not Promoted,Active
10257,Dinesh Gupta,employee10257@company.com,IT,HR Executive,Chennai,Full-Time,M.Sc,2024-11-16,90210,36,6.1,70.36,98,7,5,Excellent,59.12,14,12,Not Promoted,Active
10258,Kavya Menon,employee10258@company.com,IT,Financial Analyst,Hyderabad,Full-Time,M.Com,2019-12-23,100923,21,0.6,93.22,17,7,4,Good,94.55,21,12,Promoted,Active
10259,Pooja Sharma,employee10259@company.com,Sales,Sales Executive,Mumbai,Full-Time,BBA,2025-07-16,132196,34,17.4,92.6,86,3,4,Good,99.27,17,23,Not Promoted,Active
10260,Sneha Patel,employee10260@company.com,Operations,Data Analyst,Pune,Full-Time,MCA,2021-04-15,27670,27,9.5,86.93,11,3,2,Needs Improvement,99.09,7,3,Not Promoted,Active
10261,Kavya Reddy,employee10261@company.com,Engineering,Marketing Executive,Hyderabad,Full-Time,B.Com,2020-05-30,84263,43,10.5,76.25,30,0,4,Good,96.01,9,16,Not Promoted,Active
10262,Anjali Sharma,employee10262@company.com,Customer Support,Software Engineer,Coimbatore,Full-Time,M.Sc,2024-09-28,94896,55,12.2,96.34,10,12,5,Excellent,64.77,36,26,Promoted,Active
10263,Anjali Kumar,employee10263@company.com,Operations,HR Executive,Pune,Full-Time,MBA,2019-08-01,60316,49,14.5,84.25,97,14,2,Needs Improvement,78.93,38,13,Promoted,Active
10264,Anjali Singh,employee10264@company.com,Engineering,Operations Analyst,Delhi,Full-Time,MCA,2018-11-06,43710,42,11.1,75.2,26,8,4,Good,64.48,5,8,Promoted,Active
10265,Ravi Verma,employee10265@company.com,Marketing,Support Associate,Hyderabad,Full-Time,M.Com,2020-10-22,142484,36,13.8,82.87,20,13,5,Excellent,67.29,9,21,Not Promoted,Active
10266,Sneha Iyer,employee10266@company.com,Sales,Operations Analyst,Mumbai,Full-Time,B.Com,2018-11-13,64814,49,8.4,75.85,73,7,4,Good,64.58,38,1,Not Promoted,Active
10267,Karthik Pillai,employee10267@company.com,Operations,Sales Executive,Delhi,Full-Time,B.Tech,2022-12-12,125510,26,7.0,81.28,12,12,4,Good,63.47,6,3,Not Promoted,Active
10268,Aakash Singh,employee10268@company.com,Customer Support,Project Manager,Chennai,Full-Time,M.Sc,2022-03-13,30179,38,14.9,84.9,44,9,4,Good,90.07,34,10,Not Promoted,Active
10269,Divya Singh,employee10269@company.com,Marketing,Support Associate,Pune,Contract,M.Com,2020-10-16,86938,49,15.6,80.8,46,6,3,Average,87.27,27,9,Not Promoted,Active
10270,Swetha Das,employee10270@company.com,Finance,Data Analyst,Pune,Full-Time,B.Com,2019-01-03,106212,45,2.9,89.71,24,1,3,Average,58.28,24,4,Not Promoted,Active
10271,Manoj Reddy,employee10271@company.com,Finance,Operations Analyst,Chennai,Full-Time,B.Tech,2019-07-09,141298,22,10.0,98.08,76,6,4,Good,89.95,27,15,Not Promoted,Active
10272,Rohan Rao,employee10272@company.com,Marketing,Data Analyst,Coimbatore,Contract,M.Sc,2025-04-06,50063,52,12.5,80.44,63,3,4,Good,63.92,8,5,Not Promoted,Active
10273,Swetha Joshi,employee10273@company.com,Engineering,Software Engineer,Pune,Part-Time,B.Com,2021-06-03,74616,52,2.0,80.67,69,2,5,Excellent,58.11,4,4,Not Promoted,Active
10274,Rohan Kumar,employee10274@company.com,Sales,Data Analyst,Delhi,Full-Time,M.Com,2019-04-25,78475,40,16.8,92.15,98,10,5,Excellent,93.57,15,12,Not Promoted,Inactive
10275,Meena Patel,employee10275@company.com,Finance,HR Executive,Bangalore,Full-Time,B.Tech,2022-12-27,83009,53,9.6,85.92,27,13,4,Good,68.59,28,8,Not Promoted,Active
10276,Kavya Kumar,employee10276@company.com,Sales,Marketing Executive,Coimbatore,Full-Time,BBA,2020-07-28,96011,25,11.8,82.87,19,11,4,Good,82.01,22,9,Not Promoted,Inactive
10277,Pooja Joshi,employee10277@company.com,Operations,Support Associate,Chennai,Full-Time,M.Sc,2018-01-14,34681,26,3.6,94.41,83,9,4,Good,58.01,17,26,Not Promoted,Active
10278,Divya Mishra,employee10278@company.com,Finance,HR Executive,Mumbai,Contract,B.Com,2023-09-07,97501,42,5.1,96.73,40,3,4,Good,84.89,25,1,Not Promoted,Active
10279,Priya Iyer,employee10279@company.com,Customer Support,Financial Analyst,Coimbatore,Full-Time,MBA,2018-05-22,58566,41,2.6,87.72,3,9,4,Good,58.52,4,14,Not Promoted,Active
10280,Swetha Verma,employee10280@company.com,Customer Support,Operations Analyst,Hyderabad,Full-Time,B.Tech,2019-08-13,142488,39,5.1,75.55,83,12,4,Good,55.85,7,26,Not Promoted,Active
10281,Aakash Singh,employee10281@company.com,Operations,Operations Analyst,Hyderabad,Full-Time,B.Com,2022-11-18,52874,35,9.1,83.99,68,5,5,Excellent,70.12,39,11,Not Promoted,Active
10282,Arun Reddy,employee10282@company.com,Customer Support,Financial Analyst,Chennai,Full-Time,MBA,2019-04-18,77392,54,15.1,85.13,85,6,3,Average,96.35,18,11,Not Promoted,Active
10283,Kavya Verma,employee10283@company.com,Sales,Data Analyst,Bangalore,Full-Time,BBA,2022-03-28,61123,27,9.8,82.97,23,1,3,Average,56.47,36,2,Not Promoted,Active
10284,Arun Rao,employee10284@company.com,Engineering,HR Executive,Delhi,Full-Time,B.Tech,2021-04-22,110849,37,4.8,77.87,16,6,2,Needs Improvement,52.61,27,25,Not Promoted,Inactive
10285,Pooja Menon,employee10285@company.com,Sales,Support Associate,Mumbai,Full-Time,B.Com,2018-11-13,70317,25,1.3,84.17,4,9,4,Good,47.06,3,14,Not Promoted,Active
10286,Anjali Joshi,employee10286@company.com,Engineering,Support Associate,Hyderabad,Full-Time,M.Com,2021-10-16,86217,22,11.4,83.4,56,1,1,Needs Improvement,72.04,19,26,Not Promoted,Active
10287,Rohan Pillai,employee10287@company.com,Customer Support,Financial Analyst,Hyderabad,Full-Time,B.Tech,2019-03-21,91395,47,7.9,76.28,25,10,3,Average,63.33,21,18,Not Promoted,Active
10288,Rohan Menon,employee10288@company.com,HR,Operations Analyst,Delhi,Full-Time,B.Tech,2024-06-01,49939,44,17.7,97.1,99,15,4,Good,63.99,11,12,Not Promoted,Active
10289,Anjali Kumar,employee10289@company.com,Marketing,Financial Analyst,Bangalore,Full-Time,M.Sc,2024-09-17,72102,48,14.1,96.56,71,1,3,Average,108.83,0,2,Promoted,Active
10290,Rohan Joshi,employee10290@company.com,Engineering,Software Engineer,Pune,Full-Time,MBA,2025-08-31,104854,21,14.6,92.79,72,0,4,Good,57.62,7,12,Not Promoted,Active
10291,Ravi Iyer,employee10291@company.com,IT,Software Engineer,Coimbatore,Full-Time,MCA,2023-05-16,65456,41,0.7,82.03,16,12,1,Needs Improvement,74.8,40,30,Promoted,Active
10292,Rahul Nair,employee10292@company.com,Marketing,Software Engineer,Chennai,Full-Time,M.Sc,2024-04-29,35337,48,14.1,81.11,55,14,1,Needs Improvement,109.11,26,21,Not Promoted,Active
10293,Sneha Sharma,employee10293@company.com,Customer Support,Senior Software Engineer,Bangalore,Part-Time,MCA,2020-04-26,87475,23,3.9,91.49,7,10,4,Good,46.99,20,23,Promoted,Active
10294,Vijay Menon,employee10294@company.com,Sales,Marketing Executive,Bangalore,Full-Time,B.Com,2024-08-21,36023,50,10.8,88.24,63,6,3,Average,90.28,32,4,Not Promoted,Active
10295,Divya Menon,employee10295@company.com,Engineering,Project Manager,Bangalore,Contract,M.Com,2019-08-08,103406,21,8.3,88.02,68,0,2,Needs Improvement,69.12,37,10,Not Promoted,Active
10296,Divya Pillai,employee10296@company.com,Sales,Sales Executive,Bangalore,Full-Time,MBA,2020-03-09,128326,38,10.5,73.72,9,2,4,Good,103.9,32,21,Not Promoted,Active
10297,Ravi Mishra,employee10297@company.com,Marketing,Senior Software Engineer,Pune,Full-Time,B.Tech,2019-04-16,130888,53,2.8,88.55,49,10,4,Good,104.28,36,16,Not Promoted,Active
10298,Swetha Patel,employee10298@company.com,Engineering,Support Associate,Delhi,Full-Time,MCA,2020-01-02,85916,35,8.5,97.06,54,7,3,Average,70.17,4,25,Not Promoted,Active
10299,Rohan Reddy,employee10299@company.com,Sales,Data Analyst,Mumbai,Full-Time,MBA,2020-08-29,129706,44,1.1,72.57,13,0,4,Good,59.4,14,18,Not Promoted,Active
10300,Manoj Joshi,employee10300@company.com,Operations,Operations Analyst,Coimbatore,Contract,MBA,2023-09-26,116027,54,1.2,80.18,90,15,2,Needs Improvement,72.82,29,19,Not Promoted,Active
10301,Sneha Nair,employee10301@company.com,Finance,Data Analyst,Bangalore,Full-Time,M.Sc,2023-09-03,72620,46,12.0,85.27,26,15,2,Needs Improvement,107.74,2,26,Promoted,Active
10302,Dinesh Gupta,employee10302@company.com,Sales,Financial Analyst,Coimbatore,Full-Time,MBA,2021-08-06,39274,42,17.2,90.58,4,14,4,Good,63.29,27,22,Promoted,Active
10303,Aakash Sharma,employee10303@company.com,Engineering,Operations Analyst,Bangalore,Full-Time,B.Tech,2025-11-18,108694,36,14.1,72.69,78,11,4,Good,108.79,29,26,Not Promoted,Active
10304,Meena Pillai,employee10304@company.com,Customer Support,Sales Executive,Chennai,Full-Time,M.Sc,2024-09-16,110285,36,8.7,96.18,27,13,4,Good,98.26,35,11,Not Promoted,Active
10305,Ajay Singh,employee10305@company.com,Customer Support,Sales Executive,Hyderabad,Full-Time,B.E,2020-11-13,49398,25,1.5,71.22,4,13,4,Good,62.38,2,28,Not Promoted,Inactive
10306,Vijay Nair,employee10306@company.com,Marketing,HR Executive,Pune,Full-Time,MBA,2020-12-23,106506,26,1.3,95.73,85,5,5,Excellent,96.42,30,4,Not Promoted,Active
10307,Sneha Mishra,employee10307@company.com,Marketing,Data Analyst,Bangalore,Full-Time,B.E,2022-08-11,55135,44,3.3,70.83,11,11,4,Good,48.24,13,16,Promoted,Active
10308,Arun Nair,employee10308@company.com,Marketing,Project Manager,Mumbai,Full-Time,MCA,2022-07-10,98878,50,17.6,74.61,7,1,3,Average,80.62,5,18,Promoted,Active
10309,Aakash Rao,employee10309@company.com,Customer Support,Sales Executive,Mumbai,Full-Time,M.Com,2021-06-16,137096,52,7.5,94.01,58,8,4,Good,68.23,18,10,Not Promoted,Active
10310,Karthik Joshi,employee10310@company.com,HR,Marketing Executive,Mumbai,Full-Time,M.Sc,2018-10-10,130729,39,15.3,95.8,64,1,3,Average,72.75,4,1,Promoted,Active
10311,Rohan Rao,employee10311@company.com,Engineering,HR Executive,Chennai,Full-Time,MCA,2023-11-11,36412,48,12.8,99.47,98,5,3,Average,75.74,25,5,Promoted,Active
10312,Vijay Joshi,employee10312@company.com,Customer Support,Project Manager,Mumbai,Full-Time,M.Sc,2021-10-30,126325,28,11.1,73.47,59,3,2,Needs Improvement,77.68,17,20,Not Promoted,Active
10313,Aakash Nair,employee10313@company.com,Operations,Operations Analyst,Delhi,Full-Time,M.Com,2025-06-26,127541,21,17.1,85.79,79,8,1,Needs Improvement,87.67,36,2,Not Promoted,Active
10314,Rohan Sharma,employee10314@company.com,Customer Support,Data Analyst,Chennai,Full-Time,M.Com,2024-06-15,129698,24,4.5,72.31,54,15,5,Excellent,90.29,35,14,Not Promoted,Active
10315,Suresh Mishra,employee10315@company.com,Operations,Data Analyst,Pune,Full-Time,M.Sc,2022-11-08,40293,42,8.5,74.69,93,0,4,Good,108.42,30,17,Not Promoted,Active
10316,Aakash Rao,employee10316@company.com,Customer Support,Project Manager,Mumbai,Full-Time,MCA,2018-01-07,77969,42,15.6,75.23,42,0,4,Good,94.58,17,16,Not Promoted,Active
10317,Kavya Singh,employee10317@company.com,Customer Support,Project Manager,Hyderabad,Full-Time,B.Com,2020-02-27,38194,50,10.2,71.9,40,15,3,Average,89.71,8,14,Not Promoted,Active
10318,Anjali Pillai,employee10318@company.com,HR,Sales Executive,Bangalore,Contract,BBA,2018-02-12,138283,47,4.8,96.79,9,9,3,Average,70.51,25,1,Not Promoted,Active
10319,Divya Mishra,employee10319@company.com,Operations,Operations Analyst,Pune,Full-Time,B.Tech,2025-08-04,116182,47,4.2,73.79,97,2,2,Needs Improvement,52.66,1,4,Not Promoted,Active
10320,Swetha Joshi,employee10320@company.com,HR,HR Executive,Delhi,Full-Time,B.E,2018-07-20,85787,33,13.7,88.88,74,10,3,Average,48.82,31,4,Not Promoted,Active
10321,Anjali Nair,employee10321@company.com,Operations,Marketing Executive,Hyderabad,Part-Time,B.Com,2025-06-07,119301,47,0.7,88.77,83,5,4,Good,76.05,5,8,Not Promoted,Active
10322,Rahul Iyer,employee10322@company.com,HR,Support Associate,Pune,Contract,B.E,2022-08-16,107680,28,16.5,75.96,6,2,4,Good,88.44,19,5,Not Promoted,Active
10323,Rohan Iyer,employee10323@company.com,HR,Support Associate,Delhi,Full-Time,M.Sc,2019-07-02,62219,32,0.8,99.95,20,6,4,Good,87.26,7,18,Not Promoted,Active
10324,Nisha Rao,employee10324@company.com,Operations,Senior Software Engineer,Mumbai,Full-Time,B.Tech,2018-08-14,127931,44,11.5,80.42,74,8,3,Average,106.94,3,9,Not Promoted,Active
10325,Swetha Pillai,employee10325@company.com,HR,Marketing Executive,Pune,Full-Time,M.Sc,2019-09-25,60507,38,11.1,97.15,100,11,5,Excellent,69.86,24,26,Not Promoted,Active
10326,Rahul Joshi,employee10326@company.com,Customer Support,Operations Analyst,Pune,Full-Time,MBA,2022-03-25,81591,35,10.6,98.45,86,15,4,Good,85.81,30,18,Promoted,Active
10327,Pooja Pillai,employee10327@company.com,Operations,Operations Analyst,Pune,Full-Time,M.Sc,2021-09-20,133513,36,8.8,98.47,43,9,4,Good,102.71,18,18,Not Promoted,Active
10328,Vijay Sharma,employee10328@company.com,HR,HR Executive,Chennai,Full-Time,MCA,2021-04-19,112468,53,15.4,92.59,94,1,4,Good,71.27,6,15,Not Promoted,Active
10329,Karthik Sharma,employee10329@company.com,Customer Support,Data Analyst,Hyderabad,Full-Time,B.Com,2024-02-20,64559,30,12.0,77.61,81,3,3,Average,76.05,36,11,Promoted,Active
10330,Priya Patel,employee10330@company.com,Customer Support,Senior Software Engineer,Coimbatore,Full-Time,M.Sc,2019-06-22,114836,44,14.2,73.62,87,2,3,Average,104.99,29,23,Not Promoted,Active
10331,Suresh Patel,employee10331@company.com,Marketing,HR Executive,Delhi,Full-Time,B.Tech,2019-04-26,113765,39,2.5,87.1,85,5,3,Average,80.77,26,8,Promoted,Inactive
10332,Priya Verma,employee10332@company.com,IT,Senior Software Engineer,Mumbai,Full-Time,MCA,2019-03-06,31867,47,1.4,80.8,36,4,4,Good,96.97,16,2,Not Promoted,Active
10333,Aakash Verma,employee10333@company.com,Operations,Data Analyst,Bangalore,Contract,B.Com,2021-09-12,99644,51,1.0,94.93,43,11,1,Needs Improvement,105.82,31,16,Not Promoted,Active
10334,Ajay Kumar,employee10334@company.com,HR,Financial Analyst,Mumbai,Full-Time,M.Sc,2020-08-02,121319,41,3.1,92.35,64,2,2,Needs Improvement,82.12,18,29,Not Promoted,Active
10335,Anjali Verma,employee10335@company.com,Marketing,Senior Software Engineer,Mumbai,Full-Time,M.Com,2023-04-13,28943,36,12.2,78.29,5,8,2,Needs Improvement,52.1,24,26,Not Promoted,Active
10336,Rahul Singh,employee10336@company.com,IT,HR Executive,Chennai,Contract,M.Sc,2022-12-29,89413,43,9.1,70.51,37,11,2,Needs Improvement,98.41,28,23,Not Promoted,Active
10337,Suresh Nair,employee10337@company.com,Engineering,Financial Analyst,Chennai,Contract,BBA,2025-03-10,40523,34,13.7,77.12,92,7,4,Good,98.16,24,9,Promoted,Active
10338,Kavya Singh,employee10338@company.com,Engineering,Project Manager,Pune,Full-Time,B.Com,2018-04-21,126764,43,3.9,87.01,42,2,4,Good,52.47,31,17,Not Promoted,Inactive
10339,Vijay Patel,employee10339@company.com,HR,Marketing Executive,Mumbai,Contract,MBA,2018-07-31,92028,38,6.9,72.37,56,9,3,Average,80.63,36,6,Promoted,Active
10340,Karthik Rao,employee10340@company.com,Engineering,Sales Executive,Hyderabad,Full-Time,MBA,2022-09-03,61389,32,16.0,89.75,74,4,2,Needs Improvement,76.66,10,6,Promoted,Active
10341,Divya Menon,employee10341@company.com,IT,HR Executive,Chennai,Full-Time,B.E,2020-04-30,33918,31,16.9,90.15,79,4,3,Average,100.07,3,8,Not Promoted,Active
10342,Nisha Patel,employee10342@company.com,Operations,Project Manager,Delhi,Full-Time,BBA,2020-09-13,71610,25,16.6,75.08,69,4,3,Average,62.85,30,15,Not Promoted,Inactive
10343,Vijay Singh,employee10343@company.com,Customer Support,Support Associate,Chennai,Full-Time,B.Com,2020-09-22,70821,41,14.8,87.89,64,7,3,Average,72.71,35,23,Not Promoted,Active
10344,Priya Patel,employee10344@company.com,Customer Support,Support Associate,Hyderabad,Full-Time,M.Sc,2025-03-03,51185,52,12.5,88.21,54,2,3,Average,84.31,3,10,Not Promoted,Active
10345,Sneha Gupta,employee10345@company.com,IT,Operations Analyst,Chennai,Full-Time,M.Com,2023-06-23,46402,49,16.5,84.34,34,2,3,Average,78.62,1,8,Not Promoted,Active
10346,Karthik Das,employee10346@company.com,Engineering,HR Executive,Coimbatore,Full-Time,M.Sc,2023-03-26,147850,27,13.0,98.6,23,7,4,Good,107.08,38,0,Promoted,Active
10347,Ajay Iyer,employee10347@company.com,Customer Support,Software Engineer,Hyderabad,Full-Time,MBA,2019-10-28,119860,47,17.2,73.24,37,8,4,Good,107.44,32,11,Not Promoted,Active
10348,Priya Mishra,employee10348@company.com,Engineering,Sales Executive,Coimbatore,Full-Time,BBA,2018-12-16,54576,26,0.9,82.2,2,4,2,Needs Improvement,50.3,26,2,Not Promoted,Active
10349,Aakash Gupta,employee10349@company.com,Finance,Software Engineer,Coimbatore,Full-Time,B.E,2022-03-18,122296,24,16.6,96.49,50,14,3,Average,64.36,25,19,Not Promoted,Active
10350,Ravi Verma,employee10350@company.com,Sales,Marketing Executive,Bangalore,Full-Time,M.Sc,2025-06-21,48134,55,10.2,81.59,60,9,4,Good,45.49,18,18,Not Promoted,Active
10351,Sneha Pillai,employee10351@company.com,Customer Support,Operations Analyst,Hyderabad,Full-Time,M.Com,2018-09-08,111761,30,2.5,82.74,39,7,4,Good,72.16,40,7,Not Promoted,Active
10352,Manoj Verma,employee10352@company.com,Finance,Sales Executive,Bangalore,Full-Time,M.Com,2022-04-16,99667,50,4.3,90.05,53,13,4,Good,88.04,38,6,Promoted,Active
10353,Vijay Kumar,employee10353@company.com,Operations,Financial Analyst,Delhi,Full-Time,M.Sc,2024-06-24,147156,29,15.4,89.97,65,4,4,Good,75.63,32,4,Not Promoted,Active
10354,Sneha Das,employee10354@company.com,Operations,Senior Software Engineer,Pune,Full-Time,M.Com,2021-04-21,74239,36,9.4,70.69,59,11,3,Average,49.37,37,4,Not Promoted,Inactive
10355,Kavya Patel,employee10355@company.com,IT,Sales Executive,Pune,Full-Time,B.Tech,2024-02-15,55505,24,17.7,83.67,14,3,2,Needs Improvement,57.74,9,19,Not Promoted,Active
10356,Kavya Gupta,employee10356@company.com,Customer Support,Data Analyst,Coimbatore,Part-Time,MBA,2025-08-04,140250,46,2.6,80.01,85,1,4,Good,56.26,0,4,Promoted,Active
10357,Rahul Gupta,employee10357@company.com,Engineering,Financial Analyst,Chennai,Contract,B.Tech,2021-08-12,26268,49,7.7,88.83,45,15,1,Needs Improvement,78.22,34,11,Not Promoted,Active
10358,Nisha Singh,employee10358@company.com,Customer Support,Senior Software Engineer,Hyderabad,Part-Time,B.Tech,2023-04-30,132986,48,6.3,86.67,54,10,4,Good,89.05,10,20,Not Promoted,Active
10359,Rahul Singh,employee10359@company.com,Engineering,Marketing Executive,Chennai,Full-Time,MBA,2018-03-20,96097,31,9.5,89.53,3,13,5,Excellent,65.56,13,19,Not Promoted,Active
10360,Meena Menon,employee10360@company.com,Engineering,Support Associate,Hyderabad,Full-Time,B.Com,2019-06-30,89624,48,11.6,89.61,23,14,4,Good,53.48,5,4,Promoted,Active
10361,Pooja Menon,employee10361@company.com,Customer Support,Senior Software Engineer,Chennai,Full-Time,MCA,2022-02-02,119649,52,12.1,77.65,82,12,3,Average,96.91,38,22,Not Promoted,Active
10362,Priya Patel,employee10362@company.com,Engineering,Data Analyst,Pune,Contract,B.E,2020-07-12,80197,44,0.5,77.39,93,13,4,Good,100.79,39,24,Not Promoted,Active
10363,Aakash Das,employee10363@company.com,Marketing,Operations Analyst,Delhi,Full-Time,BBA,2019-09-11,36271,27,2.1,81.11,85,3,3,Average,62.97,24,6,Promoted,Active
10364,Karthik Singh,employee10364@company.com,HR,Senior Software Engineer,Pune,Full-Time,M.Sc,2018-11-01,149452,38,1.1,77.26,39,1,4,Good,72.35,22,0,Not Promoted,Active
10365,Anjali Nair,employee10365@company.com,Sales,Sales Executive,Chennai,Full-Time,BBA,2024-02-25,127958,23,15.6,90.48,26,6,5,Excellent,50.33,4,24,Not Promoted,Active
10366,Nisha Gupta,employee10366@company.com,Customer Support,Sales Executive,Hyderabad,Full-Time,MCA,2022-05-17,142859,40,6.0,88.09,78,6,3,Average,59.8,25,18,Not Promoted,Active
10367,Nisha Joshi,employee10367@company.com,HR,Operations Analyst,Mumbai,Full-Time,MCA,2025-02-14,32512,54,6.9,76.49,51,8,5,Excellent,94.86,17,1,Not Promoted,Inactive
10368,Nisha Das,employee10368@company.com,Marketing,Sales Executive,Delhi,Full-Time,MCA,2020-11-13,147540,50,8.4,96.52,36,11,5,Excellent,68.74,31,11,Not Promoted,Active
10369,Suresh Kumar,employee10369@company.com,Engineering,Marketing Executive,Hyderabad,Part-Time,MCA,2022-08-26,93336,29,15.4,83.82,0,3,3,Average,84.3,20,9,Not Promoted,Active
10370,Ravi Iyer,employee10370@company.com,Engineering,Data Analyst,Chennai,Full-Time,MBA,2022-01-24,122156,30,0.7,73.81,75,4,2,Needs Improvement,106.5,25,24,Not Promoted,Active
10371,Ajay Verma,employee10371@company.com,Operations,HR Executive,Hyderabad,Full-Time,MCA,2024-02-09,88968,26,2.6,76.39,8,10,2,Needs Improvement,92.04,34,27,Not Promoted,Active
10372,Priya Patel,employee10372@company.com,Sales,HR Executive,Bangalore,Full-Time,B.E,2023-02-12,146534,37,12.5,86.2,82,3,1,Needs Improvement,74.47,9,27,Not Promoted,Active
10373,Karthik Rao,employee10373@company.com,Finance,Support Associate,Hyderabad,Full-Time,M.Sc,2025-04-08,85757,35,17.4,80.15,17,3,2,Needs Improvement,68.85,27,15,Not Promoted,Active
10374,Meena Pillai,employee10374@company.com,Operations,Project Manager,Pune,Full-Time,B.Com,2018-03-24,46422,53,11.7,95.54,38,14,4,Good,57.38,30,10,Promoted,Inactive
10375,Anjali Reddy,employee10375@company.com,Operations,Marketing Executive,Coimbatore,Full-Time,MBA,2018-04-03,132753,33,5.1,84.84,74,4,2,Needs Improvement,94.15,14,17,Not Promoted,Active
10376,Suresh Rao,employee10376@company.com,Engineering,Project Manager,Pune,Full-Time,MCA,2025-04-18,79040,42,9.6,97.46,74,2,3,Average,52.31,39,29,Not Promoted,Inactive
10377,Dinesh Sharma,employee10377@company.com,IT,HR Executive,Bangalore,Full-Time,M.Com,2025-03-05,121381,36,17.6,73.05,29,15,4,Good,48.99,7,30,Not Promoted,Active
10378,Priya Das,employee10378@company.com,Marketing,Senior Software Engineer,Delhi,Full-Time,M.Sc,2025-03-13,119897,54,9.7,90.06,19,13,1,Needs Improvement,51.81,9,25,Promoted,Inactive
10379,Meena Verma,employee10379@company.com,IT,Senior Software Engineer,Hyderabad,Full-Time,MBA,2022-01-07,37764,23,7.0,96.57,14,8,4,Good,60.79,9,28,Promoted,Active
10380,Anjali Verma,employee10380@company.com,IT,Senior Software Engineer,Delhi,Full-Time,B.Com,2023-07-18,46164,28,7.2,78.79,63,13,3,Average,85.76,37,11,Not Promoted,Active
10381,Rahul Iyer,employee10381@company.com,HR,Sales Executive,Mumbai,Part-Time,MCA,2020-02-13,133915,40,17.4,74.07,24,6,2,Needs Improvement,100.99,17,8,Not Promoted,Active
10382,Divya Mishra,employee10382@company.com,Operations,Sales Executive,Hyderabad,Full-Time,B.Tech,2025-12-10,91679,44,13.1,83.7,48,0,4,Good,109.52,27,20,Not Promoted,Active
10383,Dinesh Gupta,employee10383@company.com,Engineering,Software Engineer,Pune,Full-Time,MBA,2021-10-25,54213,38,12.5,98.84,66,0,4,Good,92.55,27,21,Promoted,Active
10384,Rahul Sharma,employee10384@company.com,Marketing,Senior Software Engineer,Coimbatore,Full-Time,M.Sc,2025-05-22,97239,43,4.6,89.0,25,0,5,Excellent,54.49,19,6,Not Promoted,Inactive
10385,Ajay Gupta,employee10385@company.com,IT,Senior Software Engineer,Pune,Full-Time,M.Sc,2020-03-02,119386,21,10.3,89.32,44,2,4,Good,63.05,23,6,Not Promoted,Active
10386,Aakash Nair,employee10386@company.com,Engineering,Financial Analyst,Delhi,Full-Time,M.Com,2019-04-21,134661,22,6.7,90.15,91,8,4,Good,53.58,5,12,Not Promoted,Active
10387,Anjali Kumar,employee10387@company.com,Engineering,Operations Analyst,Chennai,Full-Time,M.Sc,2019-05-19,35806,25,4.7,71.19,5,12,3,Average,52.51,40,19,Not Promoted,Active
10388,Nisha Menon,employee10388@company.com,Engineering,HR Executive,Pune,Full-Time,MBA,2023-02-14,140435,38,16.2,83.37,31,15,3,Average,81.9,31,12,Not Promoted,Active
10389,Vijay Verma,employee10389@company.com,Finance,Sales Executive,Chennai,Contract,B.Tech,2018-08-19,32094,36,7.2,72.33,74,12,4,Good,103.94,5,19,Not Promoted,Active
10390,Manoj Iyer,employee10390@company.com,Sales,Data Analyst,Pune,Full-Time,MBA,2022-05-06,80597,30,5.4,79.48,76,7,4,Good,89.48,10,27,Promoted,Inactive
10391,Vijay Sharma,employee10391@company.com,Engineering,Sales Executive,Pune,Full-Time,M.Com,2022-11-10,41158,49,16.8,94.65,16,12,5,Excellent,97.04,29,4,Not Promoted,Active
10392,Dinesh Gupta,employee10392@company.com,Customer Support,Data Analyst,Coimbatore,Full-Time,B.Com,2025-06-30,85833,55,4.0,89.69,45,14,3,Average,78.03,2,24,Not Promoted,Inactive
10393,Pooja Joshi,employee10393@company.com,Marketing,Software Engineer,Mumbai,Full-Time,M.Com,2024-03-06,139523,45,13.5,99.87,52,8,3,Average,75.9,7,13,Not Promoted,Active
10394,Kavya Verma,employee10394@company.com,HR,Data Analyst,Chennai,Full-Time,B.Com,2018-05-11,52209,44,11.9,75.16,99,4,4,Good,105.94,32,15,Not Promoted,Active
10395,Ravi Reddy,employee10395@company.com,Marketing,Sales Executive,Chennai,Full-Time,M.Com,2020-01-13,38763,33,16.6,81.91,93,6,3,Average,91.93,18,12,Not Promoted,Active
10396,Kavya Singh,employee10396@company.com,Operations,Support Associate,Pune,Part-Time,B.E,2019-01-19,61256,41,15.1,94.29,3,12,5,Excellent,74.86,9,25,Promoted,Active
10397,Arun Iyer,employee10397@company.com,HR,Sales Executive,Chennai,Full-Time,MBA,2022-04-16,84191,54,12.8,76.47,77,9,4,Good,66.62,18,11,Not Promoted,Active
10398,Rohan Mishra,employee10398@company.com,Sales,Marketing Executive,Pune,Full-Time,BBA,2024-08-06,102753,39,6.0,74.61,27,8,3,Average,51.05,8,0,Not Promoted,Active
10399,Karthik Nair,employee10399@company.com,Engineering,Support Associate,Pune,Full-Time,M.Sc,2020-01-31,67105,48,9.2,82.83,70,4,4,Good,98.36,6,7,Not Promoted,Active
10400,Rohan Iyer,employee10400@company.com,Finance,Senior Software Engineer,Delhi,Full-Time,MBA,2021-02-21,125408,47,17.0,81.51,15,7,4,Good,56.01,13,7,Promoted,Active
10401,Karthik Pillai,employee10401@company.com,IT,HR Executive,Hyderabad,Full-Time,B.Tech,2020-07-31,110776,46,0.9,99.41,77,7,2,Needs Improvement,78.48,1,22,Not Promoted,Active
10402,Swetha Mishra,employee10402@company.com,Marketing,Data Analyst,Chennai,Part-Time,B.E,2025-05-19,128423,31,14.4,83.69,100,13,5,Excellent,86.42,21,21,Promoted,Active
10403,Suresh Mishra,employee10403@company.com,HR,Sales Executive,Coimbatore,Part-Time,B.Tech,2021-07-20,79410,55,4.9,95.83,38,2,4,Good,93.37,19,26,Not Promoted,Inactive
10404,Suresh Menon,employee10404@company.com,Engineering,Sales Executive,Bangalore,Part-Time,MBA,2024-07-30,38510,40,3.7,96.64,90,4,4,Good,50.42,25,14,Not Promoted,Active
10405,Ajay Joshi,employee10405@company.com,Sales,Data Analyst,Delhi,Full-Time,B.Tech,2023-11-18,142456,32,4.6,74.74,29,7,3,Average,45.69,3,2,Promoted,Active
10406,Rohan Nair,employee10406@company.com,IT,Project Manager,Chennai,Full-Time,B.Com,2025-08-10,143747,48,1.5,91.46,78,9,5,Excellent,90.89,38,28,Not Promoted,Active
10407,Arun Iyer,employee10407@company.com,Customer Support,HR Executive,Coimbatore,Full-Time,B.E,2022-06-28,92344,22,17.9,78.33,56,2,3,Average,74.54,39,30,Promoted,Active
10408,Vijay Patel,employee10408@company.com,Sales,Financial Analyst,Chennai,Part-Time,M.Sc,2018-10-28,46864,21,15.7,72.84,55,15,1,Needs Improvement,56.77,22,26,Not Promoted,Active
10409,Rahul Joshi,employee10409@company.com,Finance,Operations Analyst,Mumbai,Full-Time,M.Com,2019-09-01,90945,29,9.6,96.24,38,2,5,Excellent,108.83,15,7,Promoted,Inactive
10410,Rahul Pillai,employee10410@company.com,IT,Senior Software Engineer,Bangalore,Full-Time,B.Com,2023-01-26,25645,42,13.0,78.77,41,5,2,Needs Improvement,96.44,24,22,Not Promoted,Active
10411,Nisha Gupta,employee10411@company.com,IT,Support Associate,Bangalore,Full-Time,MCA,2020-05-31,86264,47,10.2,80.36,17,6,3,Average,82.6,8,23,Promoted,Inactive
10412,Ajay Menon,employee10412@company.com,Customer Support,Sales Executive,Coimbatore,Full-Time,M.Com,2024-02-29,108471,29,14.7,79.72,74,6,5,Excellent,90.64,10,17,Not Promoted,Active
10413,Karthik Nair,employee10413@company.com,Engineering,Software Engineer,Mumbai,Full-Time,B.Tech,2021-05-06,38926,27,15.3,76.01,21,5,5,Excellent,55.08,24,23,Not Promoted,Inactive
10414,Anjali Verma,employee10414@company.com,IT,HR Executive,Mumbai,Full-Time,MBA,2023-11-30,145050,22,4.6,83.04,3,6,4,Good,107.54,30,28,Promoted,Active
10415,Dinesh Das,employee10415@company.com,HR,Data Analyst,Chennai,Contract,B.Com,2024-08-25,26113,25,8.5,82.85,2,13,4,Good,109.76,26,6,Not Promoted,Active
10416,Nisha Menon,employee10416@company.com,IT,Sales Executive,Hyderabad,Part-Time,B.E,2020-01-25,77739,37,11.6,82.26,60,6,3,Average,87.15,35,28,Not Promoted,Active
10417,Anjali Rao,employee10417@company.com,Sales,Support Associate,Coimbatore,Full-Time,M.Com,2021-04-21,74213,55,17.6,97.49,23,3,3,Average,88.44,13,21,Not Promoted,Active
10418,Pooja Reddy,employee10418@company.com,HR,Software Engineer,Mumbai,Contract,MCA,2020-03-06,50811,28,12.4,80.19,77,7,3,Average,90.79,22,24,Not Promoted,Inactive
10419,Vijay Reddy,employee10419@company.com,IT,Operations Analyst,Bangalore,Full-Time,B.Com,2024-07-12,86687,23,16.2,70.91,51,7,4,Good,88.28,15,11,Not Promoted,Active
10420,Rahul Reddy,employee10420@company.com,Sales,Operations Analyst,Coimbatore,Contract,M.Sc,2023-06-18,141415,23,15.3,75.35,66,15,4,Good,73.51,19,14,Not Promoted,Inactive
10421,Pooja Rao,employee10421@company.com,Sales,Support Associate,Bangalore,Full-Time,M.Sc,2021-08-16,29592,21,10.7,91.64,30,1,4,Good,80.14,2,7,Not Promoted,Active
10422,Ajay Mishra,employee10422@company.com,Marketing,HR Executive,Chennai,Full-Time,MBA,2018-08-10,137695,44,16.1,87.73,52,14,4,Good,63.38,5,28,Not Promoted,Inactive
10423,Swetha Gupta,employee10423@company.com,Sales,Software Engineer,Coimbatore,Full-Time,B.E,2020-10-08,49552,50,7.1,98.55,60,9,2,Needs Improvement,74.05,28,15,Not Promoted,Active
10424,Swetha Nair,employee10424@company.com,Customer Support,Data Analyst,Hyderabad,Full-Time,B.E,2025-09-08,86898,46,7.1,90.83,57,4,3,Average,73.35,3,4,Promoted,Active
10425,Sneha Pillai,employee10425@company.com,Operations,Software Engineer,Pune,Full-Time,M.Com,2019-11-20,77118,23,14.2,75.83,34,14,2,Needs Improvement,63.73,0,4,Not Promoted,Active
10426,Priya Das,employee10426@company.com,Finance,Marketing Executive,Coimbatore,Full-Time,B.Com,2018-04-28,44744,33,2.9,73.62,30,1,4,Good,96.14,7,8,Promoted,Active
10427,Dinesh Menon,employee10427@company.com,IT,Data Analyst,Mumbai,Contract,B.Com,2018-06-23,47046,32,5.9,85.62,56,2,3,Average,71.63,19,12,Promoted,Active
10428,Arun Iyer,employee10428@company.com,Customer Support,Senior Software Engineer,Mumbai,Full-Time,BBA,2021-05-27,114990,40,11.2,89.96,75,2,5,Excellent,80.86,15,29,Not Promoted,Active
10429,Meena Menon,employee10429@company.com,IT,Financial Analyst,Chennai,Full-Time,B.E,2024-06-24,106365,28,7.9,74.97,9,4,3,Average,55.15,30,14,Not Promoted,Active
10430,Arun Reddy,employee10430@company.com,IT,Senior Software Engineer,Delhi,Full-Time,M.Sc,2023-08-07,132908,22,17.0,88.05,83,7,2,Needs Improvement,75.87,31,7,Not Promoted,Active
10431,Anjali Mishra,employee10431@company.com,Sales,Financial Analyst,Delhi,Full-Time,BBA,2019-03-17,89932,31,17.3,95.95,17,2,2,Needs Improvement,94.49,33,11,Not Promoted,Inactive
10432,Vijay Pillai,employee10432@company.com,Sales,Senior Software Engineer,Hyderabad,Full-Time,B.Tech,2021-05-09,133229,41,9.3,91.83,55,6,4,Good,73.89,28,19,Not Promoted,Active
10433,Rahul Menon,employee10433@company.com,IT,Software Engineer,Bangalore,Full-Time,B.E,2022-05-19,48084,26,9.9,89.93,35,4,4,Good,81.25,11,28,Not Promoted,Active
10434,Sneha Menon,employee10434@company.com,Operations,HR Executive,Bangalore,Full-Time,MBA,2024-09-28,61398,39,13.2,93.68,50,13,2,Needs Improvement,90.61,3,8,Not Promoted,Active
10435,Pooja Sharma,employee10435@company.com,HR,Support Associate,Pune,Full-Time,B.Com,2020-10-24,122219,50,8.5,73.12,60,11,2,Needs Improvement,70.28,33,26,Promoted,Active
10436,Arun Mishra,employee10436@company.com,HR,Sales Executive,Bangalore,Full-Time,M.Sc,2020-08-07,57477,40,3.8,76.11,18,9,4,Good,67.96,5,14,Promoted,Active
10437,Priya Patel,employee10437@company.com,Finance,Financial Analyst,Delhi,Full-Time,M.Com,2018-03-24,94405,30,13.6,71.14,80,9,2,Needs Improvement,50.57,8,14,Promoted,Inactive
10438,Anjali Kumar,employee10438@company.com,Marketing,Sales Executive,Delhi,Full-Time,BBA,2020-09-15,30200,44,13.4,74.35,10,9,4,Good,82.85,4,30,Not Promoted,Active
10439,Meena Iyer,employee10439@company.com,Engineering,Marketing Executive,Mumbai,Full-Time,B.Com,2024-12-15,133987,53,4.8,97.4,4,3,4,Good,90.95,15,12,Promoted,Active
10440,Dinesh Patel,employee10440@company.com,Customer Support,Marketing Executive,Pune,Contract,M.Sc,2023-08-16,27039,49,15.1,76.66,100,1,2,Needs Improvement,82.78,0,14,Not Promoted,Active
10441,Swetha Sharma,employee10441@company.com,Finance,Sales Executive,Hyderabad,Part-Time,B.E,2025-07-15,103615,50,11.2,89.86,44,5,2,Needs Improvement,63.43,19,21,Not Promoted,Active
10442,Rohan Pillai,employee10442@company.com,Engineering,Marketing Executive,Pune,Full-Time,MBA,2022-10-19,114374,26,4.6,90.75,99,3,5,Excellent,62.05,34,4,Not Promoted,Active
10443,Aakash Verma,employee10443@company.com,IT,Data Analyst,Coimbatore,Full-Time,B.Tech,2018-12-13,124611,34,11.9,89.36,44,3,3,Average,55.37,9,9,Not Promoted,Active
10444,Suresh Reddy,employee10444@company.com,Customer Support,Sales Executive,Hyderabad,Full-Time,M.Sc,2019-06-18,86356,23,4.6,86.62,47,4,3,Average,48.05,24,22,Not Promoted,Active
10445,Divya Sharma,employee10445@company.com,IT,Marketing Executive,Delhi,Full-Time,M.Sc,2025-05-28,31634,44,5.1,84.58,13,13,4,Good,72.75,27,29,Not Promoted,Active
10446,Rahul Joshi,employee10446@company.com,IT,Financial Analyst,Bangalore,Full-Time,B.Com,2022-12-26,89899,39,15.3,82.6,27,8,5,Excellent,55.43,34,24,Not Promoted,Active
10447,Vijay Verma,employee10447@company.com,Marketing,HR Executive,Chennai,Full-Time,B.E,2019-03-27,26724,54,16.8,97.51,8,14,5,Excellent,89.9,32,11,Not Promoted,Inactive
10448,Suresh Sharma,employee10448@company.com,Sales,Marketing Executive,Pune,Full-Time,MCA,2020-07-06,112590,29,5.0,70.29,58,0,4,Good,107.51,14,16,Not Promoted,Active
10449,Aakash Singh,employee10449@company.com,Marketing,Sales Executive,Pune,Full-Time,B.E,2020-08-11,127994,50,16.7,71.6,37,4,3,Average,49.78,20,8,Promoted,Active
10450,Kavya Mishra,employee10450@company.com,Finance,Financial Analyst,Mumbai,Full-Time,B.E,2018-08-02,27455,52,4.7,84.78,92,4,2,Needs Improvement,103.04,34,28,Not Promoted,Active
10451,Vijay Kumar,employee10451@company.com,Sales,Sales Executive,Mumbai,Full-Time,MBA,2020-06-18,137966,33,2.6,79.92,24,12,4,Good,87.75,36,25,Not Promoted,Active
10452,Priya Rao,employee10452@company.com,Sales,Operations Analyst,Delhi,Full-Time,BBA,2021-04-04,140629,38,1.5,82.25,71,1,4,Good,100.92,9,4,Not Promoted,Active
10453,Karthik Pillai,employee10453@company.com,Finance,Software Engineer,Hyderabad,Full-Time,BBA,2024-08-17,97628,42,4.7,99.94,47,14,3,Average,55.07,15,8,Promoted,Active
10454,Nisha Rao,employee10454@company.com,Sales,Software Engineer,Chennai,Full-Time,B.E,2019-10-15,79447,24,7.2,93.25,18,14,5,Excellent,103.92,19,4,Promoted,Active
10455,Vijay Mishra,employee10455@company.com,Customer Support,Software Engineer,Coimbatore,Full-Time,M.Sc,2024-12-29,51612,43,16.7,96.32,1,15,2,Needs Improvement,107.26,7,22,Not Promoted,Active
10456,Aakash Rao,employee10456@company.com,HR,Senior Software Engineer,Mumbai,Contract,B.E,2020-09-09,65456,27,4.7,81.06,5,2,3,Average,103.94,30,13,Promoted,Active
10457,Ravi Reddy,employee10457@company.com,Finance,Data Analyst,Mumbai,Full-Time,B.E,2019-07-30,67773,31,6.9,77.19,29,12,1,Needs Improvement,96.06,7,6,Not Promoted,Active
10458,Pooja Menon,employee10458@company.com,Engineering,Sales Executive,Bangalore,Part-Time,BBA,2018-11-29,121638,54,13.3,93.04,60,3,3,Average,50.87,12,8,Not Promoted,Active
10459,Ajay Kumar,employee10459@company.com,Finance,Data Analyst,Bangalore,Full-Time,B.Com,2018-07-31,28061,25,5.8,94.23,1,0,2,Needs Improvement,59.35,23,30,Not Promoted,Inactive
10460,Ajay Reddy,employee10460@company.com,HR,Sales Executive,Delhi,Part-Time,B.E,2018-10-16,57001,45,12.5,86.5,50,9,2,Needs Improvement,104.35,11,11,Not Promoted,Active
10461,Priya Singh,employee10461@company.com,Marketing,Operations Analyst,Delhi,Full-Time,MBA,2025-04-11,35586,48,8.1,96.88,82,13,2,Needs Improvement,59.91,16,4,Not Promoted,Active
10462,Pooja Mishra,employee10462@company.com,Marketing,Marketing Executive,Mumbai,Full-Time,MCA,2024-01-23,119479,34,3.9,99.02,12,2,4,Good,67.6,40,6,Not Promoted,Active
10463,Nisha Das,employee10463@company.com,Marketing,Senior Software Engineer,Hyderabad,Part-Time,B.Com,2023-12-14,100012,47,13.3,84.13,48,0,4,Good,48.28,35,4,Promoted,Active
10464,Ajay Nair,employee10464@company.com,Sales,HR Executive,Coimbatore,Full-Time,BBA,2020-11-21,115507,36,1.0,76.68,7,0,4,Good,85.83,11,19,Not Promoted,Active
10465,Meena Reddy,employee10465@company.com,HR,Sales Executive,Chennai,Full-Time,M.Sc,2023-04-15,28763,47,5.6,85.51,8,8,5,Excellent,81.61,35,28,Promoted,Active
10466,Rahul Iyer,employee10466@company.com,Customer Support,Financial Analyst,Mumbai,Full-Time,MCA,2018-10-01,70209,22,6.7,99.69,22,3,3,Average,107.52,12,16,Not Promoted,Active
10467,Vijay Rao,employee10467@company.com,Finance,Marketing Executive,Hyderabad,Full-Time,B.E,2021-08-17,49078,39,8.5,78.79,100,3,3,Average,103.0,34,10,Not Promoted,Active
10468,Vijay Pillai,employee10468@company.com,Finance,Support Associate,Hyderabad,Full-Time,B.Tech,2025-04-16,83434,43,12.4,88.53,71,3,5,Excellent,77.89,4,4,Not Promoted,Active
10469,Meena Das,employee10469@company.com,Finance,Support Associate,Mumbai,Full-Time,MCA,2024-05-12,60656,34,8.5,90.82,72,10,3,Average,84.61,12,27,Not Promoted,Active
10470,Ravi Kumar,employee10470@company.com,Sales,HR Executive,Hyderabad,Full-Time,MBA,2020-10-27,100450,46,10.9,76.42,15,14,5,Excellent,71.86,7,3,Not Promoted,Active
10471,Anjali Iyer,employee10471@company.com,Sales,Financial Analyst,Pune,Full-Time,BBA,2023-02-26,78595,28,10.9,87.65,15,8,1,Needs Improvement,53.61,10,26,Promoted,Active
10472,Ravi Patel,employee10472@company.com,Operations,Software Engineer,Hyderabad,Full-Time,B.Tech,2022-01-18,29006,47,7.0,79.44,11,12,5,Excellent,101.41,7,0,Not Promoted,Active
10473,Dinesh Das,employee10473@company.com,Customer Support,Senior Software Engineer,Mumbai,Full-Time,MBA,2021-02-27,42470,48,16.8,95.63,88,10,2,Needs Improvement,80.72,30,25,Not Promoted,Active
10474,Manoj Mishra,employee10474@company.com,Marketing,Data Analyst,Hyderabad,Full-Time,M.Sc,2018-04-07,97035,24,17.2,91.44,10,11,5,Excellent,72.65,11,0,Not Promoted,Inactive
10475,Rohan Gupta,employee10475@company.com,Engineering,Project Manager,Coimbatore,Contract,B.Tech,2018-10-04,124608,31,10.7,94.79,81,7,4,Good,49.45,10,13,Promoted,Active
10476,Ajay Gupta,employee10476@company.com,Operations,Project Manager,Mumbai,Full-Time,B.E,2021-08-01,101840,44,1.8,75.99,12,3,5,Excellent,88.25,16,20,Not Promoted,Active
10477,Pooja Pillai,employee10477@company.com,Operations,Senior Software Engineer,Bangalore,Full-Time,B.Tech,2025-10-18,120771,48,9.1,71.04,34,11,2,Needs Improvement,70.98,26,27,Not Promoted,Active
10478,Suresh Verma,employee10478@company.com,Sales,Marketing Executive,Mumbai,Full-Time,M.Sc,2021-04-11,47894,38,3.7,95.52,81,15,4,Good,61.49,12,27,Not Promoted,Active
10479,Ajay Singh,employee10479@company.com,Marketing,Operations Analyst,Hyderabad,Full-Time,MCA,2018-11-28,42398,41,9.0,81.6,93,14,5,Excellent,101.99,35,8,Not Promoted,Active
10480,Dinesh Verma,employee10480@company.com,Marketing,Marketing Executive,Mumbai,Full-Time,BBA,2024-03-02,70332,46,3.8,75.39,42,5,4,Good,56.94,12,0,Not Promoted,Active
10481,Karthik Iyer,employee10481@company.com,Finance,Support Associate,Chennai,Full-Time,B.Tech,2018-04-13,115332,23,12.8,72.76,100,1,4,Good,78.48,40,7,Not Promoted,Active
10482,Anjali Nair,employee10482@company.com,Sales,Data Analyst,Mumbai,Full-Time,MBA,2020-08-12,145536,33,1.9,85.5,29,5,4,Good,96.72,21,12,Not Promoted,Active
10483,Divya Das,employee10483@company.com,Marketing,Support Associate,Mumbai,Contract,B.E,2024-08-04,102533,48,17.2,74.5,59,0,3,Average,100.19,23,8,Not Promoted,Active
10484,Ajay Iyer,employee10484@company.com,Engineering,Sales Executive,Chennai,Full-Time,MBA,2023-09-18,55780,34,3.9,87.0,66,4,4,Good,98.22,29,14,Not Promoted,Active
10485,Ajay Iyer,employee10485@company.com,Operations,Support Associate,Chennai,Full-Time,B.E,2018-11-03,67086,21,12.1,91.82,28,7,4,Good,103.28,12,26,Not Promoted,Active
10486,Manoj Reddy,employee10486@company.com,HR,Project Manager,Chennai,Full-Time,MCA,2020-06-02,118368,48,16.5,86.05,24,0,5,Excellent,54.25,7,10,Not Promoted,Active
10487,Arun Gupta,employee10487@company.com,HR,Project Manager,Delhi,Full-Time,M.Com,2025-01-11,51506,31,4.8,97.11,65,10,2,Needs Improvement,106.13,4,25,Not Promoted,Active
10488,Divya Gupta,employee10488@company.com,Sales,Data Analyst,Pune,Full-Time,B.Com,2023-09-25,133618,24,16.9,74.67,4,1,3,Average,45.7,5,3,Promoted,Active
10489,Nisha Rao,employee10489@company.com,Finance,Support Associate,Delhi,Full-Time,MCA,2018-07-13,99200,54,7.3,84.82,94,2,5,Excellent,61.63,6,28,Promoted,Inactive
10490,Swetha Kumar,employee10490@company.com,Finance,Senior Software Engineer,Mumbai,Full-Time,M.Sc,2018-09-06,128424,21,17.3,74.9,4,6,5,Excellent,50.46,21,7,Not Promoted,Active
10491,Meena Joshi,employee10491@company.com,Marketing,Senior Software Engineer,Delhi,Full-Time,MCA,2020-10-09,140103,30,17.5,96.28,84,14,3,Average,106.46,29,12,Not Promoted,Active
10492,Ravi Nair,employee10492@company.com,Engineering,HR Executive,Delhi,Full-Time,B.Com,2024-03-04,120700,37,3.8,97.97,48,11,4,Good,72.56,14,16,Not Promoted,Active
10493,Karthik Rao,employee10493@company.com,Customer Support,Operations Analyst,Chennai,Full-Time,MBA,2023-12-03,120596,27,15.0,82.0,25,7,3,Average,65.49,36,3,Promoted,Active
10494,Anjali Rao,employee10494@company.com,Sales,Data Analyst,Chennai,Part-Time,MCA,2024-04-05,76020,33,3.9,79.17,70,3,3,Average,55.86,40,9,Not Promoted,Active
10495,Sneha Gupta,employee10495@company.com,Customer Support,Support Associate,Bangalore,Contract,B.E,2025-02-26,38985,42,4.5,78.38,29,12,3,Average,55.13,19,1,Not Promoted,Active
10496,Manoj Sharma,employee10496@company.com,HR,Data Analyst,Delhi,Full-Time,B.Tech,2021-04-07,127416,21,2.0,95.79,97,7,3,Average,84.91,30,25,Promoted,Active
10497,Divya Reddy,employee10497@company.com,Operations,Marketing Executive,Pune,Full-Time,BBA,2020-12-07,108453,48,3.2,90.47,27,0,4,Good,48.06,4,29,Not Promoted,Active
10498,Arun Nair,employee10498@company.com,Marketing,Software Engineer,Mumbai,Full-Time,MCA,2025-08-15,147610,53,11.6,96.42,13,2,2,Needs Improvement,83.63,11,14,Not Promoted,Active
10499,Suresh Rao,employee10499@company.com,Operations,Financial Analyst,Coimbatore,Full-Time,B.Com,2023-07-29,26462,33,8.4,73.53,17,13,5,Excellent,95.35,36,19,Promoted,Active
10500,Dinesh Gupta,employee10500@company.com,Customer Support,Marketing Executive,Coimbatore,Full-Time,MCA,2019-05-23,137494,21,14.3,84.28,56,3,5,Excellent,84.07,29,29,Not Promoted,Active
10501,Priya Iyer,employee10501@company.com,Marketing,Marketing Executive,Hyderabad,Full-Time,MBA,2018-06-04,49082,45,6.3,90.29,80,4,4,Good,98.73,38,17,Not Promoted,Active
10502,Vijay Reddy,employee10502@company.com,IT,Support Associate,Pune,Full-Time,BBA,2019-04-06,26865,41,17.5,96.91,24,12,4,Good,62.24,2,29,Promoted,Active
10503,Rahul Rao,employee10503@company.com,Operations,Software Engineer,Pune,Contract,MBA,2021-10-28,61777,53,1.4,81.46,69,15,3,Average,50.02,12,13,Not Promoted,Active
10504,Rohan Nair,employee10504@company.com,Sales,Senior Software Engineer,Bangalore,Full-Time,BBA,2020-03-01,36322,54,1.6,79.39,4,15,4,Good,91.86,10,2,Not Promoted,Active
10505,Rahul Joshi,employee10505@company.com,Operations,Senior Software Engineer,Mumbai,Full-Time,MBA,2021-05-10,116848,23,12.8,97.39,52,10,4,Good,98.83,9,0,Not Promoted,Active
10506,Karthik Singh,employee10506@company.com,Operations,Marketing Executive,Mumbai,Full-Time,B.E,2025-05-25,52762,50,16.0,71.43,84,8,3,Average,77.61,29,25,Not Promoted,Inactive
10507,Anjali Das,employee10507@company.com,Marketing,Operations Analyst,Chennai,Contract,M.Sc,2024-06-22,39538,23,14.4,84.39,38,1,5,Excellent,98.34,8,2,Not Promoted,Active
10508,Ajay Singh,employee10508@company.com,HR,Senior Software Engineer,Chennai,Full-Time,M.Sc,2024-11-03,82125,38,9.1,83.76,56,14,4,Good,74.76,29,22,Not Promoted,Active
10509,Arun Kumar,employee10509@company.com,Customer Support,Sales Executive,Pune,Contract,MCA,2023-02-11,98246,43,5.2,74.38,83,12,5,Excellent,57.9,28,26,Not Promoted,Active
10510,Kavya Menon,employee10510@company.com,IT,Marketing Executive,Bangalore,Full-Time,BBA,2022-08-16,115583,28,0.7,81.85,10,6,4,Good,75.84,37,12,Promoted,Active
10511,Arun Reddy,employee10511@company.com,Operations,Financial Analyst,Mumbai,Full-Time,MBA,2019-07-31,28177,29,9.4,91.68,68,2,4,Good,59.04,33,7,Not Promoted,Active
10512,Dinesh Verma,employee10512@company.com,Engineering,Software Engineer,Bangalore,Part-Time,M.Com,2023-04-28,52502,22,8.8,81.01,98,11,3,Average,75.68,25,21,Not Promoted,Active
10513,Divya Mishra,employee10513@company.com,Customer Support,HR Executive,Hyderabad,Full-Time,B.Tech,2024-12-18,44249,22,6.5,79.29,98,9,5,Excellent,54.59,1,16,Not Promoted,Active
10514,Priya Pillai,employee10514@company.com,Engineering,Project Manager,Coimbatore,Part-Time,M.Sc,2018-12-28,28197,47,10.6,93.46,24,1,5,Excellent,57.06,35,22,Not Promoted,Inactive
10515,Meena Das,employee10515@company.com,Customer Support,Data Analyst,Mumbai,Full-Time,MBA,2019-04-02,60229,25,13.3,99.66,29,8,2,Needs Improvement,102.39,6,28,Not Promoted,Active
10516,Aakash Verma,employee10516@company.com,Engineering,Marketing Executive,Chennai,Part-Time,M.Sc,2018-05-09,49166,21,12.8,93.38,1,2,1,Needs Improvement,52.53,35,15,Not Promoted,Active
10517,Nisha Kumar,employee10517@company.com,HR,Senior Software Engineer,Pune,Full-Time,BBA,2020-03-22,137290,42,5.1,95.39,83,7,3,Average,59.58,39,30,Not Promoted,Active
10518,Suresh Patel,employee10518@company.com,Finance,Data Analyst,Bangalore,Full-Time,B.E,2020-05-22,94117,30,10.7,98.19,35,0,4,Good,109.71,13,15,Not Promoted,Active
10519,Sneha Das,employee10519@company.com,IT,Financial Analyst,Coimbatore,Full-Time,B.Tech,2018-12-16,33692,44,3.1,94.05,36,4,5,Excellent,82.44,26,11,Not Promoted,Active
10520,Ajay Menon,employee10520@company.com,IT,Support Associate,Coimbatore,Full-Time,B.Tech,2025-05-16,131298,35,2.6,99.41,1,4,2,Needs Improvement,83.08,25,18,Not Promoted,Active
10521,Kavya Patel,employee10521@company.com,Engineering,Project Manager,Coimbatore,Part-Time,B.Com,2023-03-30,123424,53,14.3,92.42,46,5,4,Good,99.92,19,29,Not Promoted,Active
10522,Pooja Mishra,employee10522@company.com,Engineering,Operations Analyst,Chennai,Full-Time,MBA,2019-03-28,26775,43,12.6,89.85,90,6,3,Average,79.08,34,15,Not Promoted,Active
10523,Rahul Menon,employee10523@company.com,Engineering,HR Executive,Pune,Full-Time,MBA,2021-11-04,57656,34,13.9,90.8,95,2,5,Excellent,59.42,10,14,Promoted,Active
10524,Arun Mishra,employee10524@company.com,Customer Support,Support Associate,Chennai,Full-Time,MCA,2018-04-19,25606,38,3.2,97.0,58,11,4,Good,72.46,25,28,Not Promoted,Active
10525,Swetha Singh,employee10525@company.com,Marketing,Financial Analyst,Mumbai,Full-Time,B.E,2021-05-16,82281,45,16.5,90.49,3,13,4,Good,94.08,34,8,Promoted,Active
10526,Meena Reddy,employee10526@company.com,Operations,Senior Software Engineer,Bangalore,Full-Time,M.Com,2019-07-31,32375,42,2.8,92.84,90,13,3,Average,101.71,4,15,Not Promoted,Active
10527,Priya Verma,employee10527@company.com,Finance,Sales Executive,Hyderabad,Full-Time,MCA,2018-08-29,25819,27,15.7,76.48,93,12,3,Average,62.76,15,26,Not Promoted,Active
10528,Suresh Menon,employee10528@company.com,Engineering,Software Engineer,Delhi,Full-Time,M.Com,2025-03-23,101992,46,6.7,97.38,66,15,3,Average,62.03,10,1,Not Promoted,Active
10529,Rohan Sharma,employee10529@company.com,Marketing,Support Associate,Coimbatore,Part-Time,B.Com,2022-09-10,56373,44,2.3,83.42,45,4,2,Needs Improvement,66.29,32,24,Not Promoted,Active
10530,Anjali Gupta,employee10530@company.com,Sales,Support Associate,Chennai,Full-Time,M.Sc,2023-08-04,25783,33,5.5,74.83,90,11,5,Excellent,83.75,8,9,Promoted,Active
10531,Suresh Sharma,employee10531@company.com,HR,HR Executive,Delhi,Contract,M.Sc,2021-07-09,75998,26,3.7,93.99,35,7,4,Good,63.1,21,11,Not Promoted,Active
10532,Anjali Menon,employee10532@company.com,HR,Software Engineer,Bangalore,Full-Time,M.Com,2025-03-10,32560,41,9.1,80.69,64,5,5,Excellent,103.05,4,17,Promoted,Active
10533,Anjali Patel,employee10533@company.com,Marketing,Financial Analyst,Mumbai,Full-Time,M.Sc,2024-06-30,54168,27,17.1,75.52,98,1,5,Excellent,108.57,19,17,Not Promoted,Active
10534,Aakash Nair,employee10534@company.com,Customer Support,Data Analyst,Chennai,Full-Time,BBA,2019-01-06,90927,38,6.2,77.69,55,6,4,Good,89.14,33,27,Not Promoted,Active
10535,Kavya Rao,employee10535@company.com,HR,Data Analyst,Mumbai,Full-Time,B.E,2023-05-13,49264,35,11.2,71.05,75,2,4,Good,108.07,29,3,Promoted,Active
10536,Arun Reddy,employee10536@company.com,Operations,Software Engineer,Hyderabad,Full-Time,BBA,2023-11-23,124436,28,16.1,72.72,34,14,5,Excellent,63.71,9,1,Promoted,Active
10537,Ajay Mishra,employee10537@company.com,HR,Operations Analyst,Coimbatore,Part-Time,M.Sc,2018-04-08,101245,36,11.5,87.78,81,9,4,Good,97.99,36,6,Promoted,Active
10538,Rahul Gupta,employee10538@company.com,Operations,Marketing Executive,Hyderabad,Full-Time,B.Com,2022-02-19,127749,23,6.8,95.99,100,8,3,Average,89.1,31,18,Not Promoted,Active
10539,Anjali Singh,employee10539@company.com,Sales,Operations Analyst,Coimbatore,Full-Time,MBA,2018-04-06,103598,29,17.8,83.46,22,3,3,Average,62.11,23,10,Not Promoted,Active
10540,Dinesh Sharma,employee10540@company.com,Engineering,Operations Analyst,Pune,Full-Time,M.Com,2023-05-03,71801,46,3.8,88.78,96,15,2,Needs Improvement,65.7,16,29,Not Promoted,Active
10541,Sneha Joshi,employee10541@company.com,Finance,Support Associate,Pune,Full-Time,B.E,2022-02-04,100924,46,9.7,94.29,77,10,5,Excellent,76.76,2,12,Not Promoted,Active
10542,Nisha Kumar,employee10542@company.com,IT,Support Associate,Pune,Full-Time,B.E,2023-09-25,72359,50,14.4,80.7,43,3,4,Good,96.46,38,28,Not Promoted,Active
10543,Priya Pillai,employee10543@company.com,Marketing,Project Manager,Mumbai,Contract,MBA,2023-09-10,53036,47,0.5,89.63,0,3,3,Average,101.69,25,19,Not Promoted,Active
10544,Sneha Gupta,employee10544@company.com,Marketing,Senior Software Engineer,Pune,Full-Time,M.Sc,2024-09-21,30318,36,12.8,80.51,90,9,4,Good,86.21,11,30,Not Promoted,Active
10545,Ajay Rao,employee10545@company.com,Operations,Financial Analyst,Bangalore,Part-Time,B.E,2021-11-06,88371,24,5.2,89.28,87,9,4,Good,91.9,36,16,Not Promoted,Active
10546,Swetha Kumar,employee10546@company.com,Sales,Financial Analyst,Delhi,Full-Time,B.Com,2019-12-17,79714,39,3.5,76.53,65,7,3,Average,62.15,11,30,Not Promoted,Active
10547,Karthik Patel,employee10547@company.com,Sales,Project Manager,Delhi,Full-Time,B.Com,2025-05-15,55544,54,5.3,99.34,11,0,2,Needs Improvement,93.17,32,9,Not Promoted,Active
10548,Meena Verma,employee10548@company.com,Customer Support,Support Associate,Mumbai,Full-Time,BBA,2025-07-08,45823,26,17.4,72.29,12,2,4,Good,84.32,26,15,Not Promoted,Active
10549,Dinesh Reddy,employee10549@company.com,IT,HR Executive,Mumbai,Full-Time,MCA,2020-08-30,74828,35,16.1,85.16,26,7,4,Good,59.49,13,19,Not Promoted,Active
10550,Sneha Singh,employee10550@company.com,Engineering,HR Executive,Pune,Full-Time,B.Tech,2025-07-11,129555,30,4.2,78.59,19,11,4,Good,106.76,6,15,Not Promoted,Active
10551,Sneha Singh,employee10551@company.com,Finance,Senior Software Engineer,Coimbatore,Full-Time,MBA,2022-02-21,41978,26,2.5,88.03,100,6,4,Good,78.34,37,19,Not Promoted,Active
10552,Dinesh Reddy,employee10552@company.com,Marketing,Software Engineer,Delhi,Part-Time,M.Sc,2020-06-24,53460,26,6.9,82.85,97,5,4,Good,96.64,26,19,Promoted,Active
10553,Rohan Sharma,employee10553@company.com,Operations,Support Associate,Delhi,Full-Time,B.E,2020-03-19,69111,35,10.9,79.2,5,6,4,Good,79.16,9,15,Not Promoted,Active
10554,Ajay Gupta,employee10554@company.com,Sales,Data Analyst,Pune,Contract,M.Com,2019-08-22,28324,49,15.7,77.5,7,0,4,Good,105.64,40,26,Not Promoted,Inactive
10555,Rohan Iyer,employee10555@company.com,Engineering,Data Analyst,Mumbai,Part-Time,MCA,2020-08-24,113088,45,17.4,75.47,20,7,5,Excellent,54.18,8,24,Not Promoted,Active
10556,Rahul Reddy,employee10556@company.com,Marketing,Support Associate,Hyderabad,Full-Time,BBA,2025-05-04,80578,39,13.6,93.49,20,3,3,Average,80.5,33,18,Promoted,Active
10557,Sneha Joshi,employee10557@company.com,Operations,Sales Executive,Coimbatore,Full-Time,B.Com,2023-02-11,147418,34,11.0,76.67,44,15,2,Needs Improvement,46.64,40,30,Not Promoted,Active
10558,Anjali Mishra,employee10558@company.com,HR,Software Engineer,Hyderabad,Full-Time,MBA,2023-01-14,27934,23,3.0,93.21,69,14,1,Needs Improvement,57.83,28,12,Not Promoted,Inactive
10559,Anjali Verma,employee10559@company.com,Engineering,Data Analyst,Pune,Full-Time,M.Sc,2018-05-15,30033,34,1.8,84.55,43,0,4,Good,63.27,17,22,Not Promoted,Active
10560,Kavya Joshi,employee10560@company.com,Marketing,Marketing Executive,Hyderabad,Full-Time,MBA,2018-11-24,130067,41,10.9,72.17,58,3,4,Good,75.72,28,19,Not Promoted,Active
10561,Swetha Gupta,employee10561@company.com,Finance,Operations Analyst,Bangalore,Full-Time,M.Sc,2018-07-18,31086,31,9.9,74.96,29,1,4,Good,98.31,29,10,Not Promoted,Active
10562,Manoj Kumar,employee10562@company.com,Engineering,Support Associate,Bangalore,Full-Time,B.Com,2019-11-14,62101,30,15.3,96.79,9,4,3,Average,75.33,12,11,Not Promoted,Active
10563,Karthik Sharma,employee10563@company.com,Operations,Sales Executive,Bangalore,Full-Time,BBA,2018-05-04,68945,35,6.1,88.08,74,0,2,Needs Improvement,81.48,21,16,Not Promoted,Active
10564,Dinesh Pillai,employee10564@company.com,Finance,Marketing Executive,Mumbai,Full-Time,B.Tech,2020-01-24,117475,50,1.2,75.53,0,0,1,Needs Improvement,105.06,15,14,Not Promoted,Active
10565,Manoj Menon,employee10565@company.com,Marketing,Operations Analyst,Mumbai,Full-Time,MBA,2022-05-26,140527,37,7.9,91.11,9,4,3,Average,94.17,31,25,Not Promoted,Active
10566,Arun Patel,employee10566@company.com,HR,Operations Analyst,Mumbai,Full-Time,B.E,2024-08-26,43894,49,17.5,94.7,24,1,4,Good,48.26,39,2,Not Promoted,Active
10567,Anjali Rao,employee10567@company.com,Finance,Senior Software Engineer,Mumbai,Full-Time,M.Com,2019-07-25,86113,37,14.4,79.92,79,8,3,Average,56.47,25,8,Promoted,Active
10568,Pooja Patel,employee10568@company.com,Sales,Software Engineer,Mumbai,Part-Time,M.Com,2022-01-08,29687,53,1.1,86.7,82,9,3,Average,47.48,30,9,Not Promoted,Inactive
10569,Dinesh Sharma,employee10569@company.com,Operations,Support Associate,Pune,Full-Time,B.Com,2025-10-16,27887,41,15.8,78.8,73,14,5,Excellent,49.49,18,11,Promoted,Active
10570,Swetha Gupta,employee10570@company.com,Marketing,Sales Executive,Hyderabad,Full-Time,MBA,2021-03-15,28043,34,8.8,72.4,13,6,3,Average,67.03,33,21,Not Promoted,Active
10571,Swetha Menon,employee10571@company.com,HR,Project Manager,Pune,Full-Time,M.Com,2023-04-11,43015,30,6.9,81.99,2,14,4,Good,92.31,5,23,Not Promoted,Active
10572,Karthik Sharma,employee10572@company.com,Sales,Senior Software Engineer,Hyderabad,Full-Time,MBA,2022-05-07,42789,43,6.6,92.54,67,14,4,Good,60.88,34,8,Not Promoted,Active
10573,Ajay Singh,employee10573@company.com,Marketing,HR Executive,Pune,Full-Time,B.Com,2024-02-02,81784,34,10.9,83.76,39,13,3,Average,70.5,10,23,Not Promoted,Active
10574,Aakash Verma,employee10574@company.com,Engineering,Marketing Executive,Bangalore,Full-Time,B.Tech,2021-07-26,31115,42,9.8,82.16,32,3,4,Good,70.6,36,4,Not Promoted,Active
10575,Anjali Pillai,employee10575@company.com,Customer Support,Project Manager,Chennai,Full-Time,M.Com,2024-08-24,53821,48,12.0,80.98,83,13,5,Excellent,83.37,21,30,Not Promoted,Inactive
10576,Aakash Patel,employee10576@company.com,HR,Marketing Executive,Mumbai,Full-Time,B.E,2018-06-14,47879,29,10.5,83.77,78,6,5,Excellent,103.04,12,21,Not Promoted,Active
10577,Karthik Kumar,employee10577@company.com,Sales,Support Associate,Chennai,Full-Time,BBA,2023-02-06,142177,43,3.0,79.55,6,7,2,Needs Improvement,108.91,15,25,Not Promoted,Active
10578,Suresh Rao,employee10578@company.com,Finance,Sales Executive,Chennai,Full-Time,MCA,2022-02-18,78642,27,5.0,88.37,2,7,5,Excellent,84.3,25,1,Not Promoted,Active
10579,Meena Kumar,employee10579@company.com,Marketing,Sales Executive,Bangalore,Part-Time,B.Com,2025-09-12,85780,44,15.2,71.91,90,7,3,Average,77.83,21,27,Not Promoted,Active
10580,Karthik Verma,employee10580@company.com,Marketing,Operations Analyst,Chennai,Full-Time,MCA,2019-09-07,74157,29,12.1,94.22,36,11,3,Average,89.32,12,12,Not Promoted,Active
10581,Suresh Gupta,employee10581@company.com,Finance,Project Manager,Chennai,Full-Time,BBA,2022-11-26,142269,27,8.3,75.2,92,4,3,Average,88.42,22,10,Not Promoted,Active
10582,Kavya Kumar,employee10582@company.com,Customer Support,Sales Executive,Bangalore,Full-Time,BBA,2021-10-16,57717,43,3.7,89.0,25,6,5,Excellent,79.06,31,8,Not Promoted,Active
10583,Sneha Singh,employee10583@company.com,IT,Data Analyst,Hyderabad,Full-Time,B.Tech,2024-01-30,131715,45,0.6,83.5,90,10,3,Average,92.9,22,21,Promoted,Active
10584,Rohan Gupta,employee10584@company.com,Sales,Marketing Executive,Pune,Contract,B.E,2025-09-11,85262,42,6.0,93.2,24,6,3,Average,76.93,31,7,Not Promoted,Active
10585,Rohan Pillai,employee10585@company.com,Finance,Operations Analyst,Delhi,Full-Time,MCA,2021-04-15,65971,27,1.5,94.78,39,1,4,Good,109.77,37,22,Not Promoted,Active
10586,Pooja Iyer,employee10586@company.com,Engineering,Support Associate,Chennai,Full-Time,B.E,2020-12-08,126146,26,8.9,76.13,42,14,3,Average,48.18,27,14,Promoted,Active
10587,Suresh Verma,employee10587@company.com,Marketing,Sales Executive,Mumbai,Full-Time,M.Com,2021-02-08,96040,42,14.9,90.32,93,2,2,Needs Improvement,73.81,32,27,Not Promoted,Active
10588,Pooja Verma,employee10588@company.com,Engineering,Financial Analyst,Bangalore,Full-Time,MBA,2022-11-19,146535,55,5.5,75.7,43,10,2,Needs Improvement,70.81,39,28,Not Promoted,Active
10589,Sneha Sharma,employee10589@company.com,Sales,Support Associate,Coimbatore,Full-Time,B.Com,2022-09-07,99185,53,15.3,73.72,83,1,2,Needs Improvement,95.07,25,15,Not Promoted,Active
10590,Rohan Gupta,employee10590@company.com,Customer Support,Project Manager,Coimbatore,Contract,B.E,2019-09-11,117384,41,12.8,97.91,70,14,2,Needs Improvement,57.4,29,9,Promoted,Active
10591,Kavya Joshi,employee10591@company.com,Sales,Data Analyst,Chennai,Full-Time,BBA,2025-06-05,88823,31,2.7,74.93,28,2,2,Needs Improvement,73.21,16,1,Promoted,Active
10592,Anjali Menon,employee10592@company.com,Engineering,Software Engineer,Delhi,Full-Time,M.Com,2020-05-08,49742,33,11.8,76.84,97,8,4,Good,90.37,28,29,Not Promoted,Active
10593,Manoj Patel,employee10593@company.com,Engineering,HR Executive,Hyderabad,Full-Time,BBA,2021-03-24,106211,23,3.2,73.91,89,6,3,Average,84.21,1,14,Not Promoted,Active
10594,Swetha Sharma,employee10594@company.com,IT,Financial Analyst,Hyderabad,Full-Time,B.Tech,2022-08-14,130587,33,12.0,84.11,90,3,3,Average,80.43,37,17,Promoted,Active
10595,Suresh Iyer,employee10595@company.com,Marketing,Operations Analyst,Delhi,Full-Time,M.Sc,2025-02-16,137453,54,3.0,97.59,56,13,5,Excellent,73.27,33,12,Not Promoted,Active
10596,Nisha Rao,employee10596@company.com,HR,Marketing Executive,Mumbai,Full-Time,B.E,2022-05-26,125277,48,7.4,77.92,8,7,3,Average,93.88,37,30,Not Promoted,Active
10597,Rohan Rao,employee10597@company.com,IT,Project Manager,Chennai,Full-Time,B.Tech,2019-09-29,51520,54,10.4,86.26,21,12,4,Good,87.02,11,4,Not Promoted,Active
10598,Dinesh Rao,employee10598@company.com,IT,Project Manager,Mumbai,Full-Time,B.Com,2018-08-03,39833,52,1.4,82.34,75,6,3,Average,101.86,20,18,Promoted,Active
10599,Ajay Gupta,employee10599@company.com,HR,Software Engineer,Hyderabad,Full-Time,M.Com,2021-09-15,76347,43,3.2,80.08,69,9,3,Average,92.64,26,0,Not Promoted,Inactive
10600,Vijay Verma,employee10600@company.com,HR,Financial Analyst,Coimbatore,Full-Time,B.Tech,2018-05-24,86475,44,6.1,87.16,5,12,2,Needs Improvement,54.13,39,25,Promoted,Active
10601,Sneha Nair,employee10601@company.com,Customer Support,Marketing Executive,Hyderabad,Full-Time,MBA,2019-09-11,98110,21,8.6,86.77,26,5,3,Average,85.27,2,26,Promoted,Active
10602,Manoj Kumar,employee10602@company.com,Customer Support,HR Executive,Pune,Full-Time,MCA,2020-10-04,33143,44,15.5,80.78,82,3,3,Average,47.89,36,28,Not Promoted,Active
10603,Dinesh Reddy,employee10603@company.com,IT,Senior Software Engineer,Hyderabad,Full-Time,B.Tech,2018-12-20,114472,23,3.8,95.52,51,4,3,Average,70.18,25,2,Promoted,Active
10604,Ravi Joshi,employee10604@company.com,Sales,Senior Software Engineer,Bangalore,Full-Time,B.Tech,2018-10-08,127132,37,6.6,71.6,69,9,2,Needs Improvement,71.78,4,22,Not Promoted,Active
10605,Rahul Joshi,employee10605@company.com,Finance,Project Manager,Pune,Part-Time,BBA,2021-09-07,112005,27,8.8,72.56,48,7,2,Needs Improvement,100.57,19,9,Promoted,Active
10606,Karthik Iyer,employee10606@company.com,Finance,Financial Analyst,Mumbai,Part-Time,M.Com,2020-04-16,73538,30,5.7,99.72,80,12,3,Average,56.72,40,14,Not Promoted,Active
10607,Karthik Mishra,employee10607@company.com,IT,Software Engineer,Hyderabad,Contract,M.Com,2023-05-14,88795,39,11.5,92.43,92,2,3,Average,86.83,7,24,Not Promoted,Active
10608,Nisha Gupta,employee10608@company.com,Sales,Project Manager,Delhi,Contract,B.E,2019-01-25,128041,44,5.0,94.12,22,10,3,Average,57.51,27,15,Not Promoted,Active
10609,Suresh Kumar,employee10609@company.com,HR,Senior Software Engineer,Bangalore,Full-Time,MCA,2020-12-23,107159,29,14.0,88.08,80,11,4,Good,106.66,28,26,Not Promoted,Active
10610,Priya Pillai,employee10610@company.com,Operations,Project Manager,Pune,Contract,BBA,2018-09-22,148796,35,9.3,82.6,20,14,4,Good,79.42,40,28,Promoted,Active
10611,Rohan Joshi,employee10611@company.com,IT,Senior Software Engineer,Bangalore,Part-Time,B.Tech,2023-08-16,126256,42,2.0,88.88,73,2,1,Needs Improvement,91.03,1,3,Not Promoted,Active
10612,Priya Rao,employee10612@company.com,Marketing,Financial Analyst,Pune,Full-Time,B.Tech,2020-07-01,102166,37,11.5,72.78,7,4,4,Good,87.03,1,23,Not Promoted,Active
10613,Divya Rao,employee10613@company.com,Sales,Financial Analyst,Pune,Full-Time,M.Com,2018-06-17,42239,39,10.5,92.73,53,8,4,Good,64.74,37,21,Not Promoted,Inactive
10614,Rahul Pillai,employee10614@company.com,Marketing,Software Engineer,Pune,Full-Time,M.Sc,2024-07-30,121559,29,6.4,86.22,13,4,2,Needs Improvement,103.58,37,19,Not Promoted,Active
10615,Priya Pillai,employee10615@company.com,Marketing,Operations Analyst,Delhi,Part-Time,MBA,2023-06-19,52240,39,0.7,98.7,30,0,5,Excellent,85.77,22,2,Not Promoted,Active
10616,Sneha Gupta,employee10616@company.com,IT,Operations Analyst,Mumbai,Full-Time,BBA,2024-01-30,126542,28,4.0,89.12,50,4,5,Excellent,78.17,9,4,Not Promoted,Inactive
10617,Swetha Verma,employee10617@company.com,Sales,Project Manager,Pune,Full-Time,M.Sc,2020-04-29,25553,26,7.6,74.55,61,8,2,Needs Improvement,79.34,27,2,Not Promoted,Inactive
10618,Anjali Joshi,employee10618@company.com,Marketing,Project Manager,Pune,Full-Time,BBA,2023-12-07,49518,41,4.0,84.33,17,6,3,Average,102.89,18,7,Not Promoted,Active
10619,Priya Nair,employee10619@company.com,Customer Support,Project Manager,Bangalore,Full-Time,M.Com,2018-06-23,134309,49,10.6,71.73,46,8,4,Good,48.84,27,26,Promoted,Active
10620,Divya Sharma,employee10620@company.com,Engineering,Software Engineer,Pune,Full-Time,MBA,2023-12-17,133381,54,13.0,92.36,93,9,4,Good,70.29,30,27,Not Promoted,Active
10621,Divya Joshi,employee10621@company.com,Customer Support,Support Associate,Mumbai,Contract,MCA,2018-07-06,38612,32,15.5,85.05,81,9,3,Average,99.71,1,5,Not Promoted,Active
10622,Aakash Mishra,employee10622@company.com,Sales,Project Manager,Coimbatore,Full-Time,M.Sc,2020-12-22,101673,52,11.8,81.09,51,15,3,Average,47.44,28,14,Not Promoted,Active
10623,Rahul Sharma,employee10623@company.com,Finance,Operations Analyst,Delhi,Part-Time,M.Com,2021-07-21,89459,26,12.6,99.06,88,13,3,Average,86.55,13,26,Promoted,Active
10624,Nisha Pillai,employee10624@company.com,Engineering,Operations Analyst,Delhi,Full-Time,MCA,2025-03-30,50804,37,11.1,98.22,36,4,3,Average,71.21,27,5,Not Promoted,Active
10625,Karthik Rao,employee10625@company.com,Operations,Marketing Executive,Bangalore,Full-Time,B.Com,2024-03-07,66154,52,17.7,98.58,88,2,4,Good,58.3,0,22,Not Promoted,Active
10626,Suresh Joshi,employee10626@company.com,Marketing,Financial Analyst,Coimbatore,Full-Time,B.Tech,2020-10-05,65106,28,5.1,76.63,29,1,3,Average,84.74,15,27,Not Promoted,Active
10627,Suresh Das,employee10627@company.com,Marketing,Support Associate,Pune,Full-Time,MCA,2021-05-01,123041,49,5.2,91.86,29,8,3,Average,99.02,36,29,Promoted,Active
10628,Meena Mishra,employee10628@company.com,Sales,Senior Software Engineer,Bangalore,Full-Time,MBA,2025-08-29,135183,51,2.7,98.36,99,4,4,Good,75.38,20,6,Not Promoted,Active
10629,Rahul Reddy,employee10629@company.com,Customer Support,Operations Analyst,Delhi,Full-Time,B.Com,2019-06-16,80146,39,9.0,87.13,74,10,1,Needs Improvement,54.54,13,7,Not Promoted,Active
10630,Anjali Mishra,employee10630@company.com,Operations,HR Executive,Mumbai,Full-Time,MBA,2021-04-20,34617,29,2.2,76.42,47,12,3,Average,64.9,16,15,Promoted,Inactive
10631,Vijay Iyer,employee10631@company.com,Finance,HR Executive,Bangalore,Full-Time,B.E,2025-02-20,40398,48,5.2,94.53,38,0,4,Good,108.79,14,20,Not Promoted,Active
10632,Priya Verma,employee10632@company.com,Marketing,Operations Analyst,Mumbai,Part-Time,B.E,2018-08-16,27693,51,8.9,96.4,26,1,5,Excellent,52.22,30,12,Promoted,Active
10633,Priya Rao,employee10633@company.com,IT,HR Executive,Coimbatore,Full-Time,B.Tech,2025-02-26,55971,39,17.3,91.1,15,1,4,Good,55.45,35,4,Promoted,Active
10634,Vijay Menon,employee10634@company.com,Customer Support,Sales Executive,Coimbatore,Full-Time,B.Com,2019-09-06,92507,53,17.4,78.81,31,11,4,Good,109.36,13,21,Promoted,Active
10635,Kavya Rao,employee10635@company.com,Sales,Support Associate,Hyderabad,Full-Time,B.Com,2023-11-07,79554,46,13.5,75.72,28,3,2,Needs Improvement,102.34,35,19,Not Promoted,Active
10636,Aakash Kumar,employee10636@company.com,Sales,Financial Analyst,Pune,Part-Time,B.E,2022-11-01,105078,21,7.3,88.73,51,13,3,Average,90.96,26,1,Not Promoted,Active
10637,Sneha Sharma,employee10637@company.com,Customer Support,Operations Analyst,Mumbai,Part-Time,B.Tech,2025-11-02,99227,31,15.6,84.48,73,5,4,Good,54.81,2,13,Not Promoted,Active
10638,Meena Nair,employee10638@company.com,Marketing,Operations Analyst,Pune,Full-Time,MCA,2018-09-07,103990,22,15.8,90.06,93,7,3,Average,60.64,35,17,Not Promoted,Inactive
10639,Rahul Rao,employee10639@company.com,Finance,Senior Software Engineer,Coimbatore,Contract,B.E,2024-03-22,111034,55,16.4,73.35,74,15,3,Average,56.71,5,17,Not Promoted,Inactive
10640,Rohan Reddy,employee10640@company.com,Marketing,Support Associate,Mumbai,Part-Time,B.Com,2023-04-27,94309,33,11.7,74.08,14,13,3,Average,86.01,26,17,Not Promoted,Inactive
10641,Sneha Das,employee10641@company.com,Customer Support,Project Manager,Chennai,Full-Time,MBA,2019-11-04,110567,54,4.0,80.89,43,12,1,Needs Improvement,70.93,21,14,Not Promoted,Active
10642,Dinesh Pillai,employee10642@company.com,Engineering,Project Manager,Coimbatore,Full-Time,M.Sc,2024-01-25,65677,54,2.1,77.76,22,12,3,Average,48.11,21,4,Not Promoted,Active
10643,Aakash Iyer,employee10643@company.com,HR,Data Analyst,Chennai,Full-Time,B.Com,2023-11-28,93402,55,16.5,88.58,47,2,3,Average,63.93,35,1,Not Promoted,Active
10644,Rohan Menon,employee10644@company.com,Marketing,Marketing Executive,Chennai,Full-Time,B.Tech,2022-12-02,74838,52,1.5,81.03,22,13,3,Average,100.94,31,22,Not Promoted,Active
10645,Ravi Sharma,employee10645@company.com,Operations,Sales Executive,Coimbatore,Full-Time,B.Com,2018-10-24,123104,32,5.7,90.52,70,9,2,Needs Improvement,96.74,26,10,Not Promoted,Active
10646,Pooja Gupta,employee10646@company.com,Engineering,Software Engineer,Mumbai,Full-Time,M.Com,2023-04-12,92603,53,9.0,93.06,13,13,5,Excellent,86.8,6,19,Not Promoted,Active
10647,Swetha Singh,employee10647@company.com,Customer Support,Software Engineer,Delhi,Full-Time,B.Com,2024-04-09,47291,38,0.9,75.62,72,9,4,Good,50.56,38,9,Not Promoted,Active
10648,Ravi Gupta,employee10648@company.com,Engineering,Data Analyst,Delhi,Part-Time,M.Com,2024-03-06,53497,25,16.4,97.59,53,5,4,Good,102.38,11,4,Not Promoted,Active
10649,Swetha Reddy,employee10649@company.com,Operations,Financial Analyst,Pune,Full-Time,B.E,2021-06-20,140135,39,5.5,93.61,91,3,4,Good,79.74,15,1,Promoted,Active
10650,Meena Mishra,employee10650@company.com,Engineering,Software Engineer,Chennai,Contract,MCA,2021-01-10,56969,51,1.0,88.8,69,7,3,Average,77.15,37,11,Not Promoted,Active
10651,Ravi Patel,employee10651@company.com,Engineering,Project Manager,Pune,Full-Time,M.Com,2021-12-28,133262,47,17.9,97.27,42,8,2,Needs Improvement,105.71,4,16,Not Promoted,Active
10652,Ravi Rao,employee10652@company.com,Customer Support,HR Executive,Mumbai,Full-Time,B.Com,2022-04-16,67084,35,5.9,77.98,44,8,4,Good,45.57,34,24,Not Promoted,Active
10653,Swetha Sharma,employee10653@company.com,HR,Marketing Executive,Pune,Full-Time,MCA,2020-10-24,121994,24,15.8,82.65,21,13,4,Good,81.13,8,21,Promoted,Active
10654,Suresh Verma,employee10654@company.com,Operations,Support Associate,Pune,Full-Time,BBA,2024-04-27,41677,39,8.4,72.57,60,11,4,Good,96.43,28,28,Not Promoted,Active
10655,Anjali Joshi,employee10655@company.com,Operations,Project Manager,Chennai,Contract,M.Sc,2022-05-09,55245,41,12.1,83.69,17,12,3,Average,49.14,26,4,Not Promoted,Active
10656,Divya Kumar,employee10656@company.com,IT,Senior Software Engineer,Coimbatore,Part-Time,MCA,2024-08-24,78312,21,4.7,85.19,43,5,2,Needs Improvement,68.22,31,20,Not Promoted,Active
10657,Swetha Reddy,employee10657@company.com,Sales,Support Associate,Delhi,Full-Time,B.Com,2018-04-06,60314,40,9.3,88.48,85,14,3,Average,108.54,9,17,Promoted,Active
10658,Swetha Kumar,employee10658@company.com,Operations,Software Engineer,Bangalore,Contract,B.Com,2021-09-21,33267,42,5.0,71.92,72,13,3,Average,58.77,24,15,Not Promoted,Active
10659,Pooja Nair,employee10659@company.com,Sales,Senior Software Engineer,Hyderabad,Full-Time,M.Sc,2025-09-17,64812,33,17.1,70.97,17,14,4,Good,79.53,37,7,Not Promoted,Active
10660,Anjali Rao,employee10660@company.com,Customer Support,Support Associate,Mumbai,Full-Time,BBA,2023-08-07,28775,21,1.6,82.6,56,14,4,Good,93.49,24,3,Not Promoted,Active
10661,Aakash Das,employee10661@company.com,Finance,Operations Analyst,Mumbai,Full-Time,B.Tech,2022-10-06,101924,35,5.3,75.67,84,1,3,Average,70.37,3,3,Not Promoted,Active
10662,Karthik Rao,employee10662@company.com,Marketing,Sales Executive,Mumbai,Full-Time,B.E,2021-09-14,100802,35,16.1,92.76,14,1,5,Excellent,71.51,40,23,Promoted,Active
10663,Karthik Kumar,employee10663@company.com,IT,Project Manager,Hyderabad,Full-Time,M.Com,2020-04-08,88078,34,8.9,90.06,72,13,4,Good,49.11,22,3,Not Promoted,Active
10664,Karthik Iyer,employee10664@company.com,Customer Support,Senior Software Engineer,Bangalore,Full-Time,MBA,2022-07-20,50875,25,11.0,79.77,57,9,3,Average,57.36,9,16,Not Promoted,Active
10665,Pooja Verma,employee10665@company.com,HR,Data Analyst,Delhi,Full-Time,M.Com,2022-03-23,120803,26,11.9,71.37,1,8,2,Needs Improvement,102.24,5,19,Not Promoted,Active
10666,Arun Menon,employee10666@company.com,Finance,Sales Executive,Pune,Full-Time,B.Com,2020-07-14,143866,51,1.7,75.47,13,4,2,Needs Improvement,98.19,12,28,Not Promoted,Active
10667,Arun Menon,employee10667@company.com,Engineering,Support Associate,Delhi,Full-Time,MBA,2021-02-22,72589,46,0.8,90.75,20,6,3,Average,64.8,30,30,Not Promoted,Active
10668,Rohan Sharma,employee10668@company.com,IT,Financial Analyst,Mumbai,Contract,MBA,2022-12-12,28534,45,16.9,99.7,42,5,3,Average,69.81,4,9,Not Promoted,Active
10669,Ajay Verma,employee10669@company.com,IT,Data Analyst,Pune,Full-Time,M.Com,2025-04-21,92589,35,5.3,79.79,44,8,3,Average,73.63,3,0,Not Promoted,Active
10670,Anjali Kumar,employee10670@company.com,Customer Support,Project Manager,Chennai,Full-Time,M.Sc,2024-04-26,64880,26,7.2,94.06,33,4,3,Average,67.49,2,21,Not Promoted,Active
10671,Ajay Kumar,employee10671@company.com,HR,Operations Analyst,Delhi,Full-Time,M.Com,2020-04-10,43083,21,12.4,96.01,70,7,3,Average,87.5,29,17,Not Promoted,Active
10672,Kavya Iyer,employee10672@company.com,HR,Senior Software Engineer,Chennai,Full-Time,M.Com,2022-05-25,86807,27,4.6,71.45,78,3,5,Excellent,45.83,22,26,Not Promoted,Active
10673,Rahul Kumar,employee10673@company.com,Sales,HR Executive,Chennai,Full-Time,M.Com,2019-07-04,76670,24,13.3,97.49,11,12,2,Needs Improvement,102.21,36,14,Promoted,Active
10674,Vijay Pillai,employee10674@company.com,Marketing,Senior Software Engineer,Coimbatore,Full-Time,M.Sc,2025-07-10,100465,21,8.5,83.99,6,6,4,Good,64.54,17,28,Not Promoted,Active
10675,Rohan Iyer,employee10675@company.com,Customer Support,Sales Executive,Delhi,Part-Time,M.Sc,2025-07-19,79720,22,15.5,98.93,68,8,3,Average,101.7,34,24,Not Promoted,Active
10676,Suresh Das,employee10676@company.com,Finance,Senior Software Engineer,Mumbai,Contract,B.E,2020-10-28,67890,54,5.4,86.16,86,1,5,Excellent,74.54,4,28,Not Promoted,Active
10677,Rohan Menon,employee10677@company.com,Marketing,Sales Executive,Hyderabad,Full-Time,B.Tech,2019-07-17,64600,55,4.1,77.05,27,8,2,Needs Improvement,95.46,40,9,Not Promoted,Inactive
10678,Divya Das,employee10678@company.com,Finance,Data Analyst,Mumbai,Full-Time,B.Tech,2024-08-17,66329,33,15.1,99.24,97,11,3,Average,98.68,27,15,Not Promoted,Active
10679,Suresh Kumar,employee10679@company.com,IT,Senior Software Engineer,Chennai,Full-Time,M.Com,2018-08-10,122619,37,6.2,77.3,24,7,5,Excellent,64.58,37,3,Promoted,Active
10680,Vijay Pillai,employee10680@company.com,Operations,Data Analyst,Chennai,Full-Time,B.Tech,2019-06-15,28739,30,7.7,96.47,65,9,5,Excellent,86.62,17,30,Not Promoted,Active
10681,Vijay Rao,employee10681@company.com,Operations,Operations Analyst,Mumbai,Full-Time,M.Com,2024-07-25,45757,23,14.4,75.19,50,0,4,Good,84.48,7,26,Not Promoted,Active
10682,Anjali Joshi,employee10682@company.com,Customer Support,Operations Analyst,Hyderabad,Full-Time,M.Com,2018-01-31,58107,24,11.6,90.24,72,9,3,Average,75.94,11,28,Not Promoted,Active
10683,Priya Pillai,employee10683@company.com,HR,Sales Executive,Hyderabad,Full-Time,M.Com,2021-10-13,27862,45,8.2,82.34,33,6,3,Average,75.52,29,23,Not Promoted,Active
10684,Swetha Nair,employee10684@company.com,HR,Support Associate,Coimbatore,Full-Time,MCA,2018-01-22,107533,49,4.9,99.16,45,11,4,Good,64.84,21,26,Promoted,Active
10685,Ajay Nair,employee10685@company.com,Engineering,Operations Analyst,Pune,Part-Time,B.E,2021-08-05,42487,21,13.9,75.54,46,4,5,Excellent,65.16,5,17,Promoted,Active
10686,Ravi Sharma,employee10686@company.com,IT,Marketing Executive,Bangalore,Full-Time,B.Com,2020-01-24,53353,50,3.7,82.26,31,4,4,Good,80.63,29,20,Not Promoted,Active
10687,Nisha Reddy,employee10687@company.com,IT,Senior Software Engineer,Chennai,Full-Time,B.Tech,2018-08-02,33984,30,16.7,89.19,11,6,4,Good,47.1,7,27,Not Promoted,Active
10688,Divya Rao,employee10688@company.com,Finance,Marketing Executive,Hyderabad,Full-Time,B.Tech,2019-12-13,48130,49,3.1,99.33,18,14,3,Average,105.69,28,10,Not Promoted,Active
10689,Divya Mishra,employee10689@company.com,IT,Senior Software Engineer,Delhi,Full-Time,B.E,2021-04-03,98794,52,14.6,79.12,46,15,4,Good,87.25,30,7,Not Promoted,Active
10690,Dinesh Sharma,employee10690@company.com,Engineering,Software Engineer,Coimbatore,Full-Time,B.E,2023-12-28,103038,21,7.9,81.91,37,10,3,Average,73.82,4,0,Promoted,Inactive
10691,Nisha Sharma,employee10691@company.com,Customer Support,Data Analyst,Chennai,Full-Time,M.Com,2019-02-13,62279,37,3.8,83.85,9,15,3,Average,49.02,10,21,Not Promoted,Active
10692,Swetha Rao,employee10692@company.com,Finance,Sales Executive,Bangalore,Full-Time,M.Com,2024-10-21,65080,32,7.5,77.58,9,15,3,Average,85.95,16,1,Not Promoted,Active
10693,Rahul Patel,employee10693@company.com,Marketing,Project Manager,Delhi,Full-Time,MCA,2020-03-07,37839,22,4.4,94.52,98,9,4,Good,46.15,12,20,Not Promoted,Active
10694,Vijay Patel,employee10694@company.com,HR,Project Manager,Chennai,Full-Time,MCA,2023-08-23,118907,29,2.9,72.76,40,13,3,Average,89.19,19,16,Not Promoted,Active
10695,Suresh Das,employee10695@company.com,HR,Financial Analyst,Coimbatore,Full-Time,BBA,2024-12-23,79557,32,4.7,91.14,54,3,2,Needs Improvement,49.71,30,27,Not Promoted,Active
10696,Vijay Nair,employee10696@company.com,Operations,Support Associate,Coimbatore,Full-Time,B.Com,2020-11-15,123874,45,15.7,86.02,100,0,4,Good,87.65,25,19,Not Promoted,Active
10697,Ajay Kumar,employee10697@company.com,Operations,Sales Executive,Hyderabad,Contract,B.Tech,2025-01-25,66499,55,2.4,77.26,95,5,3,Average,71.38,27,18,Not Promoted,Active
10698,Swetha Patel,employee10698@company.com,Engineering,Operations Analyst,Pune,Full-Time,B.E,2020-05-10,30356,42,17.5,84.78,70,0,4,Good,88.07,24,9,Promoted,Active
10699,Rohan Nair,employee10699@company.com,Customer Support,HR Executive,Mumbai,Full-Time,B.Com,2018-03-17,107036,53,0.6,94.9,73,10,2,Needs Improvement,54.0,17,29,Not Promoted,Active
10700,Divya Singh,employee10700@company.com,HR,Support Associate,Coimbatore,Contract,B.Tech,2019-01-01,100926,41,12.0,83.36,42,0,3,Average,52.63,31,20,Not Promoted,Active
10701,Aakash Reddy,employee10701@company.com,Engineering,Support Associate,Delhi,Full-Time,B.Com,2022-02-23,54778,42,15.5,73.66,37,14,4,Good,61.08,28,30,Not Promoted,Active
10702,Priya Menon,employee10702@company.com,Customer Support,HR Executive,Mumbai,Full-Time,BBA,2020-04-20,130528,48,16.8,71.22,26,11,2,Needs Improvement,71.75,2,7,Not Promoted,Inactive
10703,Sneha Reddy,employee10703@company.com,Marketing,Data Analyst,Hyderabad,Full-Time,B.Com,2022-05-03,88192,24,3.0,93.33,31,7,3,Average,61.45,34,24,Promoted,Active
10704,Arun Menon,employee10704@company.com,Marketing,Support Associate,Hyderabad,Full-Time,M.Sc,2019-05-14,77183,46,12.7,79.91,70,3,2,Needs Improvement,50.33,37,20,Not Promoted,Inactive
10705,Rohan Joshi,employee10705@company.com,Sales,Software Engineer,Delhi,Contract,M.Com,2021-10-01,110376,43,2.4,97.94,47,14,2,Needs Improvement,66.13,14,8,Not Promoted,Active
10706,Nisha Gupta,employee10706@company.com,Finance,Support Associate,Bangalore,Full-Time,B.Com,2022-11-16,54980,43,6.7,88.51,25,4,5,Excellent,90.87,2,9,Not Promoted,Active
10707,Rahul Reddy,employee10707@company.com,Operations,Financial Analyst,Coimbatore,Part-Time,M.Com,2021-06-05,60819,28,13.3,83.09,85,9,3,Average,82.9,20,19,Promoted,Active
10708,Nisha Das,employee10708@company.com,Finance,Marketing Executive,Delhi,Full-Time,B.Tech,2019-11-30,39065,52,6.6,86.93,57,9,4,Good,107.62,2,27,Not Promoted,Active
10709,Priya Iyer,employee10709@company.com,Operations,Project Manager,Chennai,Part-Time,MCA,2025-06-20,35559,21,6.0,83.71,75,0,3,Average,73.33,34,4,Not Promoted,Inactive
10710,Sneha Menon,employee10710@company.com,Sales,Data Analyst,Bangalore,Full-Time,B.Tech,2024-02-29,149514,50,2.5,97.17,23,9,4,Good,66.63,7,28,Not Promoted,Active
10711,Manoj Verma,employee10711@company.com,HR,Sales Executive,Mumbai,Contract,BBA,2024-10-29,98969,48,1.7,83.74,53,6,4,Good,90.09,2,26,Not Promoted,Inactive
10712,Priya Iyer,employee10712@company.com,Engineering,Operations Analyst,Chennai,Contract,M.Com,2025-01-09,33656,37,2.5,73.12,45,10,4,Good,71.78,10,8,Not Promoted,Active
10713,Pooja Joshi,employee10713@company.com,Customer Support,Software Engineer,Bangalore,Full-Time,MCA,2018-05-12,68210,43,15.8,87.91,57,1,3,Average,85.19,1,10,Not Promoted,Active
10714,Suresh Gupta,employee10714@company.com,Finance,Data Analyst,Mumbai,Full-Time,M.Sc,2021-06-22,86988,44,0.7,88.69,92,5,3,Average,106.51,32,24,Not Promoted,Active
10715,Meena Rao,employee10715@company.com,Operations,Marketing Executive,Chennai,Full-Time,MBA,2018-04-01,56477,42,12.6,92.96,31,14,3,Average,77.45,7,17,Not Promoted,Active
10716,Kavya Patel,employee10716@company.com,Finance,Financial Analyst,Pune,Contract,MCA,2019-04-17,137060,25,14.0,98.0,15,8,5,Excellent,77.38,11,20,Not Promoted,Active
10717,Rahul Das,employee10717@company.com,HR,Marketing Executive,Coimbatore,Full-Time,B.Com,2023-06-12,131111,45,10.4,83.29,89,1,4,Good,95.39,18,29,Not Promoted,Active
10718,Rahul Iyer,employee10718@company.com,Customer Support,Sales Executive,Delhi,Full-Time,BBA,2021-06-19,130606,27,13.3,80.56,69,5,5,Excellent,94.14,17,23,Not Promoted,Active
10719,Swetha Das,employee10719@company.com,IT,HR Executive,Delhi,Part-Time,BBA,2019-05-17,54529,42,11.9,84.72,64,11,2,Needs Improvement,78.56,20,0,Not Promoted,Active
10720,Priya Rao,employee10720@company.com,Operations,Operations Analyst,Delhi,Full-Time,B.Tech,2025-09-09,43262,54,8.5,97.01,12,11,4,Good,49.21,21,15,Not Promoted,Active
10721,Manoj Gupta,employee10721@company.com,Engineering,HR Executive,Pune,Full-Time,M.Sc,2019-01-22,90087,40,7.2,99.4,5,4,5,Excellent,108.75,29,19,Promoted,Active
10722,Ajay Kumar,employee10722@company.com,IT,Senior Software Engineer,Coimbatore,Part-Time,B.Com,2020-10-27,62649,37,17.0,99.14,11,14,3,Average,69.53,17,23,Not Promoted,Active
10723,Priya Iyer,employee10723@company.com,Sales,Financial Analyst,Bangalore,Full-Time,M.Sc,2021-01-16,78788,24,17.5,76.89,8,12,2,Needs Improvement,65.59,5,9,Not Promoted,Active
10724,Rohan Gupta,employee10724@company.com,Customer Support,Operations Analyst,Coimbatore,Full-Time,MCA,2019-08-21,76686,38,11.9,84.91,83,12,4,Good,108.8,0,27,Not Promoted,Active
10725,Vijay Nair,employee10725@company.com,Marketing,Sales Executive,Hyderabad,Full-Time,MBA,2020-06-26,67865,48,4.0,77.78,58,12,4,Good,101.69,8,17,Not Promoted,Active
10726,Arun Reddy,employee10726@company.com,Finance,Data Analyst,Chennai,Full-Time,B.Com,2025-12-24,61577,36,8.3,81.04,90,1,4,Good,66.46,15,0,Not Promoted,Active
10727,Suresh Menon,employee10727@company.com,Operations,Project Manager,Bangalore,Full-Time,MBA,2021-09-16,99299,28,9.2,70.95,66,14,2,Needs Improvement,65.04,28,27,Not Promoted,Active
10728,Vijay Nair,employee10728@company.com,Engineering,Operations Analyst,Hyderabad,Full-Time,B.E,2025-05-28,112525,38,13.8,74.82,23,14,4,Good,91.86,28,30,Promoted,Active
10729,Aakash Singh,employee10729@company.com,Finance,Data Analyst,Delhi,Full-Time,MBA,2024-07-17,114653,49,12.2,81.91,14,13,3,Average,66.73,4,5,Not Promoted,Active
10730,Nisha Kumar,employee10730@company.com,Sales,Data Analyst,Delhi,Full-Time,B.Tech,2019-04-09,89327,36,9.5,80.94,97,8,3,Average,61.34,18,21,Not Promoted,Active
10731,Ravi Rao,employee10731@company.com,Sales,Senior Software Engineer,Delhi,Full-Time,MCA,2024-11-14,85052,50,12.4,78.36,62,15,3,Average,108.68,21,0,Promoted,Active
10732,Dinesh Patel,employee10732@company.com,Finance,Software Engineer,Hyderabad,Full-Time,M.Com,2020-12-08,138044,54,0.9,76.91,49,1,4,Good,81.77,7,2,Not Promoted,Active
10733,Aakash Nair,employee10733@company.com,Operations,Financial Analyst,Chennai,Full-Time,M.Com,2025-11-06,61409,50,14.1,92.47,95,0,4,Good,94.56,17,25,Not Promoted,Active
10734,Aakash Sharma,employee10734@company.com,Engineering,Financial Analyst,Chennai,Full-Time,BBA,2021-09-12,53080,41,4.2,78.84,20,8,4,Good,91.35,13,12,Not Promoted,Active
10735,Manoj Iyer,employee10735@company.com,Customer Support,Senior Software Engineer,Hyderabad,Full-Time,B.Com,2019-04-19,53195,42,12.0,91.2,0,8,3,Average,94.11,3,11,Not Promoted,Active
10736,Karthik Gupta,employee10736@company.com,HR,HR Executive,Mumbai,Full-Time,MCA,2020-06-06,91192,45,2.5,81.06,96,8,5,Excellent,103.72,39,23,Not Promoted,Active
10737,Meena Reddy,employee10737@company.com,Customer Support,HR Executive,Delhi,Contract,BBA,2020-07-27,40609,42,2.5,94.06,10,7,3,Average,77.55,26,13,Not Promoted,Inactive
10738,Priya Menon,employee10738@company.com,HR,Sales Executive,Bangalore,Full-Time,M.Sc,2024-08-12,44535,48,1.1,75.02,66,3,4,Good,93.97,23,24,Not Promoted,Active
10739,Kavya Sharma,employee10739@company.com,Engineering,Software Engineer,Chennai,Full-Time,B.E,2021-08-03,148828,53,16.4,74.73,21,13,3,Average,96.79,29,27,Not Promoted,Active
10740,Arun Nair,employee10740@company.com,Marketing,Data Analyst,Coimbatore,Part-Time,BBA,2025-08-02,29110,22,11.1,90.39,73,8,3,Average,106.51,11,23,Not Promoted,Inactive
10741,Manoj Reddy,employee10741@company.com,Customer Support,Support Associate,Hyderabad,Contract,B.Com,2024-05-29,134518,24,6.8,97.45,87,1,3,Average,91.35,12,16,Not Promoted,Active
10742,Swetha Joshi,employee10742@company.com,Engineering,Support Associate,Mumbai,Full-Time,MBA,2020-12-22,32207,36,14.3,74.29,6,0,3,Average,103.02,39,15,Not Promoted,Active
10743,Meena Nair,employee10743@company.com,Finance,HR Executive,Pune,Contract,M.Com,2019-07-22,87544,32,11.5,72.21,48,11,4,Good,51.18,3,26,Not Promoted,Active
10744,Rahul Das,employee10744@company.com,Finance,Senior Software Engineer,Hyderabad,Full-Time,MBA,2020-05-23,73637,37,11.4,98.04,99,9,4,Good,53.2,25,12,Not Promoted,Inactive
10745,Divya Menon,employee10745@company.com,Operations,Software Engineer,Coimbatore,Full-Time,M.Com,2025-03-21,58074,36,9.0,73.52,0,6,3,Average,55.29,0,3,Not Promoted,Active
10746,Priya Sharma,employee10746@company.com,Finance,Marketing Executive,Mumbai,Full-Time,BBA,2018-09-17,66664,43,0.6,77.51,64,5,5,Excellent,54.41,26,14,Not Promoted,Active
10747,Anjali Reddy,employee10747@company.com,Operations,Project Manager,Pune,Full-Time,M.Com,2022-07-15,111412,28,5.0,97.88,62,2,3,Average,50.69,22,27,Not Promoted,Active
10748,Karthik Singh,employee10748@company.com,Engineering,Software Engineer,Mumbai,Full-Time,M.Com,2018-07-03,99405,29,2.4,94.09,63,1,4,Good,52.97,37,8,Not Promoted,Active
10749,Nisha Reddy,employee10749@company.com,Finance,Sales Executive,Chennai,Full-Time,BBA,2024-01-04,122225,34,12.1,80.28,25,7,5,Excellent,109.73,10,16,Promoted,Active
10750,Dinesh Mishra,employee10750@company.com,Sales,Data Analyst,Hyderabad,Full-Time,MCA,2022-12-23,68872,29,4.9,98.64,16,14,4,Good,62.69,38,27,Not Promoted,Active
10751,Vijay Singh,employee10751@company.com,IT,Data Analyst,Coimbatore,Full-Time,M.Sc,2019-08-15,37185,46,8.4,87.04,10,3,2,Needs Improvement,76.07,20,29,Not Promoted,Active
10752,Rohan Gupta,employee10752@company.com,Engineering,Financial Analyst,Pune,Full-Time,BBA,2022-11-07,131706,23,6.7,72.17,66,5,5,Excellent,98.4,21,10,Not Promoted,Active
10753,Rahul Gupta,employee10753@company.com,Finance,Operations Analyst,Mumbai,Full-Time,M.Sc,2021-12-03,45878,30,3.0,91.09,9,3,4,Good,52.69,27,19,Not Promoted,Active
10754,Vijay Gupta,employee10754@company.com,IT,Operations Analyst,Pune,Full-Time,M.Sc,2020-10-14,26396,45,17.3,86.12,65,12,3,Average,65.63,37,25,Not Promoted,Active
10755,Priya Kumar,employee10755@company.com,HR,Financial Analyst,Bangalore,Contract,B.Tech,2024-10-23,28460,24,16.8,87.18,31,10,2,Needs Improvement,55.35,5,6,Not Promoted,Active
10756,Arun Patel,employee10756@company.com,Marketing,Sales Executive,Coimbatore,Full-Time,BBA,2022-01-21,127657,50,2.0,99.82,15,8,4,Good,49.07,24,30,Not Promoted,Active
10757,Karthik Verma,employee10757@company.com,Customer Support,Data Analyst,Hyderabad,Full-Time,MCA,2018-08-17,76314,31,15.0,74.58,25,14,4,Good,107.45,3,29,Not Promoted,Active
10758,Swetha Joshi,employee10758@company.com,Customer Support,Operations Analyst,Chennai,Full-Time,MBA,2022-05-16,70389,39,9.0,89.7,73,11,4,Good,100.79,33,6,Not Promoted,Active
10759,Ajay Gupta,employee10759@company.com,Engineering,Operations Analyst,Pune,Full-Time,M.Sc,2025-08-11,119556,33,14.0,83.76,55,15,5,Excellent,102.15,25,22,Not Promoted,Active
10760,Swetha Patel,employee10760@company.com,HR,Project Manager,Delhi,Full-Time,MCA,2021-09-30,133776,23,3.1,78.16,99,12,4,Good,101.46,38,25,Not Promoted,Active
10761,Aakash Pillai,employee10761@company.com,Finance,Operations Analyst,Mumbai,Full-Time,M.Sc,2022-06-13,32676,34,2.8,90.81,93,4,2,Needs Improvement,55.05,26,3,Not Promoted,Active
10762,Karthik Sharma,employee10762@company.com,Customer Support,Data Analyst,Delhi,Full-Time,B.Com,2021-07-11,62312,30,16.1,90.05,8,5,3,Average,96.02,38,7,Not Promoted,Inactive
10763,Anjali Verma,employee10763@company.com,Operations,Sales Executive,Pune,Full-Time,B.E,2020-01-10,28148,47,16.2,95.69,4,8,3,Average,92.31,20,18,Promoted,Active
10764,Pooja Iyer,employee10764@company.com,HR,Marketing Executive,Coimbatore,Full-Time,B.Com,2024-08-22,37272,44,8.7,96.37,6,14,4,Good,105.15,20,13,Not Promoted,Active
10765,Priya Joshi,employee10765@company.com,Sales,HR Executive,Delhi,Full-Time,MCA,2020-08-11,91363,36,15.7,86.85,99,14,1,Needs Improvement,59.26,28,24,Promoted,Active
10766,Dinesh Mishra,employee10766@company.com,IT,Software Engineer,Mumbai,Part-Time,MBA,2025-04-01,27655,30,12.2,79.77,64,14,4,Good,71.91,33,21,Promoted,Active
10767,Karthik Das,employee10767@company.com,Operations,Senior Software Engineer,Pune,Full-Time,B.E,2023-09-02,68105,47,3.7,85.89,90,5,4,Good,64.17,26,22,Not Promoted,Active
10768,Ravi Iyer,employee10768@company.com,Customer Support,Support Associate,Chennai,Full-Time,B.Com,2024-05-29,80863,27,6.3,80.78,11,1,5,Excellent,61.76,25,24,Promoted,Active
10769,Arun Das,employee10769@company.com,Operations,Software Engineer,Chennai,Full-Time,B.E,2021-07-14,86045,48,2.9,78.32,79,10,3,Average,87.4,4,3,Not Promoted,Active
10770,Rohan Singh,employee10770@company.com,Finance,Project Manager,Hyderabad,Contract,MBA,2019-04-21,70517,46,14.0,86.55,47,0,4,Good,55.66,19,20,Not Promoted,Active
10771,Ajay Sharma,employee10771@company.com,Sales,Operations Analyst,Chennai,Full-Time,M.Com,2023-05-27,99227,38,17.7,89.74,71,15,2,Needs Improvement,75.21,7,16,Not Promoted,Active
10772,Dinesh Joshi,employee10772@company.com,IT,Sales Executive,Pune,Full-Time,MBA,2024-11-03,68638,33,10.1,87.72,24,13,4,Good,87.03,17,25,Not Promoted,Active
10773,Nisha Verma,employee10773@company.com,Sales,Marketing Executive,Coimbatore,Full-Time,M.Sc,2020-06-16,99789,28,12.0,98.63,12,8,2,Needs Improvement,53.47,4,23,Not Promoted,Active
10774,Suresh Nair,employee10774@company.com,HR,Support Associate,Pune,Full-Time,B.Tech,2023-07-28,147552,47,13.6,78.96,40,1,3,Average,61.7,3,17,Not Promoted,Active
10775,Manoj Pillai,employee10775@company.com,Finance,Financial Analyst,Chennai,Contract,B.E,2018-10-12,98061,34,4.4,81.17,9,1,4,Good,107.88,4,20,Promoted,Active
10776,Ajay Mishra,employee10776@company.com,Operations,Marketing Executive,Bangalore,Contract,MBA,2021-03-31,104089,26,6.4,90.03,39,3,2,Needs Improvement,96.7,15,30,Promoted,Active
10777,Aakash Gupta,employee10777@company.com,Operations,HR Executive,Pune,Full-Time,M.Com,2019-08-13,79322,40,7.7,88.01,32,9,3,Average,89.0,8,14,Not Promoted,Active
10778,Ravi Sharma,employee10778@company.com,HR,Operations Analyst,Hyderabad,Full-Time,BBA,2018-05-02,126800,48,10.9,70.06,34,9,4,Good,100.64,24,4,Not Promoted,Active
10779,Rohan Verma,employee10779@company.com,Operations,Senior Software Engineer,Bangalore,Full-Time,M.Com,2021-02-09,145782,43,15.4,79.37,36,15,4,Good,45.91,37,14,Not Promoted,Active
10780,Rohan Mishra,employee10780@company.com,Marketing,Support Associate,Chennai,Full-Time,MBA,2021-06-16,29222,32,4.9,77.61,91,2,4,Good,45.39,7,30,Not Promoted,Active
10781,Sneha Kumar,employee10781@company.com,Finance,Operations Analyst,Coimbatore,Contract,B.Com,2025-01-02,116238,44,8.7,95.2,15,13,4,Good,55.01,0,25,Not Promoted,Active
10782,Karthik Iyer,employee10782@company.com,HR,Support Associate,Mumbai,Full-Time,MBA,2018-01-02,76141,42,13.7,95.99,71,13,4,Good,77.19,30,3,Not Promoted,Active
10783,Ajay Gupta,employee10783@company.com,Finance,Senior Software Engineer,Pune,Full-Time,M.Com,2020-06-10,35716,46,2.0,78.52,32,6,3,Average,82.05,32,30,Not Promoted,Active
10784,Suresh Das,employee10784@company.com,IT,HR Executive,Mumbai,Full-Time,BBA,2020-03-09,85644,42,9.5,73.06,52,6,3,Average,52.39,4,3,Promoted,Active
10785,Rohan Kumar,employee10785@company.com,Finance,Financial Analyst,Delhi,Full-Time,MBA,2019-09-21,113499,27,3.0,76.16,34,2,3,Average,49.7,17,11,Promoted,Active
10786,Rohan Nair,employee10786@company.com,Finance,Data Analyst,Hyderabad,Contract,B.Tech,2023-03-20,112424,35,9.9,75.3,54,2,5,Excellent,98.84,35,17,Not Promoted,Active
10787,Sneha Rao,employee10787@company.com,IT,Sales Executive,Bangalore,Full-Time,B.Com,2019-04-06,94716,50,13.9,77.12,75,8,4,Good,75.19,19,28,Not Promoted,Active
10788,Karthik Joshi,employee10788@company.com,HR,Marketing Executive,Mumbai,Full-Time,MBA,2023-05-28,26382,24,4.6,77.04,78,6,3,Average,109.51,23,30,Not Promoted,Active
10789,Ajay Patel,employee10789@company.com,Finance,Software Engineer,Hyderabad,Full-Time,M.Com,2020-08-29,87225,26,15.4,84.4,16,2,3,Average,59.91,18,18,Promoted,Active
10790,Rohan Verma,employee10790@company.com,Sales,Financial Analyst,Mumbai,Full-Time,MBA,2021-06-18,104898,22,6.4,79.59,26,2,5,Excellent,87.07,27,25,Not Promoted,Active
10791,Manoj Mishra,employee10791@company.com,Finance,Financial Analyst,Mumbai,Contract,M.Sc,2025-11-01,89347,51,3.8,86.79,20,12,2,Needs Improvement,97.29,29,17,Not Promoted,Active
10792,Kavya Kumar,employee10792@company.com,HR,Project Manager,Hyderabad,Contract,MBA,2018-02-23,29167,44,8.6,80.32,20,15,4,Good,101.72,38,0,Not Promoted,Active
10793,Kavya Nair,employee10793@company.com,Engineering,Support Associate,Pune,Contract,B.E,2022-01-30,142854,55,15.8,94.44,16,2,4,Good,64.91,14,3,Not Promoted,Active
10794,Meena Kumar,employee10794@company.com,Operations,Support Associate,Mumbai,Full-Time,MBA,2018-04-19,142323,51,1.7,98.52,26,8,4,Good,57.56,8,24,Not Promoted,Inactive
10795,Manoj Verma,employee10795@company.com,Customer Support,Project Manager,Hyderabad,Full-Time,BBA,2018-10-07,128849,45,6.2,82.12,75,13,1,Needs Improvement,59.7,38,14,Not Promoted,Active
10796,Dinesh Pillai,employee10796@company.com,IT,Marketing Executive,Mumbai,Full-Time,B.Tech,2022-08-16,83373,28,11.9,71.48,47,7,5,Excellent,88.34,30,29,Not Promoted,Active
10797,Swetha Reddy,employee10797@company.com,Operations,Support Associate,Coimbatore,Full-Time,M.Com,2022-08-26,144897,32,6.8,77.19,43,12,5,Excellent,78.95,0,5,Not Promoted,Active
10798,Anjali Das,employee10798@company.com,HR,Data Analyst,Pune,Full-Time,MCA,2020-12-16,120823,22,1.7,73.06,35,6,4,Good,83.93,12,23,Not Promoted,Active
10799,Nisha Sharma,employee10799@company.com,Marketing,Sales Executive,Coimbatore,Full-Time,B.E,2025-11-27,106117,35,6.3,80.34,27,7,4,Good,46.33,35,30,Not Promoted,Active
10800,Manoj Kumar,employee10800@company.com,Customer Support,Software Engineer,Coimbatore,Full-Time,MCA,2025-11-24,116730,52,14.9,89.35,24,0,5,Excellent,70.41,1,1,Not Promoted,Active
10801,Anjali Das,employee10801@company.com,Operations,Software Engineer,Hyderabad,Full-Time,MBA,2024-03-01,73721,31,17.4,85.57,72,8,4,Good,65.16,36,29,Not Promoted,Active
10802,Rohan Gupta,employee10802@company.com,Finance,Senior Software Engineer,Coimbatore,Full-Time,M.Sc,2019-06-29,53823,37,1.2,77.29,46,4,2,Needs Improvement,101.15,34,1,Not Promoted,Active
10803,Arun Verma,employee10803@company.com,Customer Support,Senior Software Engineer,Mumbai,Part-Time,B.Com,2024-06-14,85972,41,10.5,93.02,100,12,4,Good,95.46,36,1,Not Promoted,Active
10804,Kavya Patel,employee10804@company.com,Finance,Sales Executive,Chennai,Contract,B.Tech,2019-06-12,99963,42,2.3,73.94,22,4,4,Good,72.92,10,10,Not Promoted,Active
10805,Vijay Patel,employee10805@company.com,IT,Operations Analyst,Pune,Full-Time,B.Tech,2023-04-16,101358,53,12.4,76.85,74,4,3,Average,85.98,17,7,Not Promoted,Active
10806,Karthik Sharma,employee10806@company.com,Finance,Operations Analyst,Mumbai,Full-Time,M.Sc,2020-10-05,79534,49,0.6,90.28,49,8,4,Good,48.1,19,16,Not Promoted,Active
10807,Dinesh Gupta,employee10807@company.com,Customer Support,Financial Analyst,Bangalore,Contract,B.Tech,2021-05-26,61751,35,0.8,75.92,64,4,5,Excellent,86.42,1,20,Not Promoted,Active
10808,Sneha Rao,employee10808@company.com,Sales,Financial Analyst,Hyderabad,Full-Time,M.Sc,2019-09-09,141093,41,14.1,90.36,15,1,5,Excellent,51.32,23,11,Not Promoted,Active
10809,Suresh Das,employee10809@company.com,Sales,Project Manager,Mumbai,Full-Time,B.E,2022-06-01,49121,22,1.8,99.31,49,5,3,Average,91.41,15,3,Not Promoted,Active
10810,Meena Menon,employee10810@company.com,Engineering,HR Executive,Pune,Full-Time,M.Sc,2023-09-10,96736,23,5.8,94.94,12,6,2,Needs Improvement,82.3,22,26,Not Promoted,Active
10811,Ajay Rao,employee10811@company.com,Operations,Senior Software Engineer,Coimbatore,Full-Time,BBA,2018-04-10,105297,45,17.3,74.8,83,10,5,Excellent,64.53,37,0,Not Promoted,Active
10812,Kavya Nair,employee10812@company.com,HR,HR Executive,Pune,Full-Time,M.Sc,2025-06-07,47126,33,17.7,85.61,79,14,4,Good,69.1,28,27,Not Promoted,Active
10813,Ajay Patel,employee10813@company.com,Engineering,Support Associate,Bangalore,Part-Time,MBA,2025-10-22,86581,44,3.3,82.67,79,6,2,Needs Improvement,50.86,29,9,Not Promoted,Active
10814,Ajay Das,employee10814@company.com,IT,Software Engineer,Coimbatore,Full-Time,B.Tech,2021-08-31,113631,51,10.3,99.75,34,6,5,Excellent,65.98,3,6,Not Promoted,Active
10815,Aakash Patel,employee10815@company.com,Marketing,Financial Analyst,Bangalore,Full-Time,MBA,2019-05-10,51123,35,10.3,98.93,31,10,5,Excellent,107.84,28,15,Not Promoted,Active
10816,Kavya Reddy,employee10816@company.com,Engineering,Operations Analyst,Delhi,Full-Time,B.Com,2024-11-23,76036,26,8.4,73.81,86,13,4,Good,76.6,40,16,Not Promoted,Active
10817,Rohan Menon,employee10817@company.com,Operations,Sales Executive,Delhi,Full-Time,M.Sc,2020-01-12,103855,30,16.7,97.26,24,1,4,Good,75.83,26,5,Promoted,Active
10818,Sneha Kumar,employee10818@company.com,HR,Senior Software Engineer,Mumbai,Full-Time,MBA,2022-03-19,40590,29,13.7,75.8,42,5,3,Average,85.9,32,27,Not Promoted,Active
10819,Divya Iyer,employee10819@company.com,IT,Software Engineer,Chennai,Full-Time,MCA,2020-01-04,71265,25,13.9,79.58,27,8,2,Needs Improvement,76.49,17,0,Not Promoted,Active
10820,Dinesh Gupta,employee10820@company.com,Customer Support,Marketing Executive,Coimbatore,Full-Time,MBA,2022-07-15,79324,39,5.2,80.6,65,0,3,Average,68.11,5,10,Not Promoted,Active
10821,Rahul Gupta,employee10821@company.com,IT,Sales Executive,Pune,Full-Time,MBA,2022-12-12,92720,40,8.1,78.6,66,2,4,Good,54.07,31,12,Promoted,Active
10822,Vijay Patel,employee10822@company.com,Customer Support,HR Executive,Chennai,Full-Time,M.Sc,2020-09-24,47701,53,9.0,95.6,94,11,1,Needs Improvement,85.97,30,12,Not Promoted,Active
10823,Dinesh Iyer,employee10823@company.com,Operations,Data Analyst,Coimbatore,Full-Time,BBA,2024-07-06,97539,51,5.7,79.9,96,5,3,Average,93.68,11,8,Not Promoted,Active
10824,Anjali Kumar,employee10824@company.com,HR,HR Executive,Coimbatore,Full-Time,M.Com,2022-10-20,66178,33,2.2,94.5,32,15,3,Average,105.0,22,2,Not Promoted,Active
10825,Arun Reddy,employee10825@company.com,Engineering,Senior Software Engineer,Coimbatore,Full-Time,MCA,2024-04-18,130734,26,2.7,99.83,46,6,4,Good,45.2,28,27,Not Promoted,Active
10826,Vijay Verma,employee10826@company.com,HR,Sales Executive,Coimbatore,Full-Time,B.E,2022-10-28,62118,28,3.7,95.22,34,1,5,Excellent,49.33,2,1,Not Promoted,Active
10827,Rahul Mishra,employee10827@company.com,Finance,Data Analyst,Chennai,Full-Time,M.Sc,2020-10-21,50387,30,4.1,80.38,99,15,3,Average,103.46,32,22,Not Promoted,Active
10828,Pooja Verma,employee10828@company.com,Marketing,Support Associate,Mumbai,Contract,MBA,2022-01-22,82613,24,4.7,91.34,63,9,3,Average,86.03,38,0,Not Promoted,Active
10829,Manoj Rao,employee10829@company.com,Sales,Marketing Executive,Hyderabad,Contract,B.Tech,2022-07-27,71666,34,5.0,86.02,89,7,4,Good,107.26,27,6,Not Promoted,Active
10830,Anjali Pillai,employee10830@company.com,Finance,HR Executive,Hyderabad,Full-Time,M.Sc,2021-01-18,64135,24,8.5,93.6,11,10,3,Average,73.0,17,24,Not Promoted,Active
10831,Suresh Kumar,employee10831@company.com,IT,Marketing Executive,Hyderabad,Full-Time,BBA,2025-01-09,54554,44,9.4,74.59,52,14,3,Average,72.08,21,19,Not Promoted,Active
10832,Manoj Das,employee10832@company.com,Marketing,Sales Executive,Bangalore,Full-Time,M.Com,2022-11-15,144387,41,5.9,89.14,43,12,3,Average,67.38,19,9,Not Promoted,Active
10833,Sneha Rao,employee10833@company.com,Marketing,Software Engineer,Coimbatore,Full-Time,MBA,2023-10-22,118317,30,16.4,93.21,45,15,2,Needs Improvement,54.28,15,1,Not Promoted,Active
10834,Ajay Das,employee10834@company.com,HR,Sales Executive,Coimbatore,Full-Time,M.Com,2024-01-13,67146,45,10.2,92.84,10,5,3,Average,69.61,6,3,Promoted,Active
10835,Nisha Mishra,employee10835@company.com,Marketing,Operations Analyst,Pune,Full-Time,B.E,2019-12-24,125037,26,14.3,98.91,69,11,3,Average,45.95,3,24,Promoted,Active
10836,Dinesh Sharma,employee10836@company.com,Operations,Data Analyst,Bangalore,Full-Time,M.Sc,2023-10-18,37988,36,16.7,71.75,88,8,3,Average,78.11,37,15,Not Promoted,Active
10837,Manoj Sharma,employee10837@company.com,Marketing,Software Engineer,Pune,Full-Time,M.Com,2019-04-16,77119,48,3.4,80.37,45,8,5,Excellent,100.07,33,30,Promoted,Active
10838,Karthik Rao,employee10838@company.com,IT,HR Executive,Delhi,Full-Time,B.Tech,2024-12-14,41456,53,8.0,84.3,58,8,3,Average,65.88,35,7,Promoted,Active
10839,Divya Joshi,employee10839@company.com,Operations,Support Associate,Pune,Full-Time,MBA,2024-06-05,144681,50,8.1,79.29,58,8,4,Good,51.15,17,11,Promoted,Active
10840,Priya Das,employee10840@company.com,Operations,Marketing Executive,Pune,Full-Time,B.Tech,2022-10-01,129421,45,6.7,79.29,33,1,4,Good,108.29,32,4,Not Promoted,Active
10841,Dinesh Iyer,employee10841@company.com,Finance,Sales Executive,Mumbai,Full-Time,M.Sc,2021-05-14,147573,33,0.7,75.28,98,9,1,Needs Improvement,53.38,0,23,Not Promoted,Active
10842,Suresh Iyer,employee10842@company.com,Marketing,Project Manager,Hyderabad,Full-Time,M.Sc,2025-07-23,95578,35,14.8,94.39,20,12,4,Good,79.37,24,22,Not Promoted,Active
10843,Swetha Pillai,employee10843@company.com,HR,Senior Software Engineer,Coimbatore,Contract,BBA,2025-08-30,54214,50,2.5,97.24,81,9,3,Average,97.6,13,19,Not Promoted,Active
10844,Priya Menon,employee10844@company.com,Customer Support,HR Executive,Bangalore,Full-Time,B.Com,2024-09-20,98597,34,17.9,72.47,71,12,5,Excellent,61.4,10,2,Not Promoted,Active
10845,Meena Mishra,employee10845@company.com,Finance,Senior Software Engineer,Delhi,Contract,M.Com,2025-03-12,86405,24,14.0,74.65,97,6,2,Needs Improvement,99.7,7,0,Not Promoted,Active
10846,Kavya Nair,employee10846@company.com,HR,Software Engineer,Bangalore,Full-Time,M.Com,2023-04-30,140318,21,10.7,76.85,51,4,3,Average,81.21,15,13,Not Promoted,Inactive
10847,Sneha Pillai,employee10847@company.com,Marketing,Operations Analyst,Coimbatore,Full-Time,M.Com,2025-03-14,36034,23,3.2,85.27,47,14,2,Needs Improvement,66.58,38,29,Not Promoted,Active
10848,Swetha Joshi,employee10848@company.com,Finance,HR Executive,Mumbai,Full-Time,MCA,2025-10-17,112523,24,9.5,93.74,77,8,5,Excellent,101.27,36,18,Not Promoted,Active
10849,Pooja Mishra,employee10849@company.com,Marketing,Operations Analyst,Pune,Full-Time,M.Sc,2019-06-13,25877,34,5.1,72.14,18,0,4,Good,85.43,30,23,Not Promoted,Active
10850,Meena Reddy,employee10850@company.com,IT,Operations Analyst,Delhi,Full-Time,M.Sc,2018-05-17,122950,45,4.9,89.1,83,9,4,Good,85.0,17,24,Not Promoted,Active
10851,Karthik Mishra,employee10851@company.com,Finance,Support Associate,Hyderabad,Part-Time,B.E,2024-03-16,87718,23,15.0,74.48,3,6,2,Needs Improvement,77.76,6,15,Not Promoted,Active
10852,Rohan Menon,employee10852@company.com,HR,Software Engineer,Coimbatore,Full-Time,MCA,2025-01-09,83100,27,7.2,99.14,31,9,4,Good,62.86,3,8,Not Promoted,Active
10853,Aakash Sharma,employee10853@company.com,IT,Sales Executive,Chennai,Full-Time,B.Tech,2022-01-11,117777,28,8.4,96.96,89,4,3,Average,64.82,31,4,Not Promoted,Active
10854,Dinesh Mishra,employee10854@company.com,Sales,Project Manager,Chennai,Full-Time,M.Sc,2023-12-20,111213,27,15.3,98.49,27,10,5,Excellent,50.73,30,3,Not Promoted,Active
10855,Dinesh Singh,employee10855@company.com,HR,Data Analyst,Mumbai,Part-Time,B.Com,2023-07-29,34642,45,2.0,73.18,75,8,3,Average,60.84,9,5,Not Promoted,Active
10856,Rohan Iyer,employee10856@company.com,Customer Support,Operations Analyst,Hyderabad,Full-Time,BBA,2021-10-18,125844,37,10.9,84.64,57,6,3,Average,63.06,29,11,Not Promoted,Active
10857,Swetha Menon,employee10857@company.com,Engineering,Software Engineer,Chennai,Full-Time,B.E,2021-09-29,90143,46,10.6,74.96,73,3,1,Needs Improvement,48.82,34,13,Not Promoted,Active
10858,Rahul Menon,employee10858@company.com,Marketing,Support Associate,Chennai,Full-Time,B.E,2022-09-16,123385,24,7.9,88.01,40,10,3,Average,52.17,30,22,Not Promoted,Active
10859,Ravi Verma,employee10859@company.com,HR,HR Executive,Coimbatore,Full-Time,MBA,2020-11-07,75483,38,15.0,76.98,98,7,4,Good,62.57,30,13,Not Promoted,Inactive
10860,Meena Reddy,employee10860@company.com,Sales,Financial Analyst,Delhi,Full-Time,M.Sc,2022-10-15,90293,24,17.0,93.12,32,8,2,Needs Improvement,89.02,32,5,Promoted,Active
10861,Rohan Nair,employee10861@company.com,HR,Financial Analyst,Delhi,Full-Time,B.Com,2019-07-14,100450,37,8.6,89.32,13,8,4,Good,56.98,4,4,Not Promoted,Active
10862,Rohan Pillai,employee10862@company.com,IT,Project Manager,Coimbatore,Full-Time,M.Sc,2022-04-14,131259,37,8.5,87.15,86,9,3,Average,78.92,9,28,Not Promoted,Active
10863,Suresh Patel,employee10863@company.com,Operations,Support Associate,Bangalore,Full-Time,M.Com,2020-07-16,121629,45,9.3,94.76,81,3,4,Good,78.01,22,1,Not Promoted,Inactive
10864,Divya Patel,employee10864@company.com,Engineering,Software Engineer,Coimbatore,Full-Time,MCA,2024-07-07,139227,23,13.2,85.01,52,5,3,Average,99.21,6,2,Not Promoted,Active
10865,Meena Mishra,employee10865@company.com,HR,Support Associate,Hyderabad,Part-Time,BBA,2022-11-09,138140,32,12.2,78.1,75,3,3,Average,84.6,27,8,Not Promoted,Active
10866,Aakash Joshi,employee10866@company.com,Finance,Data Analyst,Chennai,Full-Time,BBA,2024-06-24,74508,47,4.4,88.62,41,0,4,Good,104.6,20,6,Not Promoted,Inactive
10867,Priya Reddy,employee10867@company.com,Customer Support,Data Analyst,Delhi,Full-Time,M.Com,2022-12-06,132815,37,1.6,98.71,35,5,2,Needs Improvement,85.83,30,25,Not Promoted,Active
10868,Anjali Pillai,employee10868@company.com,Sales,Sales Executive,Coimbatore,Full-Time,M.Sc,2022-03-30,25579,42,17.1,88.03,24,7,3,Average,46.66,40,11,Promoted,Active
10869,Meena Nair,employee10869@company.com,HR,Financial Analyst,Delhi,Full-Time,MBA,2022-12-17,37587,36,5.1,88.89,51,5,5,Excellent,69.8,26,17,Not Promoted,Active
10870,Suresh Menon,employee10870@company.com,Sales,Financial Analyst,Delhi,Full-Time,MCA,2020-09-06,91181,49,11.7,98.04,100,12,5,Excellent,90.44,28,27,Promoted,Active
10871,Pooja Patel,employee10871@company.com,Operations,Data Analyst,Bangalore,Full-Time,M.Com,2018-06-16,73470,34,15.0,85.46,39,11,3,Average,75.88,9,12,Not Promoted,Active
10872,Ajay Iyer,employee10872@company.com,IT,Support Associate,Hyderabad,Full-Time,BBA,2018-05-27,96799,27,5.8,99.89,85,2,3,Average,72.26,7,0,Not Promoted,Active
10873,Dinesh Joshi,employee10873@company.com,Finance,Project Manager,Pune,Contract,B.Tech,2019-03-21,40928,48,11.6,74.79,69,15,4,Good,88.65,8,0,Not Promoted,Active
10874,Rohan Nair,employee10874@company.com,Marketing,Project Manager,Delhi,Full-Time,BBA,2023-10-19,117345,33,2.4,86.11,79,12,3,Average,63.57,10,0,Not Promoted,Active
10875,Nisha Reddy,employee10875@company.com,HR,Operations Analyst,Hyderabad,Contract,M.Com,2021-09-13,68591,36,17.5,76.39,61,7,1,Needs Improvement,104.08,21,29,Promoted,Active
10876,Sneha Joshi,employee10876@company.com,IT,HR Executive,Mumbai,Full-Time,M.Sc,2025-11-20,56901,41,1.5,83.6,86,9,2,Needs Improvement,71.85,39,21,Promoted,Active
10877,Manoj Das,employee10877@company.com,Engineering,Financial Analyst,Bangalore,Full-Time,BBA,2020-07-07,118411,24,8.2,75.12,8,8,4,Good,86.03,25,20,Not Promoted,Inactive
10878,Divya Gupta,employee10878@company.com,Sales,Data Analyst,Pune,Full-Time,MCA,2025-04-17,33499,55,9.9,76.68,98,0,4,Good,108.85,36,6,Not Promoted,Active
10879,Swetha Patel,employee10879@company.com,Operations,Support Associate,Delhi,Full-Time,B.Tech,2021-06-06,25233,35,14.3,76.32,92,10,1,Needs Improvement,96.06,39,27,Promoted,Active
10880,Karthik Reddy,employee10880@company.com,Customer Support,Software Engineer,Coimbatore,Full-Time,MBA,2023-01-26,42418,46,2.6,79.6,77,10,3,Average,79.56,1,20,Not Promoted,Active
10881,Rohan Kumar,employee10881@company.com,Sales,HR Executive,Delhi,Full-Time,BBA,2022-08-01,84566,27,8.2,74.04,68,5,3,Average,100.86,18,8,Promoted,Active
10882,Ravi Patel,employee10882@company.com,Customer Support,Project Manager,Bangalore,Full-Time,MBA,2018-11-15,103466,38,5.7,94.28,20,9,4,Good,81.43,15,0,Promoted,Active
10883,Kavya Kumar,employee10883@company.com,Operations,Senior Software Engineer,Bangalore,Full-Time,B.Tech,2018-02-05,40246,45,6.0,76.62,52,7,1,Needs Improvement,73.71,3,14,Not Promoted,Active
10884,Meena Mishra,employee10884@company.com,Customer Support,Senior Software Engineer,Chennai,Full-Time,MCA,2022-07-12,63785,41,14.1,82.5,69,1,2,Needs Improvement,101.77,37,24,Promoted,Active
10885,Rahul Iyer,employee10885@company.com,Operations,Support Associate,Delhi,Full-Time,MCA,2018-09-12,128425,28,0.6,70.48,0,13,4,Good,46.77,6,11,Not Promoted,Active
10886,Manoj Patel,employee10886@company.com,IT,Marketing Executive,Hyderabad,Full-Time,M.Com,2021-08-29,138400,40,13.6,73.15,30,13,3,Average,71.49,13,3,Not Promoted,Inactive
10887,Aakash Singh,employee10887@company.com,HR,Marketing Executive,Bangalore,Full-Time,BBA,2020-08-19,59503,38,14.7,96.89,44,3,4,Good,67.29,11,9,Not Promoted,Active
10888,Aakash Verma,employee10888@company.com,Marketing,Financial Analyst,Bangalore,Contract,MBA,2018-12-01,29277,39,16.3,95.11,27,12,3,Average,91.42,20,22,Not Promoted,Active
10889,Rahul Sharma,employee10889@company.com,HR,Software Engineer,Mumbai,Full-Time,MBA,2018-10-25,91477,23,11.5,95.23,2,0,2,Needs Improvement,45.82,33,17,Not Promoted,Active
10890,Pooja Nair,employee10890@company.com,Engineering,Operations Analyst,Mumbai,Full-Time,BBA,2020-11-10,25349,38,6.3,82.34,86,3,3,Average,87.96,20,30,Promoted,Inactive
10891,Kavya Nair,employee10891@company.com,Engineering,Support Associate,Mumbai,Full-Time,B.Tech,2019-04-23,117798,47,8.0,74.25,39,1,4,Good,67.51,35,18,Promoted,Active
10892,Manoj Joshi,employee10892@company.com,Finance,Senior Software Engineer,Bangalore,Contract,MBA,2022-11-27,91941,35,17.5,73.24,3,2,4,Good,51.36,39,19,Not Promoted,Active
10893,Kavya Pillai,employee10893@company.com,HR,Senior Software Engineer,Pune,Full-Time,M.Sc,2024-11-24,98000,41,15.9,88.17,69,3,4,Good,108.72,6,4,Not Promoted,Active
10894,Vijay Patel,employee10894@company.com,Operations,Software Engineer,Hyderabad,Full-Time,M.Com,2020-08-19,38508,42,8.6,94.85,75,2,3,Average,58.79,20,27,Promoted,Active
10895,Vijay Menon,employee10895@company.com,Operations,Financial Analyst,Bangalore,Full-Time,MBA,2019-04-15,122565,28,17.0,97.0,11,5,4,Good,67.69,9,1,Not Promoted,Active
10896,Rohan Das,employee10896@company.com,Finance,Marketing Executive,Coimbatore,Full-Time,BBA,2025-09-15,135123,31,14.9,78.66,61,12,3,Average,58.46,20,6,Not Promoted,Active
10897,Karthik Das,employee10897@company.com,Sales,Sales Executive,Coimbatore,Full-Time,BBA,2019-08-13,92081,32,16.3,79.63,70,6,3,Average,88.03,15,5,Not Promoted,Active
10898,Vijay Sharma,employee10898@company.com,Operations,Financial Analyst,Chennai,Part-Time,B.Tech,2023-06-12,144008,47,12.5,73.03,91,10,5,Excellent,95.86,24,15,Not Promoted,Active
10899,Ravi Mishra,employee10899@company.com,Finance,Financial Analyst,Coimbatore,Full-Time,M.Com,2025-10-10,84095,55,15.5,93.23,89,14,1,Needs Improvement,100.94,12,14,Not Promoted,Active
10900,Pooja Menon,employee10900@company.com,Operations,Project Manager,Delhi,Contract,B.Com,2024-08-30,141434,22,16.1,78.27,47,6,2,Needs Improvement,65.21,26,8,Not Promoted,Active
10901,Arun Sharma,employee10901@company.com,Marketing,Operations Analyst,Pune,Full-Time,B.Tech,2022-04-19,53957,55,2.1,84.43,6,0,3,Average,79.1,36,6,Promoted,Active
10902,Aakash Joshi,employee10902@company.com,Operations,Operations Analyst,Pune,Contract,BBA,2019-03-22,32896,51,17.4,97.87,56,4,1,Needs Improvement,88.11,7,9,Not Promoted,Active
10903,Meena Joshi,employee10903@company.com,IT,Senior Software Engineer,Hyderabad,Part-Time,B.Com,2023-06-30,108274,28,6.3,92.57,55,2,3,Average,85.92,29,25,Promoted,Active
10904,Ravi Joshi,employee10904@company.com,Finance,Operations Analyst,Pune,Full-Time,BBA,2023-05-15,135128,40,8.2,71.58,66,11,4,Good,91.54,30,29,Promoted,Active
10905,Anjali Nair,employee10905@company.com,Customer Support,Senior Software Engineer,Hyderabad,Full-Time,MBA,2018-04-09,130634,28,14.4,70.24,12,0,3,Average,95.03,6,1,Promoted,Active
10906,Rahul Menon,employee10906@company.com,Engineering,Financial Analyst,Coimbatore,Full-Time,M.Com,2019-10-17,29288,24,12.1,93.62,51,0,5,Excellent,51.34,29,2,Not Promoted,Active
10907,Suresh Patel,employee10907@company.com,HR,Software Engineer,Pune,Full-Time,MBA,2020-12-14,50744,51,16.1,86.58,62,1,4,Good,55.94,17,18,Not Promoted,Active
10908,Dinesh Verma,employee10908@company.com,Finance,Sales Executive,Delhi,Full-Time,M.Com,2021-09-17,46150,52,7.5,91.61,40,9,3,Average,92.73,22,23,Not Promoted,Active
10909,Suresh Joshi,employee10909@company.com,Sales,Software Engineer,Hyderabad,Full-Time,B.E,2020-07-22,112877,33,7.0,74.7,74,7,3,Average,75.98,37,23,Not Promoted,Active
10910,Rohan Pillai,employee10910@company.com,Operations,Financial Analyst,Mumbai,Full-Time,MBA,2021-12-29,135540,42,1.1,96.16,22,3,3,Average,72.76,40,2,Not Promoted,Active
10911,Rohan Joshi,employee10911@company.com,Finance,Data Analyst,Mumbai,Full-Time,MBA,2020-03-27,130139,46,8.6,93.2,46,13,4,Good,74.6,29,7,Not Promoted,Active
10912,Ravi Rao,employee10912@company.com,Marketing,Support Associate,Pune,Part-Time,MBA,2019-10-23,125889,37,13.2,96.73,64,9,3,Average,69.18,29,30,Not Promoted,Active
10913,Nisha Reddy,employee10913@company.com,Finance,Marketing Executive,Pune,Full-Time,MCA,2024-03-29,46091,49,5.8,80.23,97,2,4,Good,83.42,7,4,Promoted,Active
10914,Ravi Singh,employee10914@company.com,Marketing,Support Associate,Coimbatore,Full-Time,B.Tech,2019-08-23,25900,47,8.6,78.27,30,13,3,Average,66.02,11,26,Not Promoted,Active
10915,Sneha Reddy,employee10915@company.com,Engineering,Sales Executive,Hyderabad,Full-Time,MCA,2020-07-08,71702,42,4.3,74.55,96,7,4,Good,86.39,9,28,Promoted,Inactive
10916,Arun Kumar,employee10916@company.com,Engineering,Operations Analyst,Coimbatore,Full-Time,M.Com,2022-10-13,44725,38,14.0,97.9,99,15,3,Average,58.17,6,19,Not Promoted,Active
10917,Rahul Pillai,employee10917@company.com,Operations,Support Associate,Hyderabad,Full-Time,M.Com,2022-10-25,53722,25,1.6,75.3,35,1,3,Average,94.25,38,30,Not Promoted,Active
10918,Ravi Nair,employee10918@company.com,HR,Operations Analyst,Delhi,Full-Time,M.Com,2023-01-06,49078,32,12.8,73.58,13,15,5,Excellent,95.8,16,11,Not Promoted,Active
10919,Pooja Rao,employee10919@company.com,Operations,Financial Analyst,Bangalore,Full-Time,B.Tech,2021-03-17,107047,22,7.1,75.78,36,8,4,Good,82.6,31,10,Promoted,Active
10920,Karthik Sharma,employee10920@company.com,Sales,Sales Executive,Mumbai,Full-Time,M.Com,2018-12-26,43059,27,1.2,93.14,31,3,2,Needs Improvement,69.01,4,3,Not Promoted,Active
10921,Anjali Mishra,employee10921@company.com,IT,Project Manager,Bangalore,Full-Time,MCA,2023-05-22,43161,46,15.4,96.69,52,10,5,Excellent,45.94,20,3,Not Promoted,Active
10922,Ravi Joshi,employee10922@company.com,HR,Marketing Executive,Bangalore,Full-Time,M.Sc,2021-12-11,95701,35,9.0,94.33,27,8,3,Average,52.9,30,30,Not Promoted,Inactive
10923,Anjali Pillai,employee10923@company.com,HR,Marketing Executive,Chennai,Full-Time,MCA,2025-12-29,115345,53,11.0,86.9,64,0,5,Excellent,50.18,14,0,Promoted,Active
10924,Anjali Joshi,employee10924@company.com,Engineering,Data Analyst,Hyderabad,Full-Time,M.Sc,2022-09-16,35687,23,13.3,99.82,46,4,4,Good,45.66,12,26,Promoted,Active
10925,Manoj Reddy,employee10925@company.com,IT,Project Manager,Chennai,Full-Time,MBA,2022-04-26,107503,22,12.0,72.07,70,9,3,Average,91.94,6,6,Not Promoted,Active
10926,Rohan Iyer,employee10926@company.com,Finance,Senior Software Engineer,Chennai,Full-Time,B.Com,2019-07-10,124770,37,13.3,96.02,79,6,1,Needs Improvement,107.14,23,26,Promoted,Active
10927,Sneha Rao,employee10927@company.com,Operations,Marketing Executive,Bangalore,Contract,M.Sc,2021-05-18,33694,21,13.8,82.83,31,13,3,Average,45.73,3,25,Not Promoted,Active
10928,Rohan Joshi,employee10928@company.com,Finance,HR Executive,Chennai,Full-Time,B.E,2024-04-16,64518,37,10.8,83.65,23,10,4,Good,52.32,40,25,Not Promoted,Active
10929,Ajay Gupta,employee10929@company.com,Finance,Senior Software Engineer,Delhi,Full-Time,BBA,2022-03-16,124459,22,6.9,73.83,13,3,4,Good,100.94,18,19,Not Promoted,Active
10930,Anjali Iyer,employee10930@company.com,Operations,Marketing Executive,Hyderabad,Full-Time,M.Com,2025-03-28,55641,53,4.8,71.0,46,11,3,Average,89.75,34,1,Not Promoted,Inactive
10931,Karthik Patel,employee10931@company.com,Sales,Financial Analyst,Bangalore,Full-Time,B.Tech,2023-12-27,83843,49,16.3,79.5,78,11,2,Needs Improvement,71.31,28,0,Not Promoted,Active
10932,Aakash Mishra,employee10932@company.com,HR,Sales Executive,Hyderabad,Full-Time,M.Sc,2020-09-16,65728,26,17.5,75.25,0,4,4,Good,109.53,35,18,Not Promoted,Active
10933,Pooja Rao,employee10933@company.com,Marketing,Sales Executive,Delhi,Full-Time,B.Tech,2020-06-28,75087,44,6.8,84.5,91,15,5,Excellent,82.29,33,16,Not Promoted,Active
10934,Dinesh Patel,employee10934@company.com,IT,HR Executive,Pune,Full-Time,M.Com,2023-05-16,68551,31,2.5,74.42,18,10,4,Good,88.52,7,10,Not Promoted,Active
10935,Ajay Joshi,employee10935@company.com,HR,Financial Analyst,Chennai,Full-Time,B.Com,2018-01-12,140043,25,4.4,74.14,57,8,3,Average,87.46,1,4,Not Promoted,Active
10936,Meena Das,employee10936@company.com,Finance,HR Executive,Bangalore,Full-Time,MCA,2020-09-06,108914,50,12.2,96.31,6,5,3,Average,59.48,3,5,Not Promoted,Active
10937,Priya Nair,employee10937@company.com,IT,Operations Analyst,Mumbai,Contract,M.Com,2018-09-30,95692,30,3.5,97.64,81,12,1,Needs Improvement,76.73,1,26,Not Promoted,Active
10938,Anjali Nair,employee10938@company.com,Marketing,Software Engineer,Hyderabad,Full-Time,B.Tech,2019-05-03,120869,47,14.2,98.93,76,13,5,Excellent,59.07,29,21,Promoted,Active
10939,Anjali Pillai,employee10939@company.com,HR,Marketing Executive,Coimbatore,Full-Time,B.E,2023-06-21,80433,47,16.7,90.42,63,5,2,Needs Improvement,78.12,28,5,Not Promoted,Active
10940,Rahul Rao,employee10940@company.com,HR,Financial Analyst,Delhi,Full-Time,B.Com,2020-11-14,132941,44,17.4,93.13,17,1,4,Good,47.0,3,22,Not Promoted,Active
10941,Swetha Rao,employee10941@company.com,Sales,Software Engineer,Chennai,Part-Time,BBA,2019-06-22,120676,23,0.7,95.07,62,0,3,Average,69.83,20,16,Promoted,Active
10942,Divya Patel,employee10942@company.com,HR,Software Engineer,Hyderabad,Full-Time,M.Com,2022-08-16,101387,46,17.3,89.77,67,3,4,Good,69.19,8,19,Promoted,Inactive
10943,Rohan Gupta,employee10943@company.com,HR,Sales Executive,Delhi,Full-Time,M.Sc,2022-05-15,81561,38,13.5,79.91,49,9,4,Good,63.96,1,9,Not Promoted,Active
10944,Ajay Verma,employee10944@company.com,Marketing,Sales Executive,Hyderabad,Full-Time,B.E,2019-08-11,30364,23,2.0,74.69,67,2,4,Good,50.15,19,9,Not Promoted,Inactive
10945,Suresh Gupta,employee10945@company.com,Marketing,Project Manager,Pune,Full-Time,BBA,2025-10-06,102008,45,7.8,77.12,90,10,3,Average,95.11,32,30,Not Promoted,Active
10946,Dinesh Pillai,employee10946@company.com,IT,Operations Analyst,Coimbatore,Full-Time,M.Com,2022-10-10,28974,33,12.8,95.21,15,6,1,Needs Improvement,72.33,5,30,Not Promoted,Active
10947,Aakash Gupta,employee10947@company.com,Finance,Financial Analyst,Delhi,Full-Time,B.Com,2022-08-18,109424,45,17.2,90.88,13,6,2,Needs Improvement,97.91,28,8,Promoted,Inactive
10948,Swetha Nair,employee10948@company.com,Marketing,Data Analyst,Hyderabad,Full-Time,B.Tech,2022-09-12,109066,44,3.4,83.67,61,5,5,Excellent,99.32,15,25,Not Promoted,Active
10949,Pooja Menon,employee10949@company.com,IT,Financial Analyst,Coimbatore,Part-Time,MCA,2022-06-06,49053,36,2.7,70.88,77,14,5,Excellent,58.88,35,27,Not Promoted,Active
10950,Ravi Rao,employee10950@company.com,HR,Operations Analyst,Pune,Full-Time,M.Sc,2020-10-30,65072,31,8.8,77.99,6,4,4,Good,72.39,4,17,Promoted,Active
10951,Sneha Patel,employee10951@company.com,Engineering,Sales Executive,Pune,Full-Time,MCA,2018-08-31,26210,41,17.4,91.87,55,2,4,Good,91.86,36,12,Not Promoted,Active
10952,Swetha Mishra,employee10952@company.com,IT,Sales Executive,Pune,Full-Time,B.Com,2021-04-16,113099,51,17.5,85.37,13,14,4,Good,77.47,8,7,Promoted,Active
10953,Pooja Pillai,employee10953@company.com,Engineering,Marketing Executive,Chennai,Full-Time,BBA,2025-10-16,66589,35,4.5,83.07,41,3,3,Average,100.58,31,10,Not Promoted,Active
10954,Arun Rao,employee10954@company.com,IT,Support Associate,Delhi,Full-Time,BBA,2018-09-14,101445,21,6.1,79.41,69,12,5,Excellent,82.15,36,6,Not Promoted,Active
10955,Swetha Pillai,employee10955@company.com,IT,Sales Executive,Hyderabad,Full-Time,MBA,2023-08-05,144570,48,16.4,88.21,61,4,3,Average,85.92,33,6,Not Promoted,Active
10956,Priya Reddy,employee10956@company.com,Engineering,HR Executive,Hyderabad,Contract,MCA,2018-11-06,130128,53,13.4,98.99,42,3,3,Average,96.16,38,28,Not Promoted,Active
10957,Divya Sharma,employee10957@company.com,Operations,Marketing Executive,Coimbatore,Full-Time,M.Com,2025-01-07,63966,23,17.5,97.03,56,2,4,Good,52.94,39,2,Not Promoted,Active
10958,Meena Sharma,employee10958@company.com,IT,Senior Software Engineer,Coimbatore,Full-Time,B.E,2021-05-23,51070,35,16.1,70.91,90,1,2,Needs Improvement,82.98,28,15,Not Promoted,Active
10959,Aakash Iyer,employee10959@company.com,Engineering,Support Associate,Delhi,Full-Time,B.E,2020-12-24,91643,53,4.3,84.43,74,4,3,Average,50.55,30,30,Not Promoted,Active
10960,Vijay Menon,employee10960@company.com,Marketing,Support Associate,Pune,Full-Time,M.Sc,2019-09-28,134573,52,13.8,79.88,30,1,4,Good,61.94,2,12,Not Promoted,Active
10961,Ravi Joshi,employee10961@company.com,Customer Support,HR Executive,Hyderabad,Part-Time,MCA,2020-03-07,128290,43,1.3,85.32,50,1,2,Needs Improvement,58.82,24,17,Not Promoted,Inactive
10962,Rahul Gupta,employee10962@company.com,Customer Support,Support Associate,Hyderabad,Full-Time,B.Com,2021-03-22,126738,46,14.8,88.19,66,14,4,Good,81.86,35,17,Not Promoted,Active
10963,Pooja Sharma,employee10963@company.com,Customer Support,Data Analyst,Pune,Contract,M.Sc,2023-09-19,131327,37,11.0,76.0,0,1,3,Average,99.85,12,11,Not Promoted,Active
10964,Arun Rao,employee10964@company.com,Customer Support,Sales Executive,Mumbai,Full-Time,B.Com,2022-09-21,36246,29,17.2,93.45,79,13,3,Average,53.63,38,12,Promoted,Active
10965,Rahul Joshi,employee10965@company.com,Operations,Sales Executive,Mumbai,Full-Time,B.Com,2022-12-05,44199,25,17.3,84.25,43,1,3,Average,94.95,18,30,Promoted,Active
10966,Ravi Reddy,employee10966@company.com,Finance,Marketing Executive,Pune,Contract,B.E,2025-03-13,64829,49,1.4,99.76,90,7,3,Average,54.3,15,2,Not Promoted,Active
10967,Arun Mishra,employee10967@company.com,Engineering,Operations Analyst,Coimbatore,Full-Time,B.Tech,2023-08-11,86125,26,3.3,70.75,49,11,4,Good,57.33,29,29,Not Promoted,Active
10968,Vijay Joshi,employee10968@company.com,IT,HR Executive,Chennai,Full-Time,B.E,2018-03-20,108955,55,9.0,75.69,59,6,3,Average,104.6,38,2,Not Promoted,Active
10969,Ravi Verma,employee10969@company.com,Sales,Sales Executive,Coimbatore,Contract,B.Tech,2021-09-12,130111,41,15.9,90.69,2,8,4,Good,45.63,34,25,Promoted,Active
10970,Swetha Menon,employee10970@company.com,Customer Support,Software Engineer,Coimbatore,Full-Time,M.Sc,2019-09-12,130277,43,14.8,90.86,71,2,3,Average,57.81,1,1,Promoted,Active
10971,Arun Menon,employee10971@company.com,HR,Project Manager,Hyderabad,Full-Time,M.Sc,2024-12-23,25169,55,17.4,87.47,79,0,4,Good,59.01,0,6,Not Promoted,Active
10972,Dinesh Kumar,employee10972@company.com,Customer Support,Sales Executive,Coimbatore,Full-Time,M.Sc,2022-02-07,118943,22,11.3,99.16,53,5,5,Excellent,63.32,2,1,Not Promoted,Active
10973,Ravi Reddy,employee10973@company.com,Customer Support,Financial Analyst,Hyderabad,Full-Time,B.Com,2021-10-10,117408,29,5.0,82.46,1,8,4,Good,68.62,25,5,Not Promoted,Active
10974,Kavya Pillai,employee10974@company.com,HR,Software Engineer,Mumbai,Full-Time,BBA,2021-02-21,37949,33,0.9,82.51,28,12,3,Average,51.71,27,12,Not Promoted,Active
10975,Ravi Gupta,employee10975@company.com,Operations,Operations Analyst,Coimbatore,Contract,MBA,2020-09-04,72313,54,4.4,97.31,15,0,1,Needs Improvement,75.45,26,10,Promoted,Active
10976,Suresh Sharma,employee10976@company.com,HR,Software Engineer,Pune,Full-Time,B.E,2021-12-18,103735,36,12.3,86.15,92,0,3,Average,70.96,13,4,Not Promoted,Active
10977,Divya Das,employee10977@company.com,HR,Support Associate,Delhi,Full-Time,BBA,2022-03-18,85131,25,16.7,80.61,94,3,4,Good,85.62,23,6,Not Promoted,Active
10978,Priya Sharma,employee10978@company.com,Operations,Project Manager,Delhi,Contract,B.Com,2022-10-24,105012,21,6.1,91.57,58,9,2,Needs Improvement,101.39,34,10,Promoted,Active
10979,Anjali Mishra,employee10979@company.com,HR,Senior Software Engineer,Coimbatore,Full-Time,B.E,2024-12-08,132127,42,15.8,88.59,10,0,3,Average,64.35,33,26,Not Promoted,Active
10980,Dinesh Sharma,employee10980@company.com,IT,Project Manager,Chennai,Full-Time,B.Com,2019-04-23,66764,46,7.4,79.19,95,8,4,Good,80.52,23,6,Not Promoted,Inactive
10981,Priya Joshi,employee10981@company.com,Customer Support,Sales Executive,Coimbatore,Full-Time,B.E,2023-03-10,55899,54,5.9,78.94,23,5,3,Average,69.14,5,7,Not Promoted,Active
10982,Manoj Das,employee10982@company.com,Finance,Marketing Executive,Pune,Contract,M.Com,2024-07-08,111935,41,9.4,81.87,82,4,4,Good,47.62,30,3,Not Promoted,Active
10983,Rahul Pillai,employee10983@company.com,Operations,Data Analyst,Mumbai,Contract,B.E,2022-06-21,72740,27,8.2,72.15,31,10,2,Needs Improvement,98.37,28,9,Not Promoted,Active
10984,Meena Das,employee10984@company.com,Sales,Operations Analyst,Mumbai,Full-Time,M.Com,2021-06-09,90490,45,16.5,98.28,73,4,2,Needs Improvement,86.22,35,28,Promoted,Active
10985,Anjali Menon,employee10985@company.com,Operations,Marketing Executive,Coimbatore,Part-Time,BBA,2023-08-03,48281,32,8.7,75.49,53,10,4,Good,45.14,28,20,Not Promoted,Active
10986,Priya Kumar,employee10986@company.com,Marketing,Sales Executive,Hyderabad,Full-Time,B.Tech,2022-04-15,137339,51,5.4,75.81,55,10,3,Average,61.22,12,25,Not Promoted,Active
10987,Manoj Iyer,employee10987@company.com,Sales,Marketing Executive,Bangalore,Full-Time,B.E,2018-01-30,93570,47,15.2,89.41,95,10,4,Good,65.08,7,28,Not Promoted,Active
10988,Ravi Iyer,employee10988@company.com,Marketing,Financial Analyst,Chennai,Contract,B.Tech,2019-12-28,38328,42,18.0,91.73,86,11,3,Average,97.75,14,19,Not Promoted,Active
10989,Karthik Menon,employee10989@company.com,Engineering,Software Engineer,Chennai,Full-Time,MBA,2018-06-22,69047,54,11.8,92.11,96,11,3,Average,94.45,32,28,Not Promoted,Active
10990,Ravi Sharma,employee10990@company.com,Engineering,Data Analyst,Bangalore,Full-Time,MCA,2025-10-10,144168,37,4.9,81.25,93,1,4,Good,70.75,24,14,Not Promoted,Active
10991,Pooja Joshi,employee10991@company.com,Operations,Sales Executive,Delhi,Full-Time,MCA,2019-04-13,44796,31,4.7,96.2,93,2,4,Good,55.23,15,22,Not Promoted,Active
10992,Kavya Kumar,employee10992@company.com,Marketing,Support Associate,Delhi,Full-Time,M.Com,2023-05-30,95524,49,1.5,86.32,70,11,4,Good,70.09,20,14,Not Promoted,Active
10993,Pooja Pillai,employee10993@company.com,Sales,Operations Analyst,Delhi,Full-Time,BBA,2025-08-02,97666,54,1.9,83.16,79,6,3,Average,97.66,36,18,Promoted,Active
10994,Dinesh Iyer,employee10994@company.com,IT,Support Associate,Mumbai,Full-Time,BBA,2024-09-10,138408,46,16.5,94.31,42,3,4,Good,74.41,16,9,Promoted,Active
10995,Ajay Verma,employee10995@company.com,Operations,Software Engineer,Pune,Contract,B.E,2018-05-05,127173,52,2.2,77.31,52,13,3,Average,52.53,33,1,Not Promoted,Active
10996,Divya Kumar,employee10996@company.com,Operations,Data Analyst,Chennai,Contract,MCA,2025-07-06,80251,25,9.0,95.81,0,5,2,Needs Improvement,47.51,12,15,Promoted,Inactive
10997,Kavya Verma,employee10997@company.com,HR,Software Engineer,Bangalore,Full-Time,B.Tech,2025-01-18,25791,40,12.7,86.16,93,15,5,Excellent,66.67,33,19,Not Promoted,Active
10998,Nisha Reddy,employee10998@company.com,Operations,HR Executive,Hyderabad,Full-Time,MCA,2022-03-27,37333,27,15.4,97.0,97,7,2,Needs Improvement,54.64,14,29,Not Promoted,Active
10999,Karthik Rao,employee10999@company.com,Customer Support,Support Associate,Coimbatore,Full-Time,MCA,2021-11-20,134047,43,3.5,76.05,60,14,5,Excellent,93.43,40,4,Not Promoted,Active
11000,Vijay Das,employee11000@company.com,Engineering,Software Engineer,Hyderabad,Full-Time,B.Com,2023-02-21,61609,21,8.2,98.08,33,13,3,Average,63.12,21,26,Not Promoted,Active
11001,Swetha Gupta,employee11001@company.com,Customer Support,Software Engineer,Coimbatore,Full-Time,MCA,2020-10-23,85558,23,4.9,90.64,60,0,3,Average,102.03,3,16,Not Promoted,Active
11002,Nisha Kumar,employee11002@company.com,Operations,Marketing Executive,Mumbai,Full-Time,B.Tech,2019-06-20,93892,23,5.0,88.55,60,14,4,Good,85.13,38,2,Not Promoted,Active
11003,Dinesh Gupta,employee11003@company.com,Engineering,Sales Executive,Chennai,Full-Time,MCA,2019-08-24,65290,26,5.8,82.66,94,15,5,Excellent,70.59,22,7,Not Promoted,Inactive
11004,Pooja Pillai,employee11004@company.com,Engineering,Marketing Executive,Pune,Full-Time,B.E,2020-09-14,29925,51,10.8,98.69,7,10,4,Good,84.65,12,10,Not Promoted,Active
11005,Ravi Rao,employee11005@company.com,IT,HR Executive,Chennai,Full-Time,MCA,2019-08-29,35764,47,0.8,83.32,53,12,4,Good,64.19,7,4,Not Promoted,Active
11006,Divya Kumar,employee11006@company.com,HR,Project Manager,Coimbatore,Full-Time,MBA,2025-07-10,79226,49,7.7,84.96,52,5,4,Good,54.19,0,16,Promoted,Active
11007,Divya Patel,employee11007@company.com,Finance,Project Manager,Delhi,Full-Time,MCA,2018-05-19,102632,35,3.8,93.44,19,0,4,Good,107.67,40,3,Not Promoted,Active
11008,Meena Joshi,employee11008@company.com,Marketing,Marketing Executive,Hyderabad,Full-Time,M.Com,2023-08-20,64468,25,17.4,78.55,45,11,4,Good,81.61,16,23,Promoted,Inactive
11009,Suresh Gupta,employee11009@company.com,Sales,Senior Software Engineer,Chennai,Full-Time,BBA,2022-04-04,27094,23,10.7,78.74,92,11,3,Average,45.48,16,28,Not Promoted,Active
11010,Kavya Kumar,employee11010@company.com,Finance,Support Associate,Hyderabad,Full-Time,B.Com,2018-05-10,70583,45,15.7,93.26,30,11,3,Average,65.17,7,7,Not Promoted,Active
11011,Meena Pillai,employee11011@company.com,HR,Marketing Executive,Bangalore,Full-Time,M.Sc,2019-02-05,74021,52,3.9,73.86,84,7,3,Average,55.37,2,1,Not Promoted,Active
11012,Sneha Nair,employee11012@company.com,Customer Support,Financial Analyst,Bangalore,Full-Time,B.Tech,2021-05-29,96786,41,14.7,94.69,25,3,5,Excellent,61.78,28,15,Not Promoted,Active
11013,Manoj Nair,employee11013@company.com,Customer Support,Financial Analyst,Hyderabad,Full-Time,BBA,2019-10-04,40362,37,7.8,88.76,94,4,5,Excellent,48.62,21,8,Not Promoted,Active
11014,Ravi Kumar,employee11014@company.com,Customer Support,Operations Analyst,Pune,Full-Time,BBA,2019-03-13,66575,29,3.6,86.17,62,9,1,Needs Improvement,60.93,1,25,Not Promoted,Active
11015,Sneha Verma,employee11015@company.com,IT,HR Executive,Pune,Full-Time,MCA,2021-11-24,71021,46,13.8,76.87,19,1,4,Good,89.4,1,16,Not Promoted,Active
11016,Aakash Das,employee11016@company.com,Engineering,HR Executive,Chennai,Full-Time,MCA,2021-02-10,112172,42,13.8,93.59,21,2,5,Excellent,98.34,16,9,Promoted,Active
11017,Priya Verma,employee11017@company.com,Customer Support,Marketing Executive,Hyderabad,Contract,B.E,2022-01-15,37185,43,17.9,94.15,56,6,3,Average,67.58,8,23,Not Promoted,Active
11018,Dinesh Mishra,employee11018@company.com,Sales,Data Analyst,Mumbai,Full-Time,M.Sc,2022-04-28,64771,31,14.2,84.49,56,6,4,Good,78.96,32,23,Not Promoted,Active
11019,Vijay Menon,employee11019@company.com,Marketing,Software Engineer,Pune,Full-Time,B.E,2018-02-27,106678,30,3.0,81.68,25,15,5,Excellent,47.72,28,12,Not Promoted,Active
11020,Sneha Singh,employee11020@company.com,Operations,Sales Executive,Coimbatore,Contract,M.Com,2021-02-10,143984,43,6.1,77.38,16,13,1,Needs Improvement,50.9,28,21,Not Promoted,Active
11021,Ajay Nair,employee11021@company.com,Operations,Software Engineer,Pune,Full-Time,M.Sc,2019-12-01,60069,25,8.4,92.63,88,11,4,Good,80.88,5,16,Promoted,Active
11022,Meena Das,employee11022@company.com,Finance,Software Engineer,Delhi,Full-Time,BBA,2021-02-19,68190,46,2.7,89.18,100,10,3,Average,99.64,5,30,Not Promoted,Active
11023,Arun Rao,employee11023@company.com,Marketing,HR Executive,Bangalore,Full-Time,B.Com,2024-09-21,95805,24,14.3,76.2,26,7,5,Excellent,50.72,36,11,Promoted,Active
11024,Anjali Joshi,employee11024@company.com,HR,HR Executive,Pune,Full-Time,B.Tech,2022-01-23,34764,47,9.7,93.83,66,12,5,Excellent,72.21,0,28,Promoted,Active
11025,Anjali Menon,employee11025@company.com,Marketing,Financial Analyst,Coimbatore,Full-Time,B.Tech,2021-01-13,134524,54,17.0,96.47,55,2,5,Excellent,108.08,15,8,Not Promoted,Active
11026,Anjali Rao,employee11026@company.com,IT,HR Executive,Pune,Full-Time,BBA,2022-06-30,52113,23,10.8,71.78,23,1,3,Average,93.02,10,14,Not Promoted,Active
11027,Ajay Rao,employee11027@company.com,Finance,Marketing Executive,Coimbatore,Full-Time,B.Tech,2019-02-04,41888,52,9.7,93.17,24,1,5,Excellent,57.84,21,30,Not Promoted,Active
11028,Ravi Gupta,employee11028@company.com,Finance,Financial Analyst,Delhi,Contract,M.Com,2024-07-31,39748,46,1.7,95.58,9,14,4,Good,63.54,33,9,Not Promoted,Active
11029,Divya Sharma,employee11029@company.com,IT,Support Associate,Coimbatore,Full-Time,M.Com,2023-11-17,141633,38,3.1,99.75,35,5,3,Average,106.61,0,18,Not Promoted,Active
11030,Nisha Verma,employee11030@company.com,Marketing,Software Engineer,Pune,Full-Time,MCA,2022-03-25,76013,27,15.4,77.13,81,1,4,Good,59.36,12,29,Not Promoted,Active
11031,Sneha Gupta,employee11031@company.com,Customer Support,Support Associate,Delhi,Full-Time,B.Com,2025-01-09,55203,33,17.8,81.13,44,10,1,Needs Improvement,73.66,27,16,Promoted,Active
11032,Aakash Kumar,employee11032@company.com,IT,Software Engineer,Hyderabad,Full-Time,B.Tech,2018-04-18,143410,26,7.8,98.99,16,14,4,Good,68.11,12,6,Promoted,Active
11033,Rahul Verma,employee11033@company.com,Customer Support,Software Engineer,Hyderabad,Full-Time,B.Tech,2023-06-08,143371,55,14.7,72.82,77,3,3,Average,76.85,37,13,Promoted,Active
11034,Rohan Joshi,employee11034@company.com,Sales,Operations Analyst,Bangalore,Full-Time,MCA,2023-06-21,140091,51,11.5,85.71,57,15,2,Needs Improvement,60.38,29,12,Promoted,Active
11035,Pooja Mishra,employee11035@company.com,IT,Software Engineer,Chennai,Full-Time,B.Com,2018-06-01,45715,24,17.3,85.2,82,8,2,Needs Improvement,88.44,35,25,Not Promoted,Active
11036,Ravi Mishra,employee11036@company.com,Customer Support,Data Analyst,Delhi,Full-Time,M.Sc,2020-06-24,67579,24,4.7,88.2,81,9,4,Good,60.25,3,20,Not Promoted,Active
11037,Arun Singh,employee11037@company.com,Marketing,Support Associate,Pune,Full-Time,B.Com,2020-04-29,27906,28,10.0,79.92,22,2,3,Average,84.14,13,1,Not Promoted,Active
11038,Suresh Joshi,employee11038@company.com,Customer Support,Software Engineer,Chennai,Full-Time,B.Com,2025-08-28,118125,31,7.7,97.78,7,0,4,Good,68.26,35,15,Promoted,Active
11039,Karthik Gupta,employee11039@company.com,IT,Senior Software Engineer,Hyderabad,Contract,BBA,2023-06-16,36808,22,10.0,78.1,49,1,2,Needs Improvement,61.35,22,28,Not Promoted,Active
11040,Ravi Pillai,employee11040@company.com,HR,Senior Software Engineer,Pune,Full-Time,B.E,2018-01-27,46112,38,5.2,89.49,15,9,3,Average,90.18,4,16,Not Promoted,Active
11041,Nisha Nair,employee11041@company.com,Operations,Senior Software Engineer,Chennai,Full-Time,B.Com,2018-04-29,114629,38,9.2,84.88,88,12,4,Good,107.74,14,5,Not Promoted,Active
11042,Nisha Mishra,employee11042@company.com,IT,Marketing Executive,Delhi,Full-Time,MBA,2019-12-24,89945,42,11.4,78.0,42,9,4,Good,101.51,22,0,Not Promoted,Active
11043,Karthik Rao,employee11043@company.com,Operations,Financial Analyst,Delhi,Contract,M.Com,2023-11-18,92105,32,1.9,75.67,95,6,3,Average,50.64,7,5,Not Promoted,Active
11044,Meena Iyer,employee11044@company.com,IT,Support Associate,Chennai,Contract,B.Com,2018-01-03,135212,37,13.5,98.7,82,8,4,Good,74.54,10,0,Not Promoted,Active
11045,Karthik Verma,employee11045@company.com,Marketing,Software Engineer,Coimbatore,Full-Time,B.E,2020-03-16,90675,37,12.9,86.84,81,8,5,Excellent,90.16,6,22,Promoted,Active
11046,Meena Gupta,employee11046@company.com,Sales,Project Manager,Delhi,Full-Time,BBA,2023-06-16,95219,49,15.9,88.13,95,3,4,Good,81.57,22,22,Not Promoted,Active
11047,Swetha Patel,employee11047@company.com,Sales,Financial Analyst,Mumbai,Full-Time,BBA,2021-02-03,130034,36,8.0,93.49,45,14,3,Average,92.21,40,9,Not Promoted,Active
11048,Pooja Nair,employee11048@company.com,Operations,Project Manager,Hyderabad,Full-Time,M.Sc,2021-06-07,51419,31,1.6,72.44,48,7,1,Needs Improvement,108.38,26,19,Not Promoted,Active
11049,Anjali Iyer,employee11049@company.com,Engineering,Sales Executive,Bangalore,Full-Time,MBA,2018-10-31,36156,42,8.6,91.41,14,0,5,Excellent,67.25,30,22,Not Promoted,Active
11050,Priya Pillai,employee11050@company.com,Engineering,Data Analyst,Bangalore,Full-Time,B.E,2018-06-26,30062,50,2.9,74.95,48,10,1,Needs Improvement,95.11,39,30,Not Promoted,Active
11051,Nisha Nair,employee11051@company.com,Marketing,Sales Executive,Mumbai,Full-Time,B.E,2018-03-25,78817,28,11.8,92.21,20,10,5,Excellent,51.11,1,28,Not Promoted,Active
11052,Karthik Nair,employee11052@company.com,Customer Support,HR Executive,Chennai,Full-Time,MCA,2018-09-20,52745,38,1.3,74.24,74,15,4,Good,101.53,30,23,Promoted,Active
11053,Rohan Iyer,employee11053@company.com,Marketing,Financial Analyst,Delhi,Full-Time,B.E,2021-05-04,59940,36,7.0,94.97,92,13,5,Excellent,95.6,7,7,Not Promoted,Active
11054,Ravi Kumar,employee11054@company.com,Engineering,Project Manager,Mumbai,Full-Time,B.E,2024-11-10,47463,40,1.9,90.43,95,5,4,Good,78.86,0,27,Not Promoted,Active
11055,Dinesh Menon,employee11055@company.com,Marketing,Operations Analyst,Mumbai,Full-Time,B.Tech,2024-09-22,61188,28,0.6,81.58,5,13,5,Excellent,98.37,24,27,Not Promoted,Active
11056,Arun Pillai,employee11056@company.com,HR,Software Engineer,Delhi,Full-Time,M.Com,2024-03-03,96813,50,17.3,80.77,54,7,3,Average,88.33,16,15,Not Promoted,Active
11057,Kavya Rao,employee11057@company.com,Finance,Marketing Executive,Hyderabad,Full-Time,MCA,2025-11-07,118155,49,17.9,74.47,82,1,4,Good,80.89,29,11,Not Promoted,Active
11058,Aakash Pillai,employee11058@company.com,Engineering,Support Associate,Delhi,Part-Time,MCA,2020-03-12,59017,33,10.2,97.12,79,7,3,Average,106.49,23,18,Not Promoted,Active
11059,Ajay Das,employee11059@company.com,Engineering,Software Engineer,Delhi,Full-Time,B.Tech,2020-06-13,145752,37,4.7,73.56,75,3,3,Average,53.47,30,29,Not Promoted,Active
11060,Suresh Verma,employee11060@company.com,IT,Support Associate,Coimbatore,Full-Time,MBA,2020-05-22,139375,37,16.4,84.16,14,1,4,Good,109.54,12,13,Promoted,Active
11061,Kavya Menon,employee11061@company.com,Marketing,Operations Analyst,Pune,Full-Time,B.Tech,2019-01-23,55244,29,16.7,77.1,10,3,5,Excellent,55.04,14,7,Not Promoted,Active
11062,Rohan Singh,employee11062@company.com,Marketing,Software Engineer,Chennai,Full-Time,MCA,2023-01-10,27697,22,15.5,99.89,38,7,5,Excellent,76.21,25,28,Promoted,Active
11063,Ajay Kumar,employee11063@company.com,Marketing,Data Analyst,Bangalore,Contract,MBA,2025-09-15,126057,44,10.0,87.58,73,14,4,Good,60.04,31,18,Not Promoted,Active
11064,Ajay Patel,employee11064@company.com,Sales,HR Executive,Bangalore,Full-Time,MCA,2023-06-27,39903,41,1.8,74.49,50,12,3,Average,62.67,34,28,Not Promoted,Active
11065,Ravi Iyer,employee11065@company.com,Marketing,Senior Software Engineer,Mumbai,Full-Time,B.Com,2020-10-28,135930,22,2.0,90.03,36,3,3,Average,86.07,15,26,Not Promoted,Inactive
11066,Vijay Reddy,employee11066@company.com,Engineering,Operations Analyst,Coimbatore,Full-Time,MBA,2022-07-08,79086,25,16.2,99.75,48,12,4,Good,47.26,8,14,Not Promoted,Active
11067,Divya Singh,employee11067@company.com,IT,HR Executive,Mumbai,Contract,MCA,2022-03-21,113385,37,15.8,88.15,56,13,3,Average,106.15,18,30,Not Promoted,Active
11068,Aakash Joshi,employee11068@company.com,Customer Support,Software Engineer,Mumbai,Full-Time,B.Tech,2019-03-26,61652,44,8.1,83.72,87,14,2,Needs Improvement,63.18,39,4,Not Promoted,Active
11069,Aakash Nair,employee11069@company.com,Customer Support,Project Manager,Chennai,Full-Time,MCA,2018-12-08,32254,28,6.2,78.8,99,14,3,Average,62.71,39,16,Not Promoted,Active
11070,Kavya Mishra,employee11070@company.com,Marketing,HR Executive,Mumbai,Full-Time,B.Tech,2021-01-01,123398,50,11.8,72.76,64,7,3,Average,101.13,2,27,Not Promoted,Active
11071,Divya Nair,employee11071@company.com,IT,Marketing Executive,Mumbai,Full-Time,MBA,2020-05-09,94827,42,14.6,76.85,16,6,3,Average,94.71,25,22,Not Promoted,Active
11072,Suresh Joshi,employee11072@company.com,HR,HR Executive,Pune,Full-Time,B.Tech,2023-12-09,86631,44,13.3,86.61,62,4,3,Average,88.66,36,13,Not Promoted,Active
11073,Anjali Sharma,employee11073@company.com,Customer Support,Sales Executive,Chennai,Full-Time,MBA,2018-10-29,105527,46,11.3,92.61,13,7,2,Needs Improvement,54.51,7,14,Not Promoted,Active
11074,Pooja Iyer,employee11074@company.com,Engineering,Data Analyst,Hyderabad,Full-Time,B.E,2023-07-13,70577,28,4.6,96.34,37,14,1,Needs Improvement,95.03,5,25,Not Promoted,Inactive
11075,Aakash Menon,employee11075@company.com,Finance,Operations Analyst,Coimbatore,Full-Time,M.Com,2020-05-30,103576,32,5.1,93.81,24,1,5,Excellent,68.45,4,7,Not Promoted,Active
11076,Dinesh Patel,employee11076@company.com,Sales,Senior Software Engineer,Hyderabad,Full-Time,M.Sc,2024-03-31,129084,34,13.2,73.76,36,15,3,Average,109.6,20,3,Not Promoted,Active
11077,Rahul Iyer,employee11077@company.com,IT,Software Engineer,Delhi,Part-Time,MBA,2018-03-07,144771,50,14.5,93.2,98,2,3,Average,88.63,26,6,Promoted,Active
11078,Karthik Sharma,employee11078@company.com,Customer Support,Operations Analyst,Pune,Contract,M.Sc,2018-08-18,138645,55,2.5,87.45,85,3,4,Good,99.33,37,6,Not Promoted,Active
11079,Ajay Das,employee11079@company.com,Customer Support,Financial Analyst,Bangalore,Full-Time,BBA,2020-07-10,84019,51,3.8,84.07,55,9,3,Average,92.7,7,21,Not Promoted,Active
11080,Dinesh Iyer,employee11080@company.com,Operations,Operations Analyst,Delhi,Full-Time,M.Sc,2023-01-07,98740,48,12.4,87.18,6,15,5,Excellent,83.63,21,29,Promoted,Active
11081,Meena Rao,employee11081@company.com,HR,Marketing Executive,Hyderabad,Part-Time,B.E,2018-02-20,125605,47,7.3,70.24,10,4,4,Good,91.56,22,4,Not Promoted,Active
11082,Aakash Reddy,employee11082@company.com,Finance,Operations Analyst,Chennai,Full-Time,B.E,2025-05-30,45467,21,10.4,72.03,73,4,2,Needs Improvement,83.84,24,9,Not Promoted,Active
11083,Vijay Menon,employee11083@company.com,Finance,Financial Analyst,Bangalore,Full-Time,B.E,2019-01-22,145807,34,11.3,85.78,77,14,3,Average,48.33,6,19,Promoted,Active
11084,Dinesh Reddy,employee11084@company.com,Finance,HR Executive,Mumbai,Part-Time,M.Sc,2020-11-27,129528,30,14.1,75.21,34,0,5,Excellent,67.46,13,30,Not Promoted,Active
11085,Divya Rao,employee11085@company.com,Engineering,Sales Executive,Chennai,Full-Time,B.E,2020-01-23,90233,27,14.6,86.37,35,0,5,Excellent,65.57,40,4,Not Promoted,Active
11086,Ajay Iyer,employee11086@company.com,IT,HR Executive,Bangalore,Full-Time,MBA,2021-04-11,25372,34,5.4,80.63,69,15,3,Average,91.41,28,22,Promoted,Active
11087,Manoj Iyer,employee11087@company.com,HR,HR Executive,Hyderabad,Full-Time,M.Sc,2024-12-15,127793,47,10.0,97.22,51,11,4,Good,82.45,16,23,Not Promoted,Active
11088,Ravi Menon,employee11088@company.com,Marketing,Financial Analyst,Delhi,Part-Time,M.Sc,2022-11-27,104737,31,2.7,98.49,68,10,3,Average,84.68,5,3,Not Promoted,Active
11089,Dinesh Patel,employee11089@company.com,Operations,Support Associate,Mumbai,Full-Time,BBA,2022-01-18,96387,30,15.2,99.39,41,0,5,Excellent,100.05,31,20,Promoted,Active
11090,Manoj Nair,employee11090@company.com,HR,Senior Software Engineer,Mumbai,Part-Time,B.Tech,2023-09-20,96564,27,15.3,96.97,70,13,3,Average,79.14,18,10,Promoted,Active
11091,Karthik Sharma,employee11091@company.com,HR,Financial Analyst,Coimbatore,Full-Time,B.E,2023-04-29,148297,37,5.7,99.58,14,14,5,Excellent,59.19,26,5,Not Promoted,Inactive
11092,Rahul Menon,employee11092@company.com,Customer Support,HR Executive,Chennai,Full-Time,B.Com,2021-02-26,88615,32,3.3,91.18,20,13,4,Good,45.81,29,14,Promoted,Active
11093,Ravi Kumar,employee11093@company.com,HR,Operations Analyst,Delhi,Full-Time,B.E,2020-12-13,140504,27,1.7,98.82,81,4,4,Good,55.37,32,10,Promoted,Active
11094,Aakash Sharma,employee11094@company.com,IT,Senior Software Engineer,Mumbai,Full-Time,BBA,2023-11-04,54445,44,10.6,89.25,0,14,4,Good,46.99,36,24,Not Promoted,Active
11095,Rohan Nair,employee11095@company.com,Operations,Software Engineer,Bangalore,Full-Time,B.Tech,2024-06-01,84147,54,2.1,94.28,67,1,3,Average,60.41,10,25,Not Promoted,Active
11096,Kavya Iyer,employee11096@company.com,IT,Project Manager,Coimbatore,Full-Time,B.Tech,2021-05-23,110532,21,12.4,73.96,10,2,3,Average,86.27,40,21,Not Promoted,Active
11097,Manoj Das,employee11097@company.com,Operations,Software Engineer,Coimbatore,Contract,M.Com,2019-03-01,118516,49,12.4,90.48,9,7,3,Average,54.84,9,6,Not Promoted,Active
11098,Anjali Iyer,employee11098@company.com,Operations,Marketing Executive,Pune,Full-Time,M.Com,2024-02-15,134435,46,11.2,97.93,44,11,3,Average,50.33,28,23,Promoted,Active
11099,Priya Menon,employee11099@company.com,Customer Support,HR Executive,Hyderabad,Full-Time,M.Sc,2018-06-10,88769,30,15.8,86.2,55,9,4,Good,108.11,21,18,Not Promoted,Active
11100,Vijay Singh,employee11100@company.com,IT,Operations Analyst,Chennai,Full-Time,B.E,2025-07-23,49131,21,7.1,75.6,18,7,3,Average,109.8,19,4,Not Promoted,Active
11101,Rahul Kumar,employee11101@company.com,Operations,Support Associate,Delhi,Full-Time,B.E,2022-04-14,47734,37,16.3,85.81,41,11,2,Needs Improvement,86.41,18,3,Not Promoted,Active
11102,Aakash Joshi,employee11102@company.com,HR,Sales Executive,Pune,Full-Time,MCA,2024-08-25,147127,29,1.1,91.21,93,9,5,Excellent,52.06,23,0,Not Promoted,Active
11103,Kavya Menon,employee11103@company.com,IT,Sales Executive,Pune,Full-Time,M.Sc,2018-09-01,59100,43,2.5,93.09,40,14,5,Excellent,98.4,27,15,Not Promoted,Active
11104,Suresh Patel,employee11104@company.com,Operations,Senior Software Engineer,Chennai,Part-Time,MCA,2018-07-02,39738,49,7.7,85.71,19,1,5,Excellent,80.05,1,11,Not Promoted,Inactive
11105,Dinesh Sharma,employee11105@company.com,Engineering,Support Associate,Bangalore,Full-Time,M.Com,2019-06-28,101974,22,10.9,76.52,26,7,5,Excellent,56.83,39,19,Promoted,Inactive
11106,Nisha Joshi,employee11106@company.com,Finance,Project Manager,Delhi,Full-Time,B.E,2025-09-27,146049,38,1.1,97.8,11,10,3,Average,82.42,17,17,Not Promoted,Active
11107,Kavya Singh,employee11107@company.com,IT,Software Engineer,Hyderabad,Full-Time,MCA,2022-04-21,73799,48,10.4,93.21,77,11,3,Average,47.56,17,19,Not Promoted,Active
11108,Suresh Menon,employee11108@company.com,Customer Support,Project Manager,Chennai,Full-Time,B.Com,2018-04-03,72429,27,5.9,78.12,97,8,4,Good,108.21,1,1,Not Promoted,Active
11109,Vijay Iyer,employee11109@company.com,Engineering,Data Analyst,Delhi,Full-Time,MBA,2024-08-12,25755,31,16.0,94.35,63,9,4,Good,98.69,22,12,Not Promoted,Active
11110,Divya Pillai,employee11110@company.com,Engineering,Software Engineer,Pune,Full-Time,M.Com,2018-06-08,87716,27,9.8,80.44,37,13,2,Needs Improvement,61.95,14,11,Not Promoted,Active
11111,Pooja Sharma,employee11111@company.com,Sales,Software Engineer,Pune,Full-Time,M.Com,2024-09-11,94061,44,10.8,79.37,65,9,4,Good,72.23,24,3,Not Promoted,Active
11112,Sneha Reddy,employee11112@company.com,IT,Software Engineer,Chennai,Full-Time,B.Tech,2019-03-14,54884,35,17.0,95.89,57,5,3,Average,70.69,17,3,Promoted,Active
11113,Kavya Das,employee11113@company.com,Engineering,Operations Analyst,Delhi,Full-Time,B.E,2024-08-17,26796,51,13.9,96.2,95,0,3,Average,101.0,20,12,Not Promoted,Active
11114,Ravi Iyer,employee11114@company.com,IT,Financial Analyst,Pune,Full-Time,M.Com,2018-11-02,38754,39,8.2,81.95,81,10,4,Good,68.05,31,26,Not Promoted,Active
11115,Aakash Reddy,employee11115@company.com,IT,Operations Analyst,Chennai,Full-Time,M.Com,2023-05-28,37161,30,8.8,70.27,84,10,4,Good,48.12,18,2,Not Promoted,Active
11116,Ravi Patel,employee11116@company.com,Operations,Sales Executive,Coimbatore,Full-Time,BBA,2020-09-08,142747,28,11.8,75.6,10,2,4,Good,58.95,17,20,Promoted,Active
11117,Priya Sharma,employee11117@company.com,IT,Operations Analyst,Chennai,Full-Time,MCA,2024-07-04,92713,21,4.0,97.28,29,4,2,Needs Improvement,59.01,23,24,Not Promoted,Active
11118,Swetha Patel,employee11118@company.com,Sales,Project Manager,Hyderabad,Full-Time,B.Com,2023-03-04,118668,22,2.1,96.96,63,12,5,Excellent,106.7,29,16,Not Promoted,Active
11119,Pooja Iyer,employee11119@company.com,Marketing,Operations Analyst,Chennai,Full-Time,M.Sc,2018-12-09,92586,49,5.9,83.6,82,2,3,Average,105.06,28,6,Promoted,Inactive
11120,Ajay Das,employee11120@company.com,IT,Financial Analyst,Coimbatore,Full-Time,B.E,2025-08-03,76141,30,14.1,79.12,47,2,2,Needs Improvement,64.54,20,25,Not Promoted,Active
11121,Ajay Sharma,employee11121@company.com,Finance,Senior Software Engineer,Delhi,Contract,BBA,2023-03-04,147206,29,5.0,79.08,39,8,5,Excellent,45.18,20,12,Promoted,Active
11122,Dinesh Menon,employee11122@company.com,Sales,Support Associate,Delhi,Full-Time,MBA,2023-03-17,115666,51,2.8,96.92,93,15,5,Excellent,78.6,40,14,Not Promoted,Active
11123,Anjali Kumar,employee11123@company.com,Marketing,Senior Software Engineer,Pune,Full-Time,B.Com,2024-01-15,138796,52,4.3,79.74,98,4,5,Excellent,96.82,1,13,Not Promoted,Active
11124,Kavya Joshi,employee11124@company.com,Operations,Data Analyst,Mumbai,Contract,MBA,2021-02-07,63577,22,12.4,85.35,67,13,4,Good,62.46,0,15,Not Promoted,Active
11125,Nisha Rao,employee11125@company.com,IT,Sales Executive,Hyderabad,Contract,B.Tech,2024-07-25,79765,44,11.2,91.93,20,14,4,Good,73.54,21,16,Not Promoted,Inactive
11126,Anjali Pillai,employee11126@company.com,Marketing,Data Analyst,Delhi,Part-Time,M.Com,2025-08-05,49841,26,12.5,76.28,4,7,4,Good,56.23,39,25,Not Promoted,Active
11127,Arun Kumar,employee11127@company.com,Finance,Data Analyst,Pune,Full-Time,MCA,2018-12-31,50498,28,6.1,77.62,35,6,2,Needs Improvement,66.28,37,30,Not Promoted,Active
11128,Sneha Reddy,employee11128@company.com,Sales,Support Associate,Pune,Contract,B.Com,2023-04-05,133567,45,16.3,80.74,90,3,3,Average,94.33,18,15,Not Promoted,Active
11129,Karthik Singh,employee11129@company.com,Sales,Support Associate,Hyderabad,Full-Time,BBA,2023-08-25,115645,45,8.4,89.63,6,2,3,Average,72.84,18,27,Not Promoted,Active
11130,Anjali Mishra,employee11130@company.com,Operations,Financial Analyst,Hyderabad,Part-Time,MBA,2024-01-10,129280,31,9.5,94.52,59,2,3,Average,74.07,1,30,Not Promoted,Active
11131,Suresh Kumar,employee11131@company.com,Operations,Financial Analyst,Pune,Full-Time,B.E,2019-06-16,137642,55,17.1,86.4,55,10,4,Good,96.32,28,15,Not Promoted,Active
11132,Anjali Kumar,employee11132@company.com,Operations,Senior Software Engineer,Coimbatore,Contract,B.Tech,2020-12-11,102711,21,17.6,73.99,30,1,3,Average,94.59,22,27,Not Promoted,Active
11133,Anjali Rao,employee11133@company.com,Marketing,Financial Analyst,Mumbai,Full-Time,BBA,2020-05-04,92229,43,12.1,83.39,83,4,2,Needs Improvement,57.16,26,0,Not Promoted,Active
11134,Meena Gupta,employee11134@company.com,IT,Financial Analyst,Coimbatore,Full-Time,M.Sc,2019-04-14,88914,23,17.0,73.83,24,11,3,Average,71.99,22,13,Not Promoted,Active
11135,Aakash Patel,employee11135@company.com,HR,Marketing Executive,Bangalore,Full-Time,B.Tech,2021-09-06,76203,21,10.0,72.65,55,1,4,Good,100.18,27,1,Not Promoted,Active
11136,Sneha Singh,employee11136@company.com,Engineering,HR Executive,Coimbatore,Full-Time,M.Com,2020-05-28,118802,32,5.9,87.69,88,1,2,Needs Improvement,74.69,27,25,Not Promoted,Inactive
11137,Nisha Nair,employee11137@company.com,Sales,Senior Software Engineer,Pune,Contract,M.Com,2025-03-28,136399,51,6.0,98.69,80,14,4,Good,88.01,4,21,Promoted,Active
11138,Swetha Rao,employee11138@company.com,HR,Support Associate,Hyderabad,Full-Time,MBA,2019-01-02,117943,49,10.3,95.13,100,15,3,Average,64.89,17,26,Not Promoted,Active
11139,Karthik Nair,employee11139@company.com,Customer Support,Senior Software Engineer,Chennai,Full-Time,MBA,2023-06-26,39838,55,11.1,93.23,78,11,3,Average,48.87,29,29,Promoted,Active
11140,Ajay Kumar,employee11140@company.com,Sales,Support Associate,Chennai,Part-Time,B.Tech,2019-10-03,86671,48,8.2,91.81,73,11,4,Good,55.72,23,8,Not Promoted,Active
11141,Aakash Sharma,employee11141@company.com,Engineering,Operations Analyst,Hyderabad,Full-Time,MBA,2020-05-11,126224,41,16.0,96.91,33,11,4,Good,71.11,36,18,Promoted,Active
11142,Anjali Menon,employee11142@company.com,Operations,HR Executive,Coimbatore,Full-Time,M.Com,2021-12-05,111765,31,8.0,92.59,43,3,3,Average,67.98,15,4,Not Promoted,Active
11143,Nisha Mishra,employee11143@company.com,Engineering,Marketing Executive,Hyderabad,Full-Time,B.Tech,2019-08-12,94703,46,5.3,88.81,6,5,4,Good,103.22,28,23,Not Promoted,Active
11144,Rahul Nair,employee11144@company.com,IT,Marketing Executive,Bangalore,Full-Time,B.Tech,2021-08-22,47615,31,0.6,80.94,50,11,4,Good,80.47,29,9,Promoted,Active
11145,Pooja Gupta,employee11145@company.com,IT,Project Manager,Delhi,Full-Time,M.Sc,2018-04-02,78775,25,17.5,73.03,24,5,3,Average,85.77,24,5,Not Promoted,Inactive
11146,Meena Sharma,employee11146@company.com,Sales,Sales Executive,Hyderabad,Full-Time,B.E,2019-04-03,66845,27,14.9,83.83,27,7,5,Excellent,89.76,37,2,Not Promoted,Active
11147,Anjali Singh,employee11147@company.com,Marketing,Support Associate,Chennai,Full-Time,B.E,2020-12-11,146434,51,11.3,97.74,41,10,4,Good,79.56,38,1,Not Promoted,Inactive
11148,Meena Verma,employee11148@company.com,Customer Support,Sales Executive,Mumbai,Full-Time,MBA,2023-02-28,121705,28,15.0,87.49,26,5,4,Good,95.03,0,28,Not Promoted,Active
11149,Rahul Verma,employee11149@company.com,Engineering,Operations Analyst,Hyderabad,Contract,BBA,2021-02-18,63907,47,14.7,75.54,36,5,4,Good,95.9,39,18,Not Promoted,Active
11150,Ajay Nair,employee11150@company.com,Operations,Marketing Executive,Bangalore,Full-Time,MBA,2023-06-18,56158,41,16.8,89.47,54,3,5,Excellent,67.84,38,5,Promoted,Active
11151,Nisha Reddy,employee11151@company.com,IT,Operations Analyst,Mumbai,Full-Time,BBA,2023-03-30,90043,50,7.3,83.96,37,11,4,Good,50.51,38,20,Not Promoted,Active
11152,Kavya Reddy,employee11152@company.com,Customer Support,Data Analyst,Bangalore,Full-Time,M.Com,2023-08-02,124762,34,10.2,97.94,55,4,4,Good,109.11,30,23,Not Promoted,Active
11153,Aakash Joshi,employee11153@company.com,Customer Support,HR Executive,Mumbai,Part-Time,BBA,2022-02-24,110715,21,2.2,74.83,91,10,4,Good,86.77,38,9,Not Promoted,Active
11154,Swetha Nair,employee11154@company.com,IT,Project Manager,Hyderabad,Contract,M.Com,2021-11-04,101883,44,17.4,91.36,33,6,4,Good,91.08,30,17,Promoted,Active
11155,Vijay Das,employee11155@company.com,Finance,Operations Analyst,Chennai,Full-Time,B.E,2019-01-22,126714,26,17.7,90.45,28,9,4,Good,94.19,32,13,Not Promoted,Inactive
11156,Nisha Reddy,employee11156@company.com,Engineering,Project Manager,Mumbai,Full-Time,B.Tech,2023-06-05,78176,26,14.3,99.51,47,10,4,Good,84.84,11,27,Not Promoted,Active
11157,Rahul Gupta,employee11157@company.com,Customer Support,HR Executive,Pune,Full-Time,B.Com,2022-06-19,80421,25,8.4,86.95,71,8,2,Needs Improvement,75.61,24,1,Not Promoted,Active
11158,Meena Das,employee11158@company.com,IT,Senior Software Engineer,Delhi,Full-Time,MCA,2022-08-12,58330,55,9.2,96.15,76,15,5,Excellent,109.0,22,3,Not Promoted,Active
11159,Vijay Verma,employee11159@company.com,Finance,Operations Analyst,Bangalore,Full-Time,MCA,2021-08-05,73145,35,8.1,70.74,45,15,5,Excellent,92.3,27,28,Not Promoted,Active
11160,Anjali Gupta,employee11160@company.com,IT,Financial Analyst,Mumbai,Full-Time,M.Sc,2022-11-28,80244,55,5.6,73.69,36,3,1,Needs Improvement,99.98,32,14,Not Promoted,Active
11161,Anjali Patel,employee11161@company.com,IT,Software Engineer,Bangalore,Full-Time,B.Com,2019-01-06,97528,28,9.7,80.38,2,9,4,Good,73.58,37,24,Not Promoted,Active
11162,Vijay Menon,employee11162@company.com,Customer Support,Marketing Executive,Chennai,Contract,BBA,2024-02-10,102754,55,1.4,88.58,77,0,2,Needs Improvement,103.81,25,20,Not Promoted,Active
11163,Meena Nair,employee11163@company.com,Marketing,Marketing Executive,Bangalore,Full-Time,M.Sc,2020-02-11,146696,25,17.9,83.47,95,5,3,Average,92.59,23,22,Not Promoted,Active
11164,Rahul Patel,employee11164@company.com,Marketing,Marketing Executive,Bangalore,Contract,MBA,2022-08-13,65564,51,7.9,76.08,86,1,4,Good,93.5,4,22,Not Promoted,Active
11165,Sneha Rao,employee11165@company.com,Operations,Senior Software Engineer,Pune,Full-Time,MCA,2018-07-24,120867,51,16.7,87.68,86,10,3,Average,50.65,16,5,Not Promoted,Active
11166,Vijay Kumar,employee11166@company.com,Engineering,Software Engineer,Bangalore,Full-Time,M.Sc,2020-08-11,128963,28,13.2,87.0,76,6,4,Good,85.13,36,27,Promoted,Active
11167,Karthik Verma,employee11167@company.com,IT,HR Executive,Mumbai,Full-Time,MCA,2024-01-29,113004,26,5.6,85.73,49,5,4,Good,66.79,14,5,Promoted,Active
11168,Anjali Gupta,employee11168@company.com,Engineering,Senior Software Engineer,Bangalore,Full-Time,B.Com,2020-04-04,109891,43,4.4,72.72,20,8,4,Good,88.49,1,8,Not Promoted,Active
11169,Arun Mishra,employee11169@company.com,Operations,Marketing Executive,Hyderabad,Full-Time,M.Sc,2018-08-10,74496,36,17.9,97.81,47,5,1,Needs Improvement,81.93,33,19,Not Promoted,Active
11170,Arun Patel,employee11170@company.com,Operations,Marketing Executive,Bangalore,Full-Time,B.Com,2021-04-06,146299,28,14.0,87.77,57,13,3,Average,52.23,19,17,Not Promoted,Active
11171,Vijay Sharma,employee11171@company.com,Operations,Sales Executive,Hyderabad,Full-Time,B.E,2020-12-15,146812,24,4.9,77.92,30,5,4,Good,79.45,29,22,Not Promoted,Active
11172,Suresh Joshi,employee11172@company.com,Operations,Project Manager,Delhi,Full-Time,B.Tech,2022-05-18,145972,52,1.7,90.62,6,3,5,Excellent,74.33,15,30,Promoted,Active
11173,Meena Kumar,employee11173@company.com,Sales,Project Manager,Bangalore,Full-Time,M.Com,2025-04-16,87469,23,12.7,79.54,56,11,4,Good,95.47,3,21,Not Promoted,Active
11174,Arun Verma,employee11174@company.com,Customer Support,Sales Executive,Coimbatore,Full-Time,BBA,2023-03-24,27716,36,5.8,85.18,35,8,3,Average,77.67,30,3,Not Promoted,Active
11175,Karthik Singh,employee11175@company.com,Customer Support,Data Analyst,Delhi,Contract,B.E,2018-06-16,57361,54,4.4,80.23,82,2,4,Good,76.28,25,0,Not Promoted,Active
11176,Arun Singh,employee11176@company.com,Sales,Sales Executive,Coimbatore,Full-Time,MCA,2022-03-23,52254,33,13.4,96.41,85,14,4,Good,91.77,40,3,Promoted,Active
11177,Priya Sharma,employee11177@company.com,IT,Project Manager,Bangalore,Full-Time,M.Com,2018-05-22,67632,53,12.4,99.82,23,0,4,Good,88.46,11,21,Not Promoted,Active
11178,Divya Pillai,employee11178@company.com,Sales,Marketing Executive,Mumbai,Full-Time,B.E,2023-12-13,128964,42,8.9,74.84,23,10,2,Needs Improvement,109.47,1,26,Promoted,Active
11179,Kavya Nair,employee11179@company.com,IT,Financial Analyst,Coimbatore,Full-Time,B.E,2018-03-31,88141,51,17.0,70.71,55,9,4,Good,67.88,7,2,Not Promoted,Active
11180,Manoj Verma,employee11180@company.com,Marketing,Project Manager,Hyderabad,Full-Time,B.Com,2018-11-07,130536,44,12.4,76.58,84,7,4,Good,89.74,13,12,Not Promoted,Active
11181,Sneha Reddy,employee11181@company.com,Customer Support,Software Engineer,Delhi,Full-Time,M.Com,2021-10-26,134623,23,16.1,87.7,60,7,5,Excellent,55.87,23,14,Not Promoted,Active
11182,Kavya Iyer,employee11182@company.com,HR,Financial Analyst,Delhi,Full-Time,B.E,2024-03-13,46277,53,3.8,75.22,76,14,3,Average,97.3,39,28,Not Promoted,Active
11183,Rahul Nair,employee11183@company.com,Finance,Senior Software Engineer,Hyderabad,Full-Time,B.Com,2021-04-24,42503,50,5.7,94.34,69,10,4,Good,96.1,40,0,Not Promoted,Inactive
11184,Karthik Singh,employee11184@company.com,Customer Support,Project Manager,Pune,Full-Time,MBA,2020-06-01,100640,46,2.3,82.26,27,0,5,Excellent,92.18,24,27,Not Promoted,Active
11185,Sneha Iyer,employee11185@company.com,Sales,HR Executive,Bangalore,Full-Time,M.Com,2020-01-31,125566,54,5.8,88.32,31,8,2,Needs Improvement,52.74,6,15,Promoted,Active
11186,Dinesh Reddy,employee11186@company.com,Sales,Operations Analyst,Bangalore,Full-Time,BBA,2023-11-14,140430,42,17.5,83.67,76,1,5,Excellent,109.19,31,1,Not Promoted,Active
11187,Nisha Iyer,employee11187@company.com,Marketing,Operations Analyst,Mumbai,Full-Time,M.Sc,2025-07-20,111921,50,17.3,97.1,97,5,4,Good,106.27,22,5,Not Promoted,Active
11188,Karthik Nair,employee11188@company.com,Sales,Software Engineer,Pune,Part-Time,B.E,2021-09-21,57235,55,13.8,71.05,95,14,2,Needs Improvement,69.06,38,0,Promoted,Active
11189,Anjali Singh,employee11189@company.com,IT,Support Associate,Pune,Full-Time,MCA,2022-03-19,101180,45,9.6,91.88,77,8,3,Average,82.53,25,21,Not Promoted,Active
11190,Arun Pillai,employee11190@company.com,IT,Operations Analyst,Coimbatore,Contract,MBA,2018-05-29,46687,48,14.2,89.57,95,15,4,Good,102.78,6,30,Promoted,Active
11191,Sneha Kumar,employee11191@company.com,HR,Software Engineer,Mumbai,Full-Time,B.Com,2019-12-16,73409,53,10.2,89.49,44,12,2,Needs Improvement,77.15,3,16,Not Promoted,Active
11192,Manoj Pillai,employee11192@company.com,HR,Support Associate,Delhi,Full-Time,B.E,2021-11-26,134264,43,0.6,82.42,68,5,4,Good,83.95,24,16,Promoted,Active
11193,Ajay Das,employee11193@company.com,Customer Support,Senior Software Engineer,Hyderabad,Full-Time,MCA,2022-09-14,65098,46,9.3,70.47,98,6,3,Average,84.21,17,21,Not Promoted,Active
11194,Dinesh Verma,employee11194@company.com,HR,Support Associate,Delhi,Part-Time,B.Com,2021-09-16,138752,29,11.0,90.68,67,14,4,Good,87.2,6,28,Not Promoted,Active
11195,Ravi Das,employee11195@company.com,IT,HR Executive,Chennai,Full-Time,B.Com,2021-06-04,58550,28,5.2,94.88,77,8,2,Needs Improvement,82.41,21,0,Not Promoted,Active
11196,Priya Gupta,employee11196@company.com,Engineering,Project Manager,Mumbai,Full-Time,M.Sc,2023-01-02,57864,53,4.1,72.56,17,4,5,Excellent,71.39,3,15,Not Promoted,Active
11197,Swetha Kumar,employee11197@company.com,Operations,Operations Analyst,Hyderabad,Full-Time,MCA,2024-08-02,33778,35,5.3,83.25,74,0,5,Excellent,80.07,28,27,Not Promoted,Active
11198,Rahul Mishra,employee11198@company.com,Operations,Marketing Executive,Delhi,Contract,B.Com,2025-03-20,54783,28,11.4,74.88,82,8,5,Excellent,101.64,23,8,Not Promoted,Active
11199,Suresh Sharma,employee11199@company.com,HR,Sales Executive,Delhi,Full-Time,M.Com,2024-06-21,80813,41,3.1,88.33,1,9,4,Good,101.17,39,1,Not Promoted,Active
11200,Manoj Kumar,employee11200@company.com,HR,Project Manager,Pune,Full-Time,M.Sc,2022-03-13,121923,23,13.1,93.57,97,13,2,Needs Improvement,95.22,37,24,Not Promoted,Active
11201,Nisha Kumar,employee11201@company.com,IT,Senior Software Engineer,Mumbai,Full-Time,MBA,2022-02-10,103910,29,7.9,90.0,2,12,4,Good,71.92,40,20,Not Promoted,Active
11202,Karthik Rao,employee11202@company.com,Marketing,Senior Software Engineer,Chennai,Full-Time,M.Sc,2021-12-22,70596,34,6.7,79.54,28,6,1,Needs Improvement,96.09,11,4,Not Promoted,Active
11203,Nisha Menon,employee11203@company.com,Customer Support,Software Engineer,Bangalore,Full-Time,MBA,2019-03-26,46295,47,14.6,74.19,86,15,1,Needs Improvement,70.21,8,25,Not Promoted,Active
11204,Manoj Das,employee11204@company.com,Sales,Data Analyst,Mumbai,Full-Time,B.Tech,2023-01-10,43622,40,9.4,93.83,47,7,3,Average,88.16,14,7,Not Promoted,Active
11205,Priya Mishra,employee11205@company.com,Customer Support,Support Associate,Chennai,Full-Time,M.Sc,2025-12-02,74081,24,7.1,79.72,64,1,3,Average,81.88,12,0,Not Promoted,Active
11206,Swetha Mishra,employee11206@company.com,Finance,Support Associate,Chennai,Full-Time,M.Sc,2018-03-31,50492,44,15.9,70.66,41,4,4,Good,64.5,29,8,Promoted,Active
11207,Kavya Pillai,employee11207@company.com,Operations,Software Engineer,Mumbai,Full-Time,BBA,2025-02-01,44733,47,6.9,87.14,5,12,4,Good,74.44,34,13,Not Promoted,Active
11208,Priya Mishra,employee11208@company.com,Engineering,Sales Executive,Hyderabad,Full-Time,B.E,2018-06-25,134082,32,15.5,77.4,58,7,3,Average,98.97,34,16,Promoted,Inactive
11209,Manoj Joshi,employee11209@company.com,Operations,Marketing Executive,Mumbai,Full-Time,M.Sc,2021-12-14,37372,48,9.3,95.24,80,6,3,Average,104.33,25,4,Not Promoted,Active
11210,Aakash Verma,employee11210@company.com,IT,Senior Software Engineer,Delhi,Full-Time,B.Com,2022-10-22,136950,55,4.1,74.3,18,15,5,Excellent,58.34,18,7,Not Promoted,Inactive
11211,Meena Kumar,employee11211@company.com,Customer Support,Project Manager,Coimbatore,Full-Time,BBA,2025-05-19,60256,44,11.2,83.04,51,6,3,Average,74.65,20,16,Not Promoted,Active
11212,Ravi Kumar,employee11212@company.com,Engineering,Sales Executive,Pune,Full-Time,B.E,2023-07-07,77945,51,5.5,77.59,60,3,3,Average,73.18,20,20,Not Promoted,Active
11213,Dinesh Menon,employee11213@company.com,IT,Marketing Executive,Delhi,Part-Time,BBA,2025-06-27,98353,23,3.1,90.69,1,12,3,Average,76.79,12,28,Not Promoted,Active
11214,Rahul Rao,employee11214@company.com,Finance,Data Analyst,Chennai,Full-Time,BBA,2024-09-07,109757,50,2.0,86.46,78,1,4,Good,108.48,20,11,Promoted,Active
11215,Suresh Menon,employee11215@company.com,Engineering,Project Manager,Chennai,Full-Time,MBA,2021-07-13,89683,47,4.7,93.73,22,9,4,Good,78.72,23,18,Not Promoted,Active
11216,Vijay Singh,employee11216@company.com,Customer Support,Software Engineer,Bangalore,Full-Time,MBA,2019-05-19,139687,37,13.4,83.76,18,2,3,Average,98.95,25,7,Promoted,Active
11217,Aakash Menon,employee11217@company.com,Engineering,Project Manager,Chennai,Full-Time,B.Com,2020-08-13,142074,26,15.2,70.14,96,13,2,Needs Improvement,88.16,30,28,Not Promoted,Active
11218,Nisha Reddy,employee11218@company.com,Finance,HR Executive,Coimbatore,Full-Time,M.Com,2021-07-24,130700,38,15.6,76.46,69,13,4,Good,51.97,29,18,Not Promoted,Active
11219,Vijay Kumar,employee11219@company.com,HR,Data Analyst,Bangalore,Full-Time,MCA,2023-11-18,43225,55,5.2,99.97,49,13,4,Good,90.22,23,11,Not Promoted,Inactive
11220,Vijay Sharma,employee11220@company.com,Customer Support,Software Engineer,Chennai,Full-Time,B.Com,2022-01-05,83546,47,12.1,82.16,60,15,3,Average,87.06,31,7,Not Promoted,Active
11221,Divya Das,employee11221@company.com,Finance,Software Engineer,Chennai,Full-Time,B.Com,2019-03-01,145054,37,4.5,88.61,18,8,5,Excellent,94.3,29,10,Not Promoted,Active
11222,Pooja Rao,employee11222@company.com,Sales,Software Engineer,Mumbai,Full-Time,B.Tech,2023-03-13,33064,31,11.4,97.15,93,3,2,Needs Improvement,49.84,25,10,Not Promoted,Active
11223,Ravi Patel,employee11223@company.com,Sales,Operations Analyst,Mumbai,Full-Time,MCA,2020-11-19,128073,54,16.0,70.62,21,0,3,Average,60.68,37,30,Not Promoted,Active
11224,Ajay Iyer,employee11224@company.com,Operations,Sales Executive,Pune,Part-Time,BBA,2020-06-24,38986,52,1.2,89.79,2,9,5,Excellent,95.0,17,14,Not Promoted,Active
11225,Vijay Iyer,employee11225@company.com,Sales,Marketing Executive,Delhi,Contract,BBA,2024-12-18,66689,55,17.7,78.65,4,3,3,Average,69.09,40,1,Promoted,Active
11226,Priya Rao,employee11226@company.com,Customer Support,Support Associate,Hyderabad,Full-Time,M.Sc,2023-03-02,90852,48,15.0,78.38,93,12,4,Good,104.2,11,25,Promoted,Active
11227,Arun Joshi,employee11227@company.com,Sales,Senior Software Engineer,Pune,Full-Time,BBA,2019-10-13,81605,42,13.8,76.75,66,15,3,Average,78.65,20,29,Not Promoted,Active
11228,Manoj Singh,employee11228@company.com,Sales,Senior Software Engineer,Chennai,Full-Time,M.Com,2020-09-24,57843,36,12.6,94.68,59,14,3,Average,45.07,22,2,Not Promoted,Active
11229,Aakash Iyer,employee11229@company.com,Engineering,HR Executive,Pune,Contract,BBA,2023-04-11,111989,32,14.0,81.19,38,7,5,Excellent,90.42,27,28,Not Promoted,Active
11230,Meena Joshi,employee11230@company.com,HR,HR Executive,Mumbai,Full-Time,B.E,2021-04-25,69006,25,17.9,72.01,27,13,3,Average,78.38,16,0,Not Promoted,Active
11231,Suresh Sharma,employee11231@company.com,Operations,HR Executive,Delhi,Full-Time,MCA,2023-12-28,57195,46,14.0,72.91,0,7,5,Excellent,65.61,14,0,Not Promoted,Active
11232,Anjali Nair,employee11232@company.com,IT,Financial Analyst,Chennai,Full-Time,M.Com,2024-06-25,25203,46,6.7,74.46,21,9,3,Average,46.33,22,3,Promoted,Active
11233,Meena Singh,employee11233@company.com,Operations,HR Executive,Chennai,Full-Time,B.Com,2019-01-04,65663,33,11.2,96.97,44,14,3,Average,57.92,33,20,Not Promoted,Active
11234,Dinesh Mishra,employee11234@company.com,Operations,Senior Software Engineer,Pune,Full-Time,B.Com,2024-06-02,97103,44,6.4,82.82,50,9,1,Needs Improvement,55.5,27,29,Not Promoted,Active
11235,Arun Verma,employee11235@company.com,Operations,Data Analyst,Delhi,Full-Time,B.Com,2025-10-14,71814,23,17.5,97.48,80,1,4,Good,82.89,3,18,Not Promoted,Active
11236,Rohan Gupta,employee11236@company.com,Finance,Marketing Executive,Coimbatore,Part-Time,B.Com,2023-08-10,70248,52,16.3,94.52,50,9,3,Average,95.02,40,17,Not Promoted,Active
11237,Divya Mishra,employee11237@company.com,IT,HR Executive,Bangalore,Full-Time,B.Com,2024-12-23,32460,43,10.4,95.14,27,3,5,Excellent,60.25,11,0,Not Promoted,Active
11238,Divya Rao,employee11238@company.com,Finance,Data Analyst,Coimbatore,Full-Time,MCA,2018-09-16,143463,33,14.2,78.6,29,6,3,Average,90.35,1,18,Not Promoted,Active
11239,Rahul Iyer,employee11239@company.com,HR,Financial Analyst,Hyderabad,Full-Time,M.Sc,2022-06-25,118056,35,16.4,78.14,7,7,5,Excellent,103.49,24,0,Promoted,Active
11240,Pooja Patel,employee11240@company.com,HR,Financial Analyst,Delhi,Full-Time,MCA,2022-04-17,82230,22,4.8,86.8,90,0,3,Average,85.4,23,25,Not Promoted,Active
11241,Meena Mishra,employee11241@company.com,Marketing,Support Associate,Pune,Full-Time,M.Sc,2021-02-18,81076,31,10.6,82.54,40,7,5,Excellent,95.42,30,9,Not Promoted,Active
11242,Vijay Patel,employee11242@company.com,Marketing,Operations Analyst,Coimbatore,Full-Time,MCA,2018-01-18,147268,36,8.9,85.27,24,0,4,Good,58.28,3,21,Not Promoted,Active
11243,Meena Mishra,employee11243@company.com,Engineering,Operations Analyst,Pune,Part-Time,M.Com,2021-08-25,79710,38,14.0,71.6,58,5,4,Good,49.87,33,12,Not Promoted,Active
11244,Nisha Singh,employee11244@company.com,HR,Project Manager,Hyderabad,Full-Time,B.Com,2023-03-19,88788,54,7.1,99.15,76,4,4,Good,68.75,5,26,Not Promoted,Active
11245,Suresh Iyer,employee11245@company.com,HR,Operations Analyst,Chennai,Full-Time,MBA,2022-07-15,29355,30,12.9,71.75,33,9,4,Good,91.09,30,18,Promoted,Active
11246,Pooja Gupta,employee11246@company.com,Finance,Project Manager,Chennai,Part-Time,MCA,2018-04-20,56935,33,7.6,75.36,38,14,4,Good,89.6,38,27,Not Promoted,Active
11247,Rohan Sharma,employee11247@company.com,Engineering,Sales Executive,Bangalore,Contract,MBA,2018-11-27,142739,52,2.4,90.35,70,6,2,Needs Improvement,107.08,23,19,Not Promoted,Active
11248,Anjali Mishra,employee11248@company.com,HR,Operations Analyst,Pune,Full-Time,BBA,2022-05-16,27663,28,2.4,74.67,85,5,1,Needs Improvement,85.95,24,7,Not Promoted,Active
11249,Rohan Sharma,employee11249@company.com,Customer Support,Financial Analyst,Hyderabad,Full-Time,B.Tech,2020-08-03,66391,27,2.6,73.21,96,9,5,Excellent,71.73,4,25,Promoted,Active
11250,Dinesh Gupta,employee11250@company.com,IT,Support Associate,Pune,Full-Time,BBA,2021-07-11,117875,37,1.1,74.61,45,13,4,Good,96.81,9,30,Not Promoted,Active
11251,Rahul Das,employee11251@company.com,Finance,Data Analyst,Mumbai,Full-Time,B.E,2018-09-25,119903,47,9.8,71.86,37,0,4,Good,54.95,17,4,Promoted,Active
11252,Dinesh Sharma,employee11252@company.com,HR,HR Executive,Pune,Contract,MCA,2019-03-11,147072,28,12.3,77.54,94,14,3,Average,97.85,28,10,Not Promoted,Active
11253,Meena Rao,employee11253@company.com,Finance,Operations Analyst,Pune,Full-Time,MBA,2023-07-29,44546,49,2.7,78.13,32,5,2,Needs Improvement,68.79,10,20,Promoted,Active
11254,Anjali Iyer,employee11254@company.com,Finance,Project Manager,Mumbai,Full-Time,B.Tech,2024-11-02,98925,47,11.2,84.96,21,12,2,Needs Improvement,55.01,29,7,Not Promoted,Active
11255,Suresh Reddy,employee11255@company.com,Sales,Data Analyst,Mumbai,Full-Time,M.Com,2024-06-02,111998,44,11.0,83.16,26,13,4,Good,55.54,4,25,Not Promoted,Active
11256,Meena Kumar,employee11256@company.com,Engineering,Software Engineer,Coimbatore,Full-Time,B.E,2023-04-26,25038,36,3.1,84.21,62,2,3,Average,108.93,5,25,Not Promoted,Active
11257,Rahul Das,employee11257@company.com,Marketing,Senior Software Engineer,Hyderabad,Part-Time,M.Sc,2022-06-02,72812,46,7.6,88.48,26,11,3,Average,85.51,13,27,Not Promoted,Inactive
11258,Arun Patel,employee11258@company.com,Engineering,Operations Analyst,Coimbatore,Part-Time,BBA,2019-12-20,84862,51,13.7,76.93,20,14,3,Average,56.33,15,13,Not Promoted,Active
11259,Rahul Reddy,employee11259@company.com,Finance,Senior Software Engineer,Chennai,Full-Time,B.Com,2024-02-10,35318,47,0.8,74.04,52,15,2,Needs Improvement,62.46,13,11,Not Promoted,Active
11260,Dinesh Verma,employee11260@company.com,Engineering,Operations Analyst,Bangalore,Contract,MCA,2024-09-25,33920,46,3.1,96.37,34,14,4,Good,69.19,32,10,Not Promoted,Active
11261,Sneha Mishra,employee11261@company.com,Operations,Software Engineer,Coimbatore,Full-Time,MCA,2024-06-25,86243,35,17.9,89.02,46,5,3,Average,48.63,36,12,Not Promoted,Active
11262,Aakash Iyer,employee11262@company.com,Customer Support,HR Executive,Mumbai,Full-Time,B.Com,2020-01-11,142853,35,13.3,71.82,49,6,4,Good,52.05,4,9,Not Promoted,Active
11263,Dinesh Sharma,employee11263@company.com,Customer Support,Sales Executive,Chennai,Full-Time,BBA,2022-05-19,78931,43,8.6,98.83,9,5,3,Average,94.51,39,19,Not Promoted,Active
11264,Arun Pillai,employee11264@company.com,Finance,Marketing Executive,Hyderabad,Full-Time,BBA,2021-09-11,129490,45,11.5,90.79,27,8,3,Average,96.15,13,28,Not Promoted,Active
11265,Arun Das,employee11265@company.com,Operations,Data Analyst,Delhi,Full-Time,M.Sc,2022-05-10,135723,24,15.3,74.55,36,15,1,Needs Improvement,109.24,39,7,Not Promoted,Active
11266,Manoj Singh,employee11266@company.com,Customer Support,Data Analyst,Pune,Full-Time,M.Com,2020-03-15,109044,36,15.2,99.07,40,11,2,Needs Improvement,49.39,8,9,Not Promoted,Active
11267,Karthik Menon,employee11267@company.com,Sales,HR Executive,Hyderabad,Full-Time,B.E,2019-02-21,104793,41,6.2,80.96,96,8,3,Average,102.8,26,20,Promoted,Active
11268,Nisha Das,employee11268@company.com,HR,Support Associate,Hyderabad,Full-Time,MCA,2020-05-31,48783,37,9.1,99.54,60,7,3,Average,65.62,2,5,Not Promoted,Inactive
11269,Nisha Das,employee11269@company.com,Finance,Financial Analyst,Mumbai,Full-Time,MBA,2020-03-01,61902,23,11.7,73.1,50,4,4,Good,66.31,9,0,Not Promoted,Active
11270,Rahul Iyer,employee11270@company.com,Sales,Operations Analyst,Bangalore,Part-Time,BBA,2023-05-30,122845,27,1.8,74.8,7,9,3,Average,53.27,10,8,Not Promoted,Active
11271,Manoj Kumar,employee11271@company.com,Engineering,Marketing Executive,Coimbatore,Full-Time,M.Sc,2022-09-23,113214,32,17.1,89.72,100,2,4,Good,109.11,33,3,Not Promoted,Active
11272,Kavya Menon,employee11272@company.com,IT,Support Associate,Mumbai,Full-Time,BBA,2023-04-12,61539,21,8.1,70.66,57,3,5,Excellent,108.76,0,0,Not Promoted,Inactive
11273,Swetha Patel,employee11273@company.com,Engineering,Marketing Executive,Pune,Full-Time,B.E,2022-12-14,105847,26,7.0,70.56,60,10,4,Good,101.21,9,22,Promoted,Active
11274,Meena Verma,employee11274@company.com,Sales,Financial Analyst,Mumbai,Full-Time,B.Tech,2022-06-19,96074,43,16.4,93.76,32,9,1,Needs Improvement,50.9,5,9,Not Promoted,Inactive
11275,Karthik Kumar,employee11275@company.com,Marketing,Senior Software Engineer,Pune,Full-Time,M.Sc,2023-11-08,73949,45,2.6,75.03,18,7,3,Average,99.71,7,19,Promoted,Active
11276,Anjali Rao,employee11276@company.com,Marketing,Operations Analyst,Mumbai,Full-Time,BBA,2025-09-07,93793,45,1.2,97.56,29,8,2,Needs Improvement,86.25,30,20,Not Promoted,Active
11277,Meena Patel,employee11277@company.com,HR,Financial Analyst,Delhi,Full-Time,MCA,2021-01-03,129765,23,12.5,82.78,77,12,3,Average,53.37,5,26,Not Promoted,Active
11278,Dinesh Rao,employee11278@company.com,Engineering,Data Analyst,Bangalore,Full-Time,M.Com,2025-03-06,71543,24,7.2,96.21,13,7,5,Excellent,62.01,30,6,Promoted,Active
11279,Suresh Pillai,employee11279@company.com,Operations,Data Analyst,Delhi,Full-Time,M.Sc,2021-07-14,137047,50,13.9,82.53,35,9,2,Needs Improvement,89.8,33,22,Not Promoted,Active
11280,Aakash Mishra,employee11280@company.com,HR,Operations Analyst,Chennai,Contract,MBA,2023-01-19,36398,53,1.7,85.91,6,2,3,Average,97.22,39,24,Not Promoted,Active
11281,Suresh Pillai,employee11281@company.com,Customer Support,Sales Executive,Bangalore,Full-Time,B.E,2019-03-02,120734,49,7.2,79.5,33,6,4,Good,100.13,28,24,Promoted,Active
11282,Suresh Rao,employee11282@company.com,Operations,HR Executive,Coimbatore,Full-Time,M.Sc,2020-06-01,106580,24,4.6,89.74,49,10,4,Good,80.35,2,6,Not Promoted,Active
11283,Swetha Kumar,employee11283@company.com,Operations,HR Executive,Mumbai,Contract,B.E,2023-01-12,112308,34,13.4,79.55,31,7,4,Good,79.75,21,27,Not Promoted,Active
11284,Suresh Sharma,employee11284@company.com,Operations,Data Analyst,Hyderabad,Contract,MBA,2020-02-25,39772,41,4.5,76.7,41,2,1,Needs Improvement,89.47,11,25,Promoted,Active
11285,Kavya Pillai,employee11285@company.com,Operations,Data Analyst,Chennai,Full-Time,B.Tech,2019-06-19,89114,27,8.5,72.43,32,0,3,Average,95.55,37,24,Not Promoted,Active
11286,Anjali Nair,employee11286@company.com,Marketing,Financial Analyst,Hyderabad,Full-Time,B.Tech,2022-06-23,98436,41,14.8,71.73,13,6,4,Good,56.09,18,4,Promoted,Active
11287,Dinesh Menon,employee11287@company.com,Engineering,Software Engineer,Delhi,Contract,M.Sc,2018-10-12,101326,27,16.5,79.18,88,13,2,Needs Improvement,93.09,6,1,Not Promoted,Active
11288,Divya Iyer,employee11288@company.com,Customer Support,Project Manager,Coimbatore,Full-Time,B.E,2025-04-23,54011,21,13.1,92.09,27,2,3,Average,67.21,22,8,Not Promoted,Active
11289,Rahul Pillai,employee11289@company.com,Marketing,Sales Executive,Bangalore,Full-Time,B.Com,2021-02-03,134809,54,8.0,76.17,38,0,1,Needs Improvement,69.94,12,5,Not Promoted,Active
11290,Kavya Kumar,employee11290@company.com,Finance,Support Associate,Coimbatore,Full-Time,MBA,2019-05-19,75396,43,10.5,78.98,93,6,2,Needs Improvement,50.05,3,21,Not Promoted,Active
11291,Divya Singh,employee11291@company.com,Customer Support,Project Manager,Chennai,Full-Time,BBA,2018-02-15,135583,23,12.6,97.16,30,10,3,Average,83.25,20,8,Promoted,Active
11292,Swetha Singh,employee11292@company.com,Marketing,Financial Analyst,Delhi,Part-Time,MCA,2022-01-10,91193,38,15.8,89.17,23,11,2,Needs Improvement,51.07,13,14,Not Promoted,Active
11293,Ravi Verma,employee11293@company.com,HR,Project Manager,Mumbai,Full-Time,BBA,2021-03-13,134461,32,16.1,97.59,3,13,4,Good,104.35,35,12,Not Promoted,Active
11294,Sneha Gupta,employee11294@company.com,Marketing,Project Manager,Hyderabad,Part-Time,M.Sc,2019-06-21,108619,34,16.8,97.34,77,14,4,Good,85.36,6,14,Promoted,Active
11295,Divya Iyer,employee11295@company.com,Customer Support,Financial Analyst,Mumbai,Part-Time,B.Tech,2018-03-03,45840,48,14.7,71.9,8,6,4,Good,109.37,12,0,Not Promoted,Inactive
11296,Rohan Joshi,employee11296@company.com,Customer Support,Data Analyst,Pune,Part-Time,MCA,2022-11-01,80220,44,3.1,98.65,99,3,3,Average,60.97,34,14,Not Promoted,Active
11297,Suresh Menon,employee11297@company.com,HR,Data Analyst,Coimbatore,Full-Time,B.Tech,2021-01-10,114967,44,13.6,71.54,69,13,3,Average,89.17,32,17,Not Promoted,Active
11298,Anjali Gupta,employee11298@company.com,IT,Operations Analyst,Chennai,Part-Time,B.Tech,2024-07-11,52619,23,14.8,97.77,23,1,2,Needs Improvement,107.69,10,10,Not Promoted,Active
11299,Vijay Patel,employee11299@company.com,Engineering,Project Manager,Hyderabad,Full-Time,M.Com,2018-07-30,123119,29,15.9,86.4,89,15,4,Good,64.41,38,2,Promoted,Active
11300,Ajay Pillai,employee11300@company.com,Customer Support,Support Associate,Bangalore,Full-Time,M.Sc,2024-09-13,89258,44,16.7,86.0,97,9,4,Good,51.26,24,0,Promoted,Active
11301,Pooja Nair,employee11301@company.com,Marketing,Financial Analyst,Bangalore,Part-Time,MCA,2019-12-10,105061,22,9.4,91.4,64,13,1,Needs Improvement,86.21,38,3,Not Promoted,Active
11302,Ajay Reddy,employee11302@company.com,HR,Support Associate,Bangalore,Full-Time,B.Com,2024-07-22,88900,48,12.0,96.38,86,4,5,Excellent,68.8,23,1,Promoted,Active
11303,Ajay Kumar,employee11303@company.com,Operations,Marketing Executive,Delhi,Full-Time,B.Tech,2023-07-21,70384,27,0.7,88.51,16,10,2,Needs Improvement,62.75,21,15,Promoted,Active
11304,Swetha Reddy,employee11304@company.com,Engineering,HR Executive,Bangalore,Full-Time,B.Com,2019-01-12,149679,29,10.5,82.76,99,10,4,Good,109.58,21,18,Not Promoted,Active
11305,Anjali Patel,employee11305@company.com,Customer Support,Operations Analyst,Hyderabad,Full-Time,B.E,2021-03-31,54917,53,8.8,73.36,36,8,4,Good,94.02,14,15,Not Promoted,Active
11306,Karthik Verma,employee11306@company.com,Engineering,HR Executive,Coimbatore,Full-Time,B.E,2025-11-08,96499,54,17.3,93.68,49,5,5,Excellent,76.55,17,11,Not Promoted,Active
11307,Kavya Rao,employee11307@company.com,Engineering,Operations Analyst,Coimbatore,Full-Time,BBA,2023-09-23,137301,41,16.3,73.85,44,14,4,Good,48.25,31,7,Not Promoted,Active
11308,Ravi Verma,employee11308@company.com,Sales,Sales Executive,Coimbatore,Full-Time,BBA,2025-10-18,113155,49,14.5,91.79,19,9,4,Good,57.46,35,26,Not Promoted,Active
11309,Arun Sharma,employee11309@company.com,Engineering,Financial Analyst,Delhi,Part-Time,M.Com,2020-02-26,95071,47,1.5,85.84,58,13,3,Average,64.42,9,3,Not Promoted,Active
11310,Pooja Singh,employee11310@company.com,Operations,HR Executive,Pune,Full-Time,BBA,2020-01-03,81425,37,7.5,81.58,58,11,4,Good,76.67,8,15,Promoted,Inactive
11311,Rohan Menon,employee11311@company.com,Finance,Support Associate,Bangalore,Full-Time,B.Com,2020-08-25,105116,43,12.7,88.39,89,8,2,Needs Improvement,77.32,24,8,Not Promoted,Active
11312,Suresh Das,employee11312@company.com,Engineering,Financial Analyst,Coimbatore,Full-Time,MBA,2025-05-23,138968,41,1.0,93.17,10,11,5,Excellent,46.61,3,21,Not Promoted,Active
11313,Sneha Reddy,employee11313@company.com,Customer Support,Support Associate,Bangalore,Full-Time,M.Com,2019-06-06,69586,28,4.6,98.23,54,0,4,Good,106.32,37,14,Promoted,Active
11314,Sneha Verma,employee11314@company.com,HR,Project Manager,Delhi,Full-Time,B.Tech,2023-11-29,86321,29,16.0,77.94,83,1,4,Good,80.28,35,11,Not Promoted,Active
11315,Nisha Sharma,employee11315@company.com,Operations,HR Executive,Bangalore,Full-Time,B.E,2025-04-09,89396,53,2.8,98.41,64,10,3,Average,46.28,36,16,Not Promoted,Active
11316,Rahul Kumar,employee11316@company.com,Marketing,Project Manager,Pune,Part-Time,BBA,2020-12-14,92512,24,1.4,98.83,76,5,4,Good,90.59,38,21,Promoted,Active
11317,Swetha Gupta,employee11317@company.com,Marketing,Data Analyst,Delhi,Full-Time,M.Sc,2019-06-08,82089,38,10.7,94.41,57,2,4,Good,49.64,6,22,Not Promoted,Active
11318,Priya Gupta,employee11318@company.com,Customer Support,Marketing Executive,Delhi,Contract,B.E,2024-01-03,87272,52,17.1,96.44,99,1,4,Good,91.88,25,27,Not Promoted,Active
11319,Anjali Verma,employee11319@company.com,IT,Sales Executive,Chennai,Full-Time,MBA,2024-04-30,126973,50,15.1,90.77,43,5,2,Needs Improvement,90.6,19,14,Promoted,Active
11320,Suresh Kumar,employee11320@company.com,Sales,Sales Executive,Delhi,Full-Time,M.Com,2019-04-13,143880,45,17.6,71.17,76,6,2,Needs Improvement,109.02,20,3,Not Promoted,Active
11321,Suresh Reddy,employee11321@company.com,Customer Support,HR Executive,Bangalore,Full-Time,B.Com,2022-05-04,72055,53,13.7,87.25,13,3,3,Average,67.23,4,7,Not Promoted,Active
11322,Divya Joshi,employee11322@company.com,HR,Senior Software Engineer,Delhi,Full-Time,M.Sc,2025-12-29,25937,55,8.2,92.42,75,12,2,Needs Improvement,54.38,29,30,Not Promoted,Active
11323,Pooja Mishra,employee11323@company.com,Operations,Marketing Executive,Bangalore,Full-Time,B.E,2021-04-25,112516,54,17.1,98.25,51,12,5,Excellent,50.97,37,30,Not Promoted,Active
11324,Priya Gupta,employee11324@company.com,Sales,Software Engineer,Bangalore,Contract,B.Tech,2023-06-10,42673,22,8.0,87.11,33,9,3,Average,49.66,35,27,Promoted,Active
11325,Karthik Gupta,employee11325@company.com,IT,Operations Analyst,Coimbatore,Full-Time,MBA,2025-06-19,127974,33,6.6,93.83,62,14,5,Excellent,97.67,37,30,Not Promoted,Active
11326,Divya Nair,employee11326@company.com,Customer Support,Sales Executive,Delhi,Full-Time,MBA,2022-10-15,141838,43,8.3,91.15,26,8,3,Average,91.71,22,25,Promoted,Active
11327,Anjali Das,employee11327@company.com,Finance,Financial Analyst,Chennai,Full-Time,MCA,2020-01-28,97957,43,14.7,78.42,11,10,3,Average,108.43,22,2,Not Promoted,Active
11328,Aakash Gupta,employee11328@company.com,Sales,Data Analyst,Bangalore,Full-Time,MBA,2021-03-23,73582,51,16.6,74.64,37,11,4,Good,65.1,5,6,Not Promoted,Active
11329,Divya Iyer,employee11329@company.com,IT,Project Manager,Coimbatore,Full-Time,B.Tech,2020-07-07,54500,22,6.8,92.53,99,15,4,Good,97.2,22,6,Promoted,Inactive
11330,Rahul Mishra,employee11330@company.com,Customer Support,Software Engineer,Chennai,Full-Time,MBA,2021-01-24,82856,22,8.6,77.01,55,12,3,Average,51.05,14,14,Not Promoted,Active
11331,Divya Joshi,employee11331@company.com,Engineering,Financial Analyst,Chennai,Contract,BBA,2025-03-07,37953,25,16.2,77.34,64,2,4,Good,103.75,0,19,Not Promoted,Active
11332,Kavya Kumar,employee11332@company.com,Customer Support,HR Executive,Delhi,Full-Time,B.Com,2019-12-07,92052,34,1.3,89.32,89,1,4,Good,48.37,35,16,Not Promoted,Active
11333,Swetha Joshi,employee11333@company.com,HR,Marketing Executive,Mumbai,Full-Time,MCA,2023-05-13,71340,43,14.2,93.67,39,15,3,Average,96.21,38,27,Not Promoted,Active
11334,Vijay Reddy,employee11334@company.com,Customer Support,Sales Executive,Coimbatore,Full-Time,BBA,2020-04-13,68042,55,8.4,87.47,20,10,5,Excellent,64.98,27,9,Not Promoted,Active
11335,Rahul Gupta,employee11335@company.com,Finance,Operations Analyst,Mumbai,Full-Time,B.Com,2025-11-01,124708,21,7.1,96.55,31,13,5,Excellent,56.78,9,15,Not Promoted,Active
11336,Manoj Singh,employee11336@company.com,Customer Support,Software Engineer,Bangalore,Full-Time,M.Sc,2019-02-03,144180,35,8.3,76.34,88,4,4,Good,90.79,32,15,Promoted,Active
11337,Sneha Reddy,employee11337@company.com,Marketing,Sales Executive,Hyderabad,Full-Time,M.Com,2022-12-13,96706,50,7.8,77.57,11,14,3,Average,103.23,23,25,Not Promoted,Active
11338,Pooja Das,employee11338@company.com,IT,Senior Software Engineer,Mumbai,Full-Time,M.Com,2021-10-31,51507,41,13.7,89.11,88,11,4,Good,94.67,5,21,Not Promoted,Active
11339,Sneha Reddy,employee11339@company.com,Engineering,Senior Software Engineer,Coimbatore,Contract,M.Sc,2025-04-03,149765,28,16.7,94.88,25,8,2,Needs Improvement,65.35,13,14,Not Promoted,Active
11340,Sneha Pillai,employee11340@company.com,Marketing,Senior Software Engineer,Delhi,Part-Time,BBA,2018-11-24,27353,27,9.1,86.18,35,0,1,Needs Improvement,67.98,31,25,Not Promoted,Active
11341,Ajay Iyer,employee11341@company.com,Customer Support,Data Analyst,Coimbatore,Full-Time,M.Sc,2021-07-19,36999,54,15.1,70.31,15,5,3,Average,57.3,18,27,Promoted,Active
11342,Aakash Patel,employee11342@company.com,Finance,Project Manager,Delhi,Full-Time,BBA,2022-06-09,101474,52,13.3,90.31,77,15,3,Average,98.56,5,27,Not Promoted,Active
11343,Ravi Iyer,employee11343@company.com,IT,HR Executive,Mumbai,Full-Time,BBA,2024-09-08,88134,53,6.3,94.41,33,7,5,Excellent,51.96,19,11,Not Promoted,Active
11344,Suresh Reddy,employee11344@company.com,IT,Financial Analyst,Hyderabad,Contract,B.Com,2025-02-08,25580,26,10.8,78.3,23,6,4,Good,103.71,24,6,Not Promoted,Active
11345,Rohan Rao,employee11345@company.com,Customer Support,Sales Executive,Pune,Contract,B.Tech,2020-11-07,110249,30,12.2,71.63,71,5,4,Good,84.07,19,2,Not Promoted,Active
11346,Suresh Nair,employee11346@company.com,Finance,Financial Analyst,Bangalore,Part-Time,MCA,2020-07-07,98829,46,0.9,85.54,90,2,3,Average,83.28,37,27,Not Promoted,Active
11347,Rohan Kumar,employee11347@company.com,HR,Financial Analyst,Coimbatore,Full-Time,M.Com,2018-03-18,95086,46,7.4,71.26,38,8,3,Average,99.46,10,20,Not Promoted,Active
11348,Anjali Reddy,employee11348@company.com,Engineering,Sales Executive,Pune,Contract,BBA,2020-12-08,70248,39,17.9,82.48,63,4,3,Average,88.39,31,23,Not Promoted,Active
11349,Arun Mishra,employee11349@company.com,IT,Project Manager,Pune,Part-Time,MBA,2021-12-20,118954,55,11.7,70.53,76,14,5,Excellent,64.78,28,22,Promoted,Active
11350,Sneha Joshi,employee11350@company.com,Engineering,Data Analyst,Chennai,Full-Time,M.Sc,2022-11-07,142651,24,6.3,76.75,28,11,2,Needs Improvement,67.72,29,1,Promoted,Active
11351,Dinesh Rao,employee11351@company.com,Finance,Data Analyst,Chennai,Full-Time,B.Com,2022-04-29,87249,45,4.9,81.66,30,15,5,Excellent,56.25,28,3,Not Promoted,Active
11352,Divya Sharma,employee11352@company.com,Sales,Marketing Executive,Bangalore,Full-Time,B.E,2020-10-14,90834,28,4.2,73.35,62,0,4,Good,75.16,21,22,Not Promoted,Active
11353,Manoj Kumar,employee11353@company.com,Marketing,HR Executive,Hyderabad,Full-Time,B.Tech,2018-05-09,61884,32,7.5,73.42,42,8,3,Average,52.16,10,29,Not Promoted,Active
11354,Rahul Nair,employee11354@company.com,IT,Marketing Executive,Chennai,Full-Time,B.Tech,2019-06-03,41428,44,3.9,94.81,18,9,4,Good,87.45,19,26,Not Promoted,Active
11355,Suresh Iyer,employee11355@company.com,Sales,Project Manager,Coimbatore,Full-Time,B.Com,2024-06-09,32647,44,2.9,71.24,9,8,3,Average,56.0,40,24,Not Promoted,Active
11356,Dinesh Kumar,employee11356@company.com,IT,Financial Analyst,Coimbatore,Full-Time,BBA,2021-02-09,93079,37,6.9,90.67,55,0,5,Excellent,101.16,13,22,Promoted,Active
11357,Nisha Kumar,employee11357@company.com,HR,HR Executive,Mumbai,Full-Time,B.E,2025-08-04,110779,45,11.1,94.43,59,12,5,Excellent,90.53,26,7,Not Promoted,Active
11358,Karthik Mishra,employee11358@company.com,Customer Support,Marketing Executive,Coimbatore,Full-Time,B.Tech,2020-06-30,95314,53,3.1,73.92,42,6,3,Average,102.95,37,9,Not Promoted,Active
11359,Kavya Joshi,employee11359@company.com,Finance,Marketing Executive,Bangalore,Full-Time,MCA,2020-03-26,88153,47,1.3,75.86,47,8,3,Average,50.66,3,11,Not Promoted,Active
11360,Ajay Verma,employee11360@company.com,IT,Senior Software Engineer,Delhi,Full-Time,M.Com,2020-08-31,105094,22,1.1,89.24,39,1,4,Good,96.9,6,11,Not Promoted,Active
11361,Meena Kumar,employee11361@company.com,Finance,Data Analyst,Pune,Contract,MCA,2023-05-17,78546,29,5.2,79.47,33,9,5,Excellent,102.25,29,8,Not Promoted,Active
11362,Kavya Sharma,employee11362@company.com,Operations,Support Associate,Coimbatore,Part-Time,B.E,2025-11-06,77704,53,3.8,84.29,0,5,3,Average,47.9,9,10,Not Promoted,Active
11363,Nisha Pillai,employee11363@company.com,IT,Marketing Executive,Bangalore,Contract,MCA,2024-08-07,105919,39,9.9,95.08,18,9,4,Good,109.94,6,12,Not Promoted,Active
11364,Meena Joshi,employee11364@company.com,HR,Software Engineer,Delhi,Full-Time,MBA,2020-12-25,55033,25,8.5,74.14,0,0,4,Good,64.54,4,30,Not Promoted,Active
11365,Suresh Patel,employee11365@company.com,HR,Senior Software Engineer,Delhi,Full-Time,M.Sc,2022-12-06,110075,40,6.2,88.59,87,13,4,Good,58.76,3,0,Promoted,Active
11366,Kavya Mishra,employee11366@company.com,Customer Support,Financial Analyst,Chennai,Full-Time,M.Sc,2020-03-19,139975,44,15.1,98.27,24,2,2,Needs Improvement,71.97,35,2,Not Promoted,Active
11367,Divya Rao,employee11367@company.com,Customer Support,Operations Analyst,Delhi,Full-Time,M.Com,2021-09-04,110625,51,9.3,71.72,67,10,4,Good,45.56,14,21,Not Promoted,Active
11368,Ravi Reddy,employee11368@company.com,Sales,Data Analyst,Hyderabad,Contract,B.E,2020-11-03,123820,24,2.1,71.8,87,15,5,Excellent,102.58,38,23,Promoted,Active
11369,Nisha Menon,employee11369@company.com,HR,Project Manager,Delhi,Full-Time,B.Com,2019-07-24,92737,52,5.7,86.64,83,15,3,Average,62.45,37,10,Promoted,Active
11370,Rohan Reddy,employee11370@company.com,Finance,Sales Executive,Delhi,Full-Time,BBA,2020-08-27,56000,55,17.5,98.8,96,4,3,Average,78.9,35,29,Not Promoted,Active
11371,Vijay Pillai,employee11371@company.com,Operations,Project Manager,Pune,Full-Time,B.Tech,2023-02-23,97113,34,17.6,76.61,27,15,5,Excellent,85.53,1,14,Not Promoted,Active
11372,Kavya Menon,employee11372@company.com,Engineering,Senior Software Engineer,Hyderabad,Contract,M.Com,2024-07-28,37629,26,5.0,79.92,44,6,3,Average,96.42,14,6,Not Promoted,Active
11373,Dinesh Gupta,employee11373@company.com,HR,Software Engineer,Bangalore,Full-Time,B.Com,2019-09-02,131406,37,3.4,72.96,98,10,4,Good,61.26,19,27,Not Promoted,Active
11374,Rahul Reddy,employee11374@company.com,IT,Project Manager,Hyderabad,Full-Time,B.E,2024-11-20,86525,38,9.2,80.87,23,4,3,Average,91.61,33,15,Not Promoted,Active
11375,Arun Singh,employee11375@company.com,Engineering,Software Engineer,Hyderabad,Full-Time,MBA,2023-06-07,61426,28,8.9,71.33,43,7,3,Average,52.65,12,5,Not Promoted,Active
11376,Sneha Iyer,employee11376@company.com,Engineering,Sales Executive,Bangalore,Full-Time,B.Tech,2019-01-23,31922,32,7.7,81.67,1,4,5,Excellent,90.78,24,19,Not Promoted,Active
11377,Priya Gupta,employee11377@company.com,HR,Operations Analyst,Pune,Full-Time,B.Tech,2022-08-25,94822,37,9.8,86.66,22,5,3,Average,104.75,13,23,Not Promoted,Active
11378,Aakash Rao,employee11378@company.com,Operations,Data Analyst,Coimbatore,Part-Time,M.Com,2020-01-29,118435,51,4.6,99.25,96,1,4,Good,50.53,40,9,Not Promoted,Active
11379,Rahul Menon,employee11379@company.com,Finance,Data Analyst,Delhi,Full-Time,B.Com,2023-02-05,120299,21,2.5,94.55,77,11,3,Average,52.59,8,3,Not Promoted,Inactive
11380,Suresh Pillai,employee11380@company.com,IT,Support Associate,Hyderabad,Full-Time,M.Sc,2024-10-25,94472,31,10.5,94.66,61,4,4,Good,81.22,34,5,Not Promoted,Active
11381,Vijay Sharma,employee11381@company.com,Sales,Software Engineer,Hyderabad,Contract,B.E,2019-05-31,116281,36,16.8,76.84,14,6,3,Average,48.02,21,29,Not Promoted,Active
11382,Rahul Pillai,employee11382@company.com,Sales,Sales Executive,Coimbatore,Full-Time,B.E,2023-01-16,124294,48,2.9,72.62,31,0,3,Average,57.18,4,11,Not Promoted,Active
11383,Rahul Rao,employee11383@company.com,Sales,Marketing Executive,Bangalore,Part-Time,B.Com,2025-11-30,111891,29,12.8,88.09,86,9,5,Excellent,57.36,36,2,Promoted,Active
11384,Ajay Joshi,employee11384@company.com,Customer Support,Marketing Executive,Mumbai,Part-Time,B.Tech,2018-02-14,86049,28,8.2,85.63,3,8,3,Average,76.28,13,27,Promoted,Active
11385,Arun Reddy,employee11385@company.com,IT,Financial Analyst,Coimbatore,Full-Time,BBA,2021-12-13,121155,45,5.6,85.5,83,8,4,Good,61.15,16,11,Not Promoted,Active
11386,Ravi Sharma,employee11386@company.com,Engineering,Software Engineer,Hyderabad,Full-Time,B.Com,2019-12-24,32721,30,15.4,73.27,30,7,3,Average,75.91,4,22,Promoted,Active
11387,Nisha Mishra,employee11387@company.com,Sales,HR Executive,Chennai,Full-Time,MCA,2020-01-26,141539,23,8.5,84.82,58,10,4,Good,78.88,12,15,Not Promoted,Active
11388,Aakash Das,employee11388@company.com,Customer Support,Project Manager,Delhi,Part-Time,M.Sc,2024-02-29,65957,43,10.7,74.51,70,8,2,Needs Improvement,92.49,30,11,Not Promoted,Active
11389,Suresh Pillai,employee11389@company.com,HR,Financial Analyst,Delhi,Part-Time,B.E,2023-03-24,126013,43,8.3,82.66,0,13,5,Excellent,106.49,9,14,Promoted,Active
11390,Karthik Sharma,employee11390@company.com,Engineering,Financial Analyst,Coimbatore,Full-Time,BBA,2025-01-30,78159,24,1.9,71.86,68,4,3,Average,77.74,22,21,Not Promoted,Active
11391,Swetha Mishra,employee11391@company.com,IT,Financial Analyst,Pune,Full-Time,B.Com,2019-01-21,142309,43,10.9,95.71,13,6,3,Average,68.08,28,22,Not Promoted,Active
11392,Vijay Menon,employee11392@company.com,IT,Sales Executive,Coimbatore,Full-Time,B.Tech,2023-07-24,136870,29,7.8,70.4,93,0,2,Needs Improvement,61.82,15,30,Not Promoted,Active
11393,Meena Reddy,employee11393@company.com,IT,Data Analyst,Hyderabad,Contract,M.Com,2025-05-01,92714,24,2.0,98.18,22,6,3,Average,86.25,16,20,Not Promoted,Active
11394,Meena Singh,employee11394@company.com,Marketing,Financial Analyst,Bangalore,Full-Time,BBA,2025-08-17,124142,54,10.9,95.89,70,8,4,Good,106.29,6,20,Not Promoted,Active
11395,Dinesh Reddy,employee11395@company.com,Customer Support,Data Analyst,Chennai,Full-Time,MCA,2018-12-26,120166,38,0.7,92.58,15,15,3,Average,94.7,13,17,Promoted,Inactive
11396,Rohan Gupta,employee11396@company.com,Engineering,Data Analyst,Coimbatore,Full-Time,B.Tech,2022-01-31,136992,54,4.1,99.48,8,2,4,Good,58.4,8,15,Promoted,Active
11397,Rohan Rao,employee11397@company.com,Finance,Software Engineer,Bangalore,Full-Time,MBA,2020-09-09,34747,54,14.2,71.61,97,8,3,Average,103.06,6,5,Not Promoted,Active
11398,Rahul Rao,employee11398@company.com,Marketing,Sales Executive,Coimbatore,Contract,MBA,2023-05-22,149102,23,1.2,89.25,30,4,3,Average,92.81,13,16,Not Promoted,Active
11399,Divya Pillai,employee11399@company.com,Marketing,Data Analyst,Hyderabad,Full-Time,B.Com,2018-07-24,46318,39,11.8,95.48,60,12,4,Good,53.32,15,22,Promoted,Active
11400,Swetha Mishra,employee11400@company.com,Marketing,Financial Analyst,Chennai,Full-Time,M.Sc,2020-12-08,51619,54,17.1,73.8,44,8,4,Good,91.33,9,2,Not Promoted,Active
11401,Suresh Nair,employee11401@company.com,Finance,Sales Executive,Pune,Full-Time,M.Sc,2019-01-01,132929,46,3.5,87.54,6,12,3,Average,63.81,4,17,Not Promoted,Active
11402,Sneha Verma,employee11402@company.com,Marketing,Financial Analyst,Pune,Full-Time,B.Tech,2024-04-19,98640,55,7.8,81.82,56,13,3,Average,76.94,6,10,Not Promoted,Active
11403,Vijay Pillai,employee11403@company.com,Sales,Senior Software Engineer,Coimbatore,Full-Time,B.Tech,2023-10-27,72746,51,10.6,83.07,63,7,1,Needs Improvement,64.52,21,22,Promoted,Active
11404,Sneha Rao,employee11404@company.com,IT,Project Manager,Pune,Full-Time,B.E,2020-02-08,32338,47,8.4,97.38,1,13,4,Good,50.46,23,24,Not Promoted,Active
11405,Pooja Nair,employee11405@company.com,Engineering,Senior Software Engineer,Mumbai,Full-Time,M.Com,2025-05-03,91704,23,11.4,86.16,5,12,4,Good,94.96,39,16,Not Promoted,Active
11406,Kavya Patel,employee11406@company.com,Engineering,Senior Software Engineer,Bangalore,Part-Time,MCA,2020-09-13,105723,32,7.6,72.8,60,10,3,Average,98.86,21,5,Not Promoted,Active
11407,Swetha Kumar,employee11407@company.com,IT,Software Engineer,Hyderabad,Full-Time,B.Tech,2019-02-21,121609,43,3.1,98.12,33,6,4,Good,60.08,34,23,Not Promoted,Active
11408,Vijay Mishra,employee11408@company.com,Customer Support,HR Executive,Chennai,Contract,BBA,2022-01-01,81500,37,2.1,75.56,16,9,4,Good,60.58,2,17,Not Promoted,Active
11409,Meena Pillai,employee11409@company.com,HR,Project Manager,Coimbatore,Full-Time,MCA,2024-06-17,91483,36,13.5,96.78,25,5,4,Good,72.95,6,4,Promoted,Active
11410,Ravi Menon,employee11410@company.com,Operations,Software Engineer,Coimbatore,Full-Time,B.Com,2021-03-12,123464,37,4.7,99.13,75,1,5,Excellent,97.75,18,30,Promoted,Active
11411,Anjali Rao,employee11411@company.com,Sales,Financial Analyst,Delhi,Full-Time,B.E,2018-07-16,119671,35,15.3,96.34,19,11,3,Average,50.02,7,15,Not Promoted,Active
11412,Swetha Mishra,employee11412@company.com,Finance,Software Engineer,Delhi,Full-Time,M.Sc,2024-04-26,36323,46,13.5,90.31,40,15,2,Needs Improvement,97.57,22,28,Not Promoted,Active
11413,Suresh Gupta,employee11413@company.com,Operations,Financial Analyst,Bangalore,Full-Time,MCA,2021-10-21,105086,22,1.4,92.31,57,6,3,Average,104.98,19,28,Promoted,Active
11414,Sneha Nair,employee11414@company.com,IT,HR Executive,Hyderabad,Full-Time,MCA,2025-03-28,93163,37,4.0,91.0,98,1,2,Needs Improvement,81.5,32,27,Not Promoted,Active
11415,Pooja Verma,employee11415@company.com,Marketing,Data Analyst,Mumbai,Full-Time,MCA,2021-04-30,106768,21,5.6,83.82,98,15,4,Good,48.93,5,19,Not Promoted,Active
11416,Rahul Sharma,employee11416@company.com,Engineering,Software Engineer,Hyderabad,Full-Time,MCA,2025-01-25,43919,50,10.9,78.23,53,5,5,Excellent,62.52,14,9,Not Promoted,Active
11417,Ajay Gupta,employee11417@company.com,Customer Support,Support Associate,Bangalore,Full-Time,MCA,2023-09-03,43656,52,14.7,78.55,28,5,1,Needs Improvement,52.24,4,27,Not Promoted,Active
11418,Nisha Patel,employee11418@company.com,Customer Support,Data Analyst,Hyderabad,Full-Time,M.Sc,2021-01-03,143151,50,1.6,91.94,47,15,2,Needs Improvement,61.85,13,15,Not Promoted,Active
11419,Divya Verma,employee11419@company.com,HR,Operations Analyst,Delhi,Full-Time,B.E,2023-03-17,78956,24,4.9,88.78,94,8,3,Average,97.77,8,2,Promoted,Active
11420,Rahul Das,employee11420@company.com,HR,Software Engineer,Delhi,Full-Time,B.Com,2022-07-28,41544,52,7.1,87.55,76,12,5,Excellent,48.62,25,9,Not Promoted,Active
11421,Divya Sharma,employee11421@company.com,IT,Financial Analyst,Chennai,Full-Time,MCA,2021-11-18,75936,55,3.7,89.58,89,9,3,Average,63.45,31,23,Promoted,Active
11422,Vijay Iyer,employee11422@company.com,Sales,Project Manager,Mumbai,Part-Time,MCA,2025-06-19,84288,21,10.0,93.24,21,10,4,Good,78.6,30,17,Promoted,Inactive
11423,Ravi Rao,employee11423@company.com,Customer Support,Software Engineer,Delhi,Full-Time,B.Com,2023-11-28,113518,39,8.9,92.45,71,3,2,Needs Improvement,101.81,5,15,Not Promoted,Active
11424,Karthik Gupta,employee11424@company.com,Operations,Financial Analyst,Chennai,Contract,B.Tech,2023-11-08,44566,53,6.0,73.16,70,8,2,Needs Improvement,61.25,0,16,Not Promoted,Active
11425,Arun Gupta,employee11425@company.com,HR,HR Executive,Mumbai,Full-Time,B.Tech,2018-02-06,39880,39,9.5,80.89,4,15,5,Excellent,95.59,18,16,Not Promoted,Active
11426,Suresh Nair,employee11426@company.com,Engineering,Senior Software Engineer,Delhi,Contract,M.Sc,2025-11-09,77776,47,6.7,77.92,51,15,5,Excellent,82.93,14,9,Promoted,Active
11427,Sneha Patel,employee11427@company.com,Engineering,Software Engineer,Mumbai,Full-Time,B.E,2020-09-19,36936,33,6.5,86.15,0,1,1,Needs Improvement,88.96,33,4,Not Promoted,Active
11428,Suresh Mishra,employee11428@company.com,IT,Marketing Executive,Hyderabad,Full-Time,B.E,2022-05-06,121284,47,5.1,71.84,44,4,5,Excellent,101.01,18,24,Promoted,Active
11429,Meena Pillai,employee11429@company.com,Sales,Operations Analyst,Chennai,Full-Time,M.Com,2019-07-26,148646,34,10.0,92.87,39,15,4,Good,46.72,10,3,Not Promoted,Active
11430,Vijay Joshi,employee11430@company.com,IT,Marketing Executive,Mumbai,Full-Time,B.E,2025-03-16,108947,44,8.3,73.2,63,2,5,Excellent,79.43,17,14,Not Promoted,Active
11431,Nisha Kumar,employee11431@company.com,IT,Data Analyst,Coimbatore,Contract,M.Sc,2018-11-03,37198,55,3.9,78.14,10,5,3,Average,93.57,23,15,Not Promoted,Inactive
11432,Ajay Patel,employee11432@company.com,Sales,Data Analyst,Mumbai,Full-Time,B.Com,2023-10-11,33376,39,0.7,93.48,51,1,4,Good,102.5,8,22,Not Promoted,Active
11433,Rahul Menon,employee11433@company.com,Sales,Senior Software Engineer,Hyderabad,Full-Time,MCA,2018-11-01,92432,45,3.1,71.55,95,12,3,Average,53.63,10,17,Not Promoted,Active
11434,Divya Patel,employee11434@company.com,Sales,Senior Software Engineer,Delhi,Full-Time,B.Com,2024-02-05,134791,31,1.2,89.81,6,9,4,Good,67.19,3,18,Not Promoted,Active
11435,Rohan Singh,employee11435@company.com,Engineering,Data Analyst,Delhi,Full-Time,M.Sc,2025-01-31,60172,29,8.1,97.73,50,8,2,Needs Improvement,50.11,17,9,Not Promoted,Active
11436,Pooja Pillai,employee11436@company.com,Engineering,Software Engineer,Coimbatore,Full-Time,M.Com,2022-11-03,109459,26,4.4,88.53,92,3,1,Needs Improvement,99.27,22,10,Promoted,Active
11437,Rahul Kumar,employee11437@company.com,IT,Sales Executive,Bangalore,Full-Time,MBA,2020-07-20,42116,49,7.9,91.38,93,6,3,Average,100.73,40,8,Not Promoted,Active
11438,Ravi Rao,employee11438@company.com,HR,Software Engineer,Bangalore,Full-Time,M.Sc,2025-12-02,88295,29,6.3,93.77,20,4,4,Good,76.43,36,4,Not Promoted,Active
11439,Rohan Pillai,employee11439@company.com,Finance,Operations Analyst,Delhi,Full-Time,M.Sc,2022-01-07,34813,53,9.9,76.67,38,7,3,Average,46.35,0,5,Not Promoted,Active
11440,Swetha Das,employee11440@company.com,Finance,Data Analyst,Coimbatore,Full-Time,MBA,2022-03-23,123881,43,13.2,87.43,43,11,4,Good,51.64,24,2,Not Promoted,Inactive
11441,Ravi Mishra,employee11441@company.com,IT,Marketing Executive,Pune,Full-Time,B.Com,2023-06-16,76313,35,8.9,79.27,56,3,5,Excellent,85.58,8,12,Not Promoted,Active
11442,Priya Patel,employee11442@company.com,IT,Senior Software Engineer,Pune,Full-Time,MBA,2025-08-29,131873,31,1.6,77.48,40,13,2,Needs Improvement,108.87,38,5,Not Promoted,Active
11443,Aakash Mishra,employee11443@company.com,HR,Marketing Executive,Coimbatore,Full-Time,M.Sc,2025-08-18,45232,43,0.8,75.77,38,6,4,Good,99.53,0,10,Promoted,Active
11444,Kavya Singh,employee11444@company.com,Sales,Data Analyst,Mumbai,Full-Time,M.Sc,2020-03-07,108228,46,4.2,87.56,19,10,3,Average,96.86,16,28,Not Promoted,Active
11445,Kavya Pillai,employee11445@company.com,IT,HR Executive,Delhi,Contract,MBA,2022-03-15,102920,21,7.9,93.84,21,14,5,Excellent,72.17,2,15,Promoted,Active
11446,Swetha Gupta,employee11446@company.com,Customer Support,Data Analyst,Bangalore,Full-Time,BBA,2020-01-17,58609,50,1.3,96.28,28,4,3,Average,109.04,22,10,Promoted,Active
11447,Aakash Reddy,employee11447@company.com,Engineering,Support Associate,Mumbai,Contract,M.Sc,2025-04-28,141859,37,6.2,82.86,45,2,4,Good,98.62,0,9,Promoted,Active
11448,Meena Singh,employee11448@company.com,Marketing,Operations Analyst,Chennai,Full-Time,M.Com,2019-03-29,82499,43,16.0,81.19,67,7,4,Good,66.82,23,15,Not Promoted,Active
11449,Priya Reddy,employee11449@company.com,Sales,Support Associate,Coimbatore,Part-Time,M.Sc,2020-04-10,64021,25,2.1,90.62,2,5,5,Excellent,93.65,12,23,Promoted,Active
11450,Pooja Pillai,employee11450@company.com,Customer Support,Project Manager,Coimbatore,Full-Time,M.Sc,2020-01-28,70108,55,17.1,93.41,72,14,4,Good,73.11,19,13,Not Promoted,Active
11451,Meena Singh,employee11451@company.com,Engineering,Marketing Executive,Bangalore,Full-Time,MCA,2020-05-10,116814,29,15.5,77.6,4,3,3,Average,87.93,19,15,Not Promoted,Active
11452,Ravi Singh,employee11452@company.com,IT,HR Executive,Bangalore,Full-Time,B.E,2023-05-30,101363,24,15.1,78.92,55,14,4,Good,108.05,11,25,Not Promoted,Active
11453,Aakash Das,employee11453@company.com,Marketing,Operations Analyst,Bangalore,Full-Time,B.E,2022-04-02,110305,27,15.6,86.0,66,8,5,Excellent,61.02,16,16,Not Promoted,Active
11454,Vijay Mishra,employee11454@company.com,Customer Support,Financial Analyst,Coimbatore,Contract,MBA,2023-04-03,29821,21,1.9,83.33,88,15,4,Good,96.68,20,25,Not Promoted,Active
11455,Aakash Menon,employee11455@company.com,Operations,Project Manager,Pune,Full-Time,B.Tech,2020-03-29,145501,36,3.1,91.17,31,8,1,Needs Improvement,83.37,39,23,Not Promoted,Active
11456,Dinesh Singh,employee11456@company.com,HR,Sales Executive,Hyderabad,Full-Time,M.Com,2021-10-24,42797,45,2.9,85.13,96,1,5,Excellent,106.75,23,7,Not Promoted,Active
11457,Sneha Menon,employee11457@company.com,Engineering,Support Associate,Hyderabad,Full-Time,MCA,2023-02-23,90580,26,2.4,73.35,81,9,4,Good,53.74,29,22,Not Promoted,Active
11458,Nisha Verma,employee11458@company.com,Marketing,Operations Analyst,Coimbatore,Contract,MCA,2019-01-16,120143,34,6.2,74.98,99,12,4,Good,91.78,22,3,Promoted,Active
11459,Divya Singh,employee11459@company.com,IT,Operations Analyst,Pune,Full-Time,MBA,2021-05-27,43070,31,15.0,97.06,40,14,3,Average,47.41,22,16,Promoted,Active
11460,Aakash Gupta,employee11460@company.com,Finance,Support Associate,Delhi,Full-Time,B.Tech,2019-10-11,30236,21,4.9,76.82,28,8,4,Good,61.03,16,9,Not Promoted,Active
11461,Nisha Rao,employee11461@company.com,Customer Support,Project Manager,Delhi,Full-Time,B.Tech,2018-09-03,51745,21,4.8,71.5,65,3,3,Average,65.86,1,1,Promoted,Active
11462,Vijay Rao,employee11462@company.com,IT,HR Executive,Coimbatore,Full-Time,MCA,2024-04-17,31625,28,12.3,91.94,10,8,4,Good,73.1,23,11,Not Promoted,Active
11463,Nisha Nair,employee11463@company.com,Finance,HR Executive,Coimbatore,Part-Time,M.Com,2019-07-19,118353,52,2.2,90.52,58,12,2,Needs Improvement,107.74,32,28,Promoted,Active
11464,Swetha Das,employee11464@company.com,HR,Senior Software Engineer,Pune,Full-Time,B.E,2020-03-31,44109,53,6.8,88.0,94,9,4,Good,49.39,14,25,Not Promoted,Active
11465,Swetha Kumar,employee11465@company.com,HR,Software Engineer,Pune,Full-Time,MCA,2025-07-25,50999,28,5.7,85.07,3,7,5,Excellent,55.98,31,18,Promoted,Active
11466,Nisha Verma,employee11466@company.com,Sales,Project Manager,Delhi,Full-Time,BBA,2019-04-17,65777,34,15.3,99.09,92,13,2,Needs Improvement,58.2,33,20,Not Promoted,Active
11467,Rahul Rao,employee11467@company.com,Customer Support,Marketing Executive,Hyderabad,Contract,BBA,2023-07-10,29014,44,9.5,73.59,53,15,5,Excellent,72.56,21,18,Not Promoted,Active
11468,Nisha Rao,employee11468@company.com,Sales,Marketing Executive,Mumbai,Full-Time,M.Sc,2018-05-02,63548,49,11.8,85.3,66,9,3,Average,48.95,30,30,Not Promoted,Active
11469,Divya Kumar,employee11469@company.com,Finance,Project Manager,Pune,Contract,MCA,2021-09-11,95131,45,2.8,86.92,1,13,5,Excellent,107.75,14,29,Not Promoted,Active
11470,Manoj Verma,employee11470@company.com,Finance,Support Associate,Mumbai,Full-Time,M.Sc,2020-02-20,66033,26,16.8,70.67,99,2,4,Good,81.39,19,28,Promoted,Active
11471,Ajay Singh,employee11471@company.com,HR,Marketing Executive,Mumbai,Part-Time,B.Com,2025-08-27,77170,21,6.1,82.36,77,13,4,Good,97.86,22,7,Not Promoted,Active
11472,Pooja Kumar,employee11472@company.com,Marketing,Marketing Executive,Chennai,Full-Time,B.Tech,2018-05-01,64060,43,12.9,93.48,47,9,4,Good,95.21,30,5,Not Promoted,Active
11473,Kavya Das,employee11473@company.com,Finance,Software Engineer,Hyderabad,Full-Time,B.Com,2023-12-27,92096,53,17.2,84.13,67,6,5,Excellent,87.95,1,18,Promoted,Active
11474,Nisha Pillai,employee11474@company.com,Finance,Operations Analyst,Coimbatore,Contract,BBA,2023-11-05,83235,34,9.4,96.26,43,11,3,Average,103.79,12,17,Promoted,Active
11475,Pooja Sharma,employee11475@company.com,Customer Support,Operations Analyst,Mumbai,Full-Time,B.Com,2023-12-18,101860,48,9.4,89.34,61,14,3,Average,103.65,31,13,Not Promoted,Active
11476,Kavya Menon,employee11476@company.com,Marketing,Project Manager,Coimbatore,Full-Time,M.Com,2024-04-18,117001,49,2.6,92.98,93,12,4,Good,53.31,15,2,Not Promoted,Active
11477,Ravi Singh,employee11477@company.com,Sales,Data Analyst,Coimbatore,Contract,BBA,2023-03-01,120285,43,7.3,94.13,82,14,4,Good,103.63,14,17,Not Promoted,Active
11478,Priya Verma,employee11478@company.com,Sales,Operations Analyst,Hyderabad,Full-Time,MCA,2025-10-05,50822,30,15.4,90.69,18,14,4,Good,79.05,24,27,Not Promoted,Inactive
11479,Aakash Singh,employee11479@company.com,Finance,Support Associate,Hyderabad,Full-Time,B.E,2021-10-15,102530,47,2.9,92.48,43,1,4,Good,62.42,11,18,Not Promoted,Active
11480,Ajay Pillai,employee11480@company.com,Customer Support,Financial Analyst,Chennai,Full-Time,BBA,2023-01-11,107392,28,16.6,90.86,30,1,3,Average,84.55,27,24,Not Promoted,Active
11481,Ajay Menon,employee11481@company.com,Sales,Data Analyst,Coimbatore,Full-Time,M.Sc,2018-02-16,145123,24,12.2,86.51,61,13,4,Good,63.26,40,14,Not Promoted,Active
11482,Kavya Mishra,employee11482@company.com,Sales,Software Engineer,Delhi,Part-Time,M.Sc,2023-05-23,59985,41,7.9,87.0,14,3,2,Needs Improvement,76.14,11,15,Promoted,Active
11483,Meena Kumar,employee11483@company.com,Operations,Support Associate,Hyderabad,Full-Time,M.Com,2024-12-23,50276,41,10.1,75.7,28,9,4,Good,98.07,20,16,Not Promoted,Active
11484,Swetha Iyer,employee11484@company.com,Customer Support,HR Executive,Mumbai,Full-Time,B.Tech,2023-01-08,68039,50,3.1,94.82,66,6,1,Needs Improvement,47.09,11,2,Not Promoted,Active
11485,Arun Pillai,employee11485@company.com,Sales,Software Engineer,Delhi,Full-Time,B.E,2024-10-08,106972,33,4.3,79.36,82,3,3,Average,56.9,15,22,Promoted,Inactive
11486,Aakash Mishra,employee11486@company.com,HR,Senior Software Engineer,Delhi,Full-Time,MCA,2021-10-30,27987,23,5.5,86.07,85,1,3,Average,107.18,9,17,Not Promoted,Active
11487,Rohan Mishra,employee11487@company.com,IT,Marketing Executive,Bangalore,Full-Time,BBA,2023-02-21,33330,40,7.2,77.49,46,11,3,Average,73.93,9,12,Not Promoted,Active
11488,Manoj Pillai,employee11488@company.com,Finance,Sales Executive,Mumbai,Full-Time,MBA,2020-01-01,50973,25,16.5,90.88,83,1,4,Good,64.72,1,11,Not Promoted,Inactive
11489,Arun Verma,employee11489@company.com,Engineering,HR Executive,Mumbai,Full-Time,B.E,2018-04-21,89558,42,6.9,99.26,6,4,3,Average,105.01,26,18,Not Promoted,Active
11490,Pooja Nair,employee11490@company.com,Finance,Data Analyst,Hyderabad,Full-Time,M.Sc,2021-06-04,43521,22,9.7,94.06,67,2,3,Average,104.23,29,21,Not Promoted,Active
11491,Pooja Singh,employee11491@company.com,HR,Support Associate,Mumbai,Full-Time,M.Com,2022-12-16,124131,45,3.3,88.57,0,2,3,Average,47.88,32,27,Not Promoted,Active
11492,Suresh Pillai,employee11492@company.com,Engineering,HR Executive,Coimbatore,Full-Time,M.Com,2018-05-15,100811,44,13.4,87.03,70,14,3,Average,68.56,15,1,Not Promoted,Active
11493,Vijay Pillai,employee11493@company.com,IT,Senior Software Engineer,Bangalore,Full-Time,B.Com,2021-08-11,115084,25,10.3,84.69,21,0,3,Average,104.33,9,0,Not Promoted,Active
11494,Aakash Menon,employee11494@company.com,IT,Support Associate,Hyderabad,Full-Time,BBA,2019-09-02,73119,36,8.2,76.15,100,2,2,Needs Improvement,56.69,14,9,Not Promoted,Active
11495,Dinesh Iyer,employee11495@company.com,HR,Sales Executive,Pune,Full-Time,MCA,2020-11-23,139619,35,17.1,80.44,56,14,4,Good,82.58,25,17,Not Promoted,Active
11496,Swetha Sharma,employee11496@company.com,Marketing,Data Analyst,Mumbai,Contract,MBA,2024-10-11,52552,33,16.1,82.19,93,3,4,Good,65.85,14,26,Not Promoted,Active
11497,Dinesh Kumar,employee11497@company.com,Marketing,Software Engineer,Mumbai,Full-Time,MCA,2023-06-12,140936,31,12.0,98.34,72,11,4,Good,92.88,5,11,Not Promoted,Active
11498,Ravi Gupta,employee11498@company.com,IT,Project Manager,Chennai,Full-Time,B.E,2024-02-25,119761,36,16.6,82.77,57,5,3,Average,55.29,16,12,Promoted,Active
11499,Manoj Gupta,employee11499@company.com,Marketing,HR Executive,Pune,Contract,MBA,2019-07-14,62603,38,10.4,87.59,26,10,3,Average,83.74,0,3,Not Promoted,Active
11500,Rahul Gupta,employee11500@company.com,Marketing,Sales Executive,Pune,Full-Time,MCA,2018-09-16,53940,45,15.0,97.67,37,5,5,Excellent,45.0,22,20,Not Promoted,Active
11501,Karthik Nair,employee11501@company.com,Marketing,Senior Software Engineer,Coimbatore,Full-Time,B.Com,2025-08-04,70965,24,7.7,85.55,86,11,4,Good,61.42,33,0,Promoted,Active
11502,Ravi Iyer,employee11502@company.com,IT,HR Executive,Bangalore,Part-Time,MBA,2025-06-14,33377,41,2.0,77.54,75,4,3,Average,55.54,34,3,Not Promoted,Active
11503,Ajay Verma,employee11503@company.com,Engineering,Financial Analyst,Coimbatore,Full-Time,MBA,2022-07-07,93978,31,17.9,81.43,12,3,1,Needs Improvement,58.64,24,20,Not Promoted,Active
11504,Dinesh Verma,employee11504@company.com,Marketing,Financial Analyst,Pune,Full-Time,B.E,2023-12-25,87308,54,3.4,81.27,96,5,3,Average,100.93,0,19,Not Promoted,Active
11505,Pooja Kumar,employee11505@company.com,Engineering,Data Analyst,Coimbatore,Full-Time,MBA,2020-07-04,97938,50,4.9,91.44,14,12,3,Average,104.46,24,17,Not Promoted,Active
11506,Priya Iyer,employee11506@company.com,Finance,Software Engineer,Coimbatore,Part-Time,B.Com,2024-08-25,60961,24,3.4,78.88,79,12,3,Average,94.08,37,16,Not Promoted,Active
11507,Manoj Singh,employee11507@company.com,Operations,Data Analyst,Chennai,Contract,BBA,2018-08-26,121679,34,6.4,91.91,97,4,4,Good,83.36,15,19,Not Promoted,Active
11508,Rohan Mishra,employee11508@company.com,IT,Data Analyst,Bangalore,Contract,B.Tech,2019-11-19,29928,31,5.6,96.68,72,9,4,Good,60.01,40,13,Not Promoted,Active
11509,Divya Sharma,employee11509@company.com,HR,Marketing Executive,Coimbatore,Full-Time,B.Tech,2024-11-10,34604,24,11.0,80.08,90,0,4,Good,62.86,11,1,Not Promoted,Active
11510,Priya Rao,employee11510@company.com,Marketing,Software Engineer,Coimbatore,Full-Time,M.Com,2022-05-30,73029,46,17.9,74.06,47,15,4,Good,65.14,9,13,Promoted,Active
11511,Kavya Nair,employee11511@company.com,Sales,Marketing Executive,Pune,Full-Time,B.Tech,2021-03-04,118300,23,1.4,89.16,14,15,4,Good,95.51,26,9,Not Promoted,Inactive
11512,Pooja Kumar,employee11512@company.com,IT,Support Associate,Bangalore,Full-Time,B.E,2023-10-31,38777,24,14.1,80.83,98,13,4,Good,61.44,38,24,Not Promoted,Inactive
11513,Meena Kumar,employee11513@company.com,Customer Support,Sales Executive,Pune,Part-Time,M.Com,2019-08-18,65364,46,2.7,86.02,97,11,5,Excellent,108.27,6,19,Not Promoted,Inactive
11514,Karthik Nair,employee11514@company.com,HR,Sales Executive,Pune,Full-Time,B.Tech,2025-05-25,77068,31,0.8,89.02,39,1,1,Needs Improvement,96.77,5,29,Not Promoted,Active
11515,Swetha Gupta,employee11515@company.com,Operations,Software Engineer,Coimbatore,Full-Time,B.Tech,2022-10-17,50591,31,11.7,82.23,29,13,3,Average,109.98,10,2,Not Promoted,Active
11516,Pooja Patel,employee11516@company.com,Finance,Software Engineer,Delhi,Full-Time,M.Com,2019-02-07,95073,40,15.8,97.74,22,8,1,Needs Improvement,74.85,23,14,Not Promoted,Active
11517,Pooja Reddy,employee11517@company.com,Engineering,Support Associate,Pune,Full-Time,B.E,2020-04-01,86478,46,3.6,81.99,8,9,4,Good,83.31,39,6,Promoted,Active
11518,Aakash Pillai,employee11518@company.com,Engineering,Sales Executive,Coimbatore,Full-Time,M.Com,2024-02-14,81203,32,6.5,79.22,31,3,5,Excellent,63.23,24,26,Promoted,Active
11519,Dinesh Reddy,employee11519@company.com,Customer Support,Support Associate,Mumbai,Full-Time,M.Sc,2024-12-15,56905,49,3.5,96.57,34,5,3,Average,84.24,36,29,Not Promoted,Active
11520,Priya Gupta,employee11520@company.com,HR,Project Manager,Pune,Full-Time,BBA,2022-11-18,137236,34,16.4,74.09,48,4,5,Excellent,108.3,2,14,Promoted,Active
11521,Divya Nair,employee11521@company.com,Marketing,Senior Software Engineer,Mumbai,Full-Time,M.Sc,2024-04-21,128949,45,5.2,73.73,95,1,2,Needs Improvement,46.97,3,18,Not Promoted,Active
11522,Rahul Nair,employee11522@company.com,Sales,Financial Analyst,Hyderabad,Contract,B.E,2022-08-25,29261,46,8.3,98.07,44,0,5,Excellent,63.8,3,25,Promoted,Active
11523,Ajay Gupta,employee11523@company.com,Marketing,Project Manager,Delhi,Part-Time,B.E,2024-10-08,59703,30,16.2,76.27,15,0,3,Average,63.28,40,11,Not Promoted,Active
11524,Nisha Joshi,employee11524@company.com,HR,Data Analyst,Chennai,Full-Time,MCA,2021-12-09,82193,34,10.2,74.45,31,0,2,Needs Improvement,108.85,0,23,Not Promoted,Active
11525,Swetha Singh,employee11525@company.com,IT,HR Executive,Bangalore,Part-Time,B.Com,2021-04-05,116580,25,16.8,86.06,24,5,3,Average,53.62,29,20,Not Promoted,Inactive
11526,Kavya Iyer,employee11526@company.com,Customer Support,Marketing Executive,Bangalore,Full-Time,B.Tech,2022-06-02,62306,42,16.7,71.4,93,9,3,Average,97.8,14,3,Not Promoted,Active
11527,Sneha Kumar,employee11527@company.com,Sales,Operations Analyst,Hyderabad,Full-Time,MCA,2019-04-30,94962,31,8.6,88.6,36,6,3,Average,62.85,30,0,Not Promoted,Active
11528,Rohan Mishra,employee11528@company.com,Engineering,HR Executive,Pune,Full-Time,B.Tech,2024-10-19,87432,49,10.7,83.59,36,6,3,Average,100.94,36,4,Not Promoted,Active
11529,Swetha Gupta,employee11529@company.com,Customer Support,Software Engineer,Chennai,Full-Time,MCA,2022-04-05,26358,27,4.5,89.21,34,14,4,Good,76.7,4,8,Not Promoted,Inactive
11530,Nisha Das,employee11530@company.com,Customer Support,Senior Software Engineer,Hyderabad,Full-Time,BBA,2024-02-06,103959,38,17.8,78.52,44,8,4,Good,60.75,20,7,Not Promoted,Active
11531,Nisha Mishra,employee11531@company.com,Sales,Project Manager,Hyderabad,Full-Time,MBA,2020-06-19,59537,51,5.4,97.16,7,15,3,Average,91.13,34,13,Promoted,Active
11532,Meena Joshi,employee11532@company.com,Engineering,Operations Analyst,Bangalore,Full-Time,M.Sc,2022-01-04,52337,40,14.2,78.12,46,2,4,Good,99.7,3,13,Promoted,Active
11533,Manoj Singh,employee11533@company.com,Engineering,Operations Analyst,Mumbai,Full-Time,BBA,2019-10-06,88247,55,6.0,89.13,35,13,4,Good,75.56,6,3,Promoted,Inactive
11534,Arun Das,employee11534@company.com,HR,Software Engineer,Mumbai,Full-Time,M.Com,2023-12-27,116301,27,6.0,98.35,88,8,3,Average,91.41,28,24,Not Promoted,Active
11535,Sneha Patel,employee11535@company.com,Operations,Project Manager,Pune,Full-Time,MCA,2020-02-26,71493,50,2.3,82.02,81,0,3,Average,56.8,35,6,Not Promoted,Active
11536,Divya Rao,employee11536@company.com,Operations,Operations Analyst,Pune,Full-Time,M.Sc,2023-11-20,42576,24,10.3,74.84,9,1,2,Needs Improvement,105.94,34,1,Promoted,Active
11537,Sneha Singh,employee11537@company.com,Marketing,Project Manager,Coimbatore,Full-Time,B.Com,2024-11-20,60584,50,4.8,72.05,0,14,3,Average,51.27,31,10,Not Promoted,Active
11538,Divya Verma,employee11538@company.com,HR,Marketing Executive,Coimbatore,Full-Time,B.Tech,2024-05-19,64035,50,3.1,98.89,67,6,4,Good,59.43,10,6,Not Promoted,Inactive
11539,Aakash Menon,employee11539@company.com,Sales,Marketing Executive,Hyderabad,Full-Time,MBA,2018-01-18,118733,50,4.5,92.91,89,11,3,Average,63.74,32,30,Not Promoted,Active
11540,Aakash Pillai,employee11540@company.com,HR,Operations Analyst,Pune,Full-Time,B.Com,2023-05-11,48409,38,4.9,97.57,74,1,4,Good,54.93,40,19,Not Promoted,Active
11541,Rohan Pillai,employee11541@company.com,Sales,Operations Analyst,Mumbai,Full-Time,B.E,2020-01-26,29856,30,9.3,90.96,14,9,4,Good,71.43,16,28,Not Promoted,Active
11542,Aakash Reddy,employee11542@company.com,Customer Support,Software Engineer,Chennai,Contract,BBA,2019-11-18,120980,34,7.3,80.27,95,10,2,Needs Improvement,74.75,11,20,Promoted,Active
11543,Dinesh Gupta,employee11543@company.com,Marketing,Project Manager,Bangalore,Full-Time,B.Tech,2023-07-30,112137,43,1.8,73.69,78,3,4,Good,78.71,0,16,Not Promoted,Active
11544,Aakash Reddy,employee11544@company.com,IT,Sales Executive,Mumbai,Full-Time,M.Sc,2019-08-24,138723,32,9.9,97.88,91,15,3,Average,47.65,22,26,Not Promoted,Active
11545,Meena Gupta,employee11545@company.com,Customer Support,Support Associate,Coimbatore,Full-Time,MCA,2020-11-09,107962,32,14.3,84.69,86,1,5,Excellent,59.24,6,14,Not Promoted,Active
11546,Rohan Pillai,employee11546@company.com,Engineering,Support Associate,Delhi,Full-Time,M.Com,2021-09-11,112163,54,10.5,81.9,2,10,3,Average,97.5,13,29,Not Promoted,Active
11547,Priya Singh,employee11547@company.com,IT,HR Executive,Pune,Full-Time,B.Com,2021-10-11,66185,46,17.6,87.33,31,1,4,Good,97.69,40,3,Not Promoted,Active
11548,Kavya Pillai,employee11548@company.com,HR,HR Executive,Bangalore,Contract,M.Sc,2019-03-09,100706,26,2.2,73.2,19,10,4,Good,66.45,39,1,Not Promoted,Active
11549,Arun Kumar,employee11549@company.com,Sales,Operations Analyst,Delhi,Full-Time,MBA,2020-11-07,97291,35,14.9,79.28,55,13,2,Needs Improvement,74.98,6,8,Not Promoted,Active
11550,Ravi Reddy,employee11550@company.com,IT,Financial Analyst,Bangalore,Part-Time,M.Com,2022-04-23,113387,39,9.3,89.14,77,12,4,Good,56.92,13,27,Not Promoted,Inactive
11551,Karthik Gupta,employee11551@company.com,Customer Support,Marketing Executive,Hyderabad,Full-Time,B.E,2019-01-11,61745,43,9.6,73.0,98,0,5,Excellent,98.44,33,11,Not Promoted,Active
11552,Priya Patel,employee11552@company.com,Sales,Data Analyst,Pune,Full-Time,M.Com,2022-06-13,54712,33,9.6,74.06,41,15,4,Good,107.18,1,29,Promoted,Active
11553,Divya Iyer,employee11553@company.com,Marketing,Project Manager,Hyderabad,Part-Time,M.Sc,2021-09-25,37023,51,6.2,85.32,72,8,4,Good,63.94,19,23,Not Promoted,Active
11554,Rohan Kumar,employee11554@company.com,Customer Support,Senior Software Engineer,Bangalore,Part-Time,M.Sc,2020-10-07,125187,46,6.2,88.7,59,9,5,Excellent,95.83,16,18,Not Promoted,Active
11555,Rahul Pillai,employee11555@company.com,Engineering,Senior Software Engineer,Hyderabad,Part-Time,MBA,2019-12-17,87919,38,11.6,75.61,55,14,3,Average,67.91,9,22,Not Promoted,Inactive
11556,Manoj Kumar,employee11556@company.com,HR,Marketing Executive,Pune,Contract,B.E,2021-06-10,25540,53,1.3,70.99,46,2,3,Average,45.17,4,22,Not Promoted,Active
11557,Ajay Mishra,employee11557@company.com,Sales,HR Executive,Mumbai,Full-Time,MBA,2021-02-01,33837,52,10.8,98.75,23,14,4,Good,83.98,32,28,Not Promoted,Active
11558,Pooja Joshi,employee11558@company.com,HR,Software Engineer,Chennai,Full-Time,M.Sc,2020-10-20,144773,24,13.2,70.82,40,12,3,Average,71.68,36,21,Not Promoted,Inactive
11559,Ajay Pillai,employee11559@company.com,Sales,Senior Software Engineer,Delhi,Full-Time,B.Tech,2025-08-16,46185,39,6.7,70.06,3,0,4,Good,94.3,35,18,Not Promoted,Active
11560,Pooja Nair,employee11560@company.com,Customer Support,Operations Analyst,Mumbai,Full-Time,MBA,2018-08-09,128030,27,4.3,79.7,75,14,5,Excellent,93.67,10,24,Not Promoted,Inactive
11561,Pooja Patel,employee11561@company.com,Operations,Financial Analyst,Bangalore,Full-Time,BBA,2023-06-09,89889,55,4.2,76.67,50,9,3,Average,106.49,20,24,Not Promoted,Active
11562,Ravi Sharma,employee11562@company.com,Operations,Senior Software Engineer,Mumbai,Full-Time,M.Com,2020-11-15,48406,46,1.9,87.21,87,5,3,Average,73.46,3,21,Not Promoted,Active
11563,Rahul Menon,employee11563@company.com,Sales,Support Associate,Hyderabad,Full-Time,M.Sc,2020-12-23,86630,43,2.1,96.83,0,7,4,Good,76.36,24,2,Not Promoted,Active
11564,Suresh Patel,employee11564@company.com,Marketing,Financial Analyst,Pune,Full-Time,B.Tech,2024-04-20,74054,54,3.4,84.43,13,6,3,Average,71.03,40,19,Not Promoted,Active
11565,Kavya Das,employee11565@company.com,HR,Financial Analyst,Mumbai,Full-Time,B.Tech,2025-08-15,75840,27,0.8,93.2,94,6,4,Good,64.3,34,4,Not Promoted,Active
11566,Sneha Pillai,employee11566@company.com,Engineering,Senior Software Engineer,Mumbai,Full-Time,B.Com,2020-04-05,34046,31,5.2,97.28,9,1,3,Average,86.46,34,8,Not Promoted,Active
11567,Suresh Verma,employee11567@company.com,Finance,Software Engineer,Pune,Full-Time,M.Com,2021-02-28,129938,28,5.9,75.68,96,10,4,Good,98.82,34,18,Not Promoted,Inactive
11568,Arun Singh,employee11568@company.com,Sales,Software Engineer,Hyderabad,Full-Time,M.Com,2018-01-30,123708,33,17.9,84.65,35,3,2,Needs Improvement,55.26,38,8,Not Promoted,Inactive
11569,Arun Kumar,employee11569@company.com,Sales,HR Executive,Chennai,Full-Time,B.E,2020-02-26,77495,52,17.9,89.26,41,5,4,Good,108.82,32,20,Not Promoted,Active
11570,Kavya Nair,employee11570@company.com,Operations,Marketing Executive,Mumbai,Full-Time,MBA,2018-01-10,65579,54,3.8,79.96,98,1,3,Average,89.45,12,21,Not Promoted,Active
11571,Dinesh Mishra,employee11571@company.com,IT,Operations Analyst,Delhi,Full-Time,MCA,2024-10-13,130322,38,4.2,92.19,47,12,4,Good,95.71,3,17,Promoted,Active
11572,Nisha Joshi,employee11572@company.com,Customer Support,Data Analyst,Bangalore,Part-Time,MBA,2021-03-16,84821,35,9.1,91.16,17,15,3,Average,109.93,39,15,Promoted,Active
11573,Rahul Joshi,employee11573@company.com,Operations,Sales Executive,Coimbatore,Full-Time,M.Com,2025-07-08,115631,44,3.1,82.63,88,4,4,Good,77.76,37,1,Not Promoted,Active
11574,Swetha Das,employee11574@company.com,HR,Data Analyst,Hyderabad,Full-Time,MBA,2023-12-12,120877,41,9.3,72.64,75,11,5,Excellent,49.63,29,29,Not Promoted,Active
11575,Nisha Das,employee11575@company.com,Operations,Support Associate,Hyderabad,Full-Time,M.Com,2022-07-01,101668,38,7.5,70.35,59,4,3,Average,96.37,26,27,Promoted,Active
11576,Meena Menon,employee11576@company.com,Finance,Software Engineer,Mumbai,Full-Time,M.Sc,2021-09-26,59175,34,6.2,81.08,27,2,2,Needs Improvement,101.6,34,11,Not Promoted,Active
11577,Pooja Rao,employee11577@company.com,Marketing,HR Executive,Delhi,Full-Time,B.Tech,2022-03-22,34012,39,14.9,72.46,52,1,1,Needs Improvement,55.56,27,17,Not Promoted,Active
11578,Divya Menon,employee11578@company.com,Customer Support,Support Associate,Coimbatore,Full-Time,MBA,2018-02-20,32030,33,15.0,93.45,8,10,4,Good,46.57,40,22,Promoted,Active
11579,Divya Singh,employee11579@company.com,Finance,Data Analyst,Pune,Full-Time,M.Sc,2019-02-02,147047,36,17.8,80.03,23,6,4,Good,53.83,7,28,Not Promoted,Active
11580,Arun Kumar,employee11580@company.com,Marketing,Financial Analyst,Coimbatore,Full-Time,MBA,2018-11-10,135170,22,4.4,89.98,19,7,4,Good,66.06,25,26,Not Promoted,Inactive
11581,Aakash Rao,employee11581@company.com,Finance,Marketing Executive,Mumbai,Contract,M.Com,2025-05-19,111450,54,16.0,80.39,89,3,3,Average,105.08,33,10,Not Promoted,Inactive
11582,Karthik Pillai,employee11582@company.com,Engineering,Financial Analyst,Mumbai,Full-Time,M.Sc,2019-05-29,98464,46,9.9,93.88,68,3,3,Average,45.16,28,21,Promoted,Active
11583,Rohan Mishra,employee11583@company.com,Customer Support,Data Analyst,Pune,Full-Time,M.Com,2024-12-24,123275,42,10.9,96.65,26,10,4,Good,97.25,1,22,Not Promoted,Active
11584,Vijay Nair,employee11584@company.com,Operations,Senior Software Engineer,Bangalore,Full-Time,B.E,2019-06-14,37027,40,16.2,95.13,91,13,3,Average,100.57,5,28,Promoted,Active
11585,Kavya Iyer,employee11585@company.com,Finance,Marketing Executive,Pune,Full-Time,MBA,2022-11-20,143755,49,17.0,84.53,100,8,5,Excellent,97.72,15,2,Promoted,Inactive
11586,Ravi Joshi,employee11586@company.com,Operations,HR Executive,Mumbai,Full-Time,B.Com,2025-07-07,96742,38,13.2,72.52,39,3,2,Needs Improvement,50.34,6,19,Not Promoted,Active
11587,Manoj Joshi,employee11587@company.com,Customer Support,Project Manager,Chennai,Full-Time,BBA,2025-08-13,118399,49,6.6,81.15,70,9,4,Good,89.15,10,26,Not Promoted,Active
11588,Suresh Iyer,employee11588@company.com,Operations,Financial Analyst,Pune,Full-Time,M.Com,2022-10-30,43565,47,9.1,82.73,82,13,3,Average,107.0,15,21,Not Promoted,Active
11589,Dinesh Mishra,employee11589@company.com,HR,Senior Software Engineer,Bangalore,Full-Time,B.Com,2020-05-09,122213,55,11.3,98.81,53,11,3,Average,52.82,5,2,Not Promoted,Active
11590,Anjali Rao,employee11590@company.com,Operations,Support Associate,Pune,Full-Time,B.Tech,2024-10-02,54290,49,15.0,86.96,85,2,4,Good,47.06,36,14,Promoted,Active
11591,Divya Rao,employee11591@company.com,IT,Project Manager,Pune,Full-Time,B.Tech,2024-02-20,126536,26,12.0,89.23,81,10,4,Good,101.79,8,11,Not Promoted,Active
11592,Suresh Verma,employee11592@company.com,Finance,Support Associate,Hyderabad,Full-Time,BBA,2018-11-08,138921,45,6.9,93.46,14,12,5,Excellent,86.92,2,29,Not Promoted,Active
11593,Anjali Joshi,employee11593@company.com,Customer Support,Software Engineer,Hyderabad,Full-Time,B.Com,2020-09-22,50000,41,7.8,87.05,96,13,2,Needs Improvement,87.02,28,0,Not Promoted,Active
11594,Karthik Nair,employee11594@company.com,Sales,Project Manager,Mumbai,Full-Time,MCA,2025-08-01,75703,51,1.4,87.95,50,0,2,Needs Improvement,107.69,7,21,Not Promoted,Inactive
11595,Priya Sharma,employee11595@company.com,Sales,Marketing Executive,Mumbai,Full-Time,B.Tech,2021-08-15,58125,36,16.7,77.36,68,2,4,Good,95.03,39,25,Promoted,Active
11596,Meena Mishra,employee11596@company.com,Sales,Software Engineer,Coimbatore,Full-Time,B.Com,2024-11-28,36638,34,2.0,71.77,39,14,4,Good,70.83,16,10,Not Promoted,Active
11597,Dinesh Reddy,employee11597@company.com,Customer Support,Marketing Executive,Pune,Full-Time,B.E,2025-03-16,108514,26,10.6,91.64,100,4,3,Average,73.33,37,25,Not Promoted,Active
11598,Aakash Singh,employee11598@company.com,IT,Operations Analyst,Chennai,Full-Time,B.E,2023-12-05,79280,31,15.8,95.46,68,12,2,Needs Improvement,54.41,5,1,Promoted,Active
11599,Pooja Gupta,employee11599@company.com,Operations,Senior Software Engineer,Delhi,Contract,B.Tech,2018-09-21,116122,47,7.9,82.36,100,1,2,Needs Improvement,64.76,10,28,Not Promoted,Active
11600,Anjali Rao,employee11600@company.com,Finance,Data Analyst,Mumbai,Full-Time,M.Sc,2022-03-23,82540,25,14.5,86.47,42,4,5,Excellent,73.95,9,22,Promoted,Active
11601,Nisha Verma,employee11601@company.com,Marketing,Support Associate,Pune,Contract,B.Com,2018-01-21,87580,35,14.6,79.22,63,8,3,Average,61.97,1,28,Not Promoted,Active
11602,Ravi Joshi,employee11602@company.com,Marketing,Data Analyst,Pune,Full-Time,B.Com,2024-11-29,34225,36,1.5,83.51,6,9,3,Average,104.53,28,20,Not Promoted,Active
11603,Swetha Rao,employee11603@company.com,Customer Support,Project Manager,Delhi,Full-Time,BBA,2019-07-03,50437,38,7.7,76.27,1,10,3,Average,45.77,5,13,Not Promoted,Active
11604,Arun Iyer,employee11604@company.com,HR,Financial Analyst,Pune,Full-Time,BBA,2021-04-11,121774,53,12.6,92.8,29,5,3,Average,83.16,8,0,Promoted,Inactive
11605,Kavya Gupta,employee11605@company.com,IT,Financial Analyst,Delhi,Full-Time,B.Com,2020-08-05,107268,55,7.9,84.76,74,14,2,Needs Improvement,95.15,1,24,Not Promoted,Inactive
11606,Rohan Menon,employee11606@company.com,Finance,Support Associate,Delhi,Contract,BBA,2020-10-17,53353,44,10.0,86.41,51,2,4,Good,92.59,3,17,Not Promoted,Active
11607,Rohan Nair,employee11607@company.com,Operations,Software Engineer,Coimbatore,Full-Time,MCA,2018-07-25,73531,55,10.9,71.11,100,4,2,Needs Improvement,86.84,40,17,Promoted,Active
11608,Rohan Rao,employee11608@company.com,Sales,Support Associate,Pune,Full-Time,B.Tech,2022-06-25,26658,27,3.1,88.67,32,11,4,Good,71.67,39,14,Not Promoted,Active
11609,Ravi Iyer,employee11609@company.com,IT,Operations Analyst,Coimbatore,Full-Time,MCA,2019-09-23,50150,34,7.7,76.08,8,0,3,Average,104.7,29,25,Not Promoted,Active
11610,Anjali Nair,employee11610@company.com,IT,Operations Analyst,Pune,Full-Time,B.Com,2024-02-05,38315,50,1.0,81.5,10,15,4,Good,66.38,3,25,Not Promoted,Active
11611,Suresh Menon,employee11611@company.com,Finance,Data Analyst,Hyderabad,Contract,M.Com,2024-07-17,43203,44,3.1,82.38,75,7,5,Excellent,93.76,0,3,Not Promoted,Active
11612,Nisha Gupta,employee11612@company.com,Customer Support,Project Manager,Delhi,Full-Time,B.Com,2019-03-16,146159,35,9.5,83.46,9,8,4,Good,105.23,10,1,Promoted,Active
11613,Anjali Gupta,employee11613@company.com,Operations,Operations Analyst,Bangalore,Full-Time,M.Com,2021-01-03,63649,33,10.5,76.82,53,4,4,Good,53.34,6,14,Promoted,Active
11614,Nisha Rao,employee11614@company.com,Engineering,Senior Software Engineer,Delhi,Full-Time,B.E,2018-10-17,64423,39,3.1,95.5,74,8,3,Average,106.56,17,12,Promoted,Active
11615,Priya Patel,employee11615@company.com,Engineering,Software Engineer,Bangalore,Contract,M.Com,2025-02-17,132426,49,13.7,82.84,96,7,3,Average,95.44,7,9,Not Promoted,Active
11616,Arun Reddy,employee11616@company.com,Customer Support,Software Engineer,Pune,Part-Time,B.E,2025-05-20,88617,42,7.0,88.36,19,14,4,Good,85.08,29,14,Promoted,Active
11617,Dinesh Sharma,employee11617@company.com,Customer Support,Operations Analyst,Mumbai,Contract,BBA,2018-07-27,45392,22,16.6,88.42,4,7,5,Excellent,69.27,14,5,Not Promoted,Inactive
11618,Priya Mishra,employee11618@company.com,HR,Sales Executive,Chennai,Full-Time,B.Tech,2018-09-29,31043,33,7.3,88.21,23,1,4,Good,103.78,9,28,Not Promoted,Active
11619,Vijay Pillai,employee11619@company.com,Customer Support,Financial Analyst,Coimbatore,Full-Time,M.Sc,2019-02-19,41867,38,3.1,86.78,31,4,4,Good,47.86,1,20,Not Promoted,Active
11620,Nisha Reddy,employee11620@company.com,Operations,Sales Executive,Pune,Full-Time,M.Sc,2019-01-19,127216,35,13.8,94.68,30,11,4,Good,73.07,14,9,Promoted,Active
11621,Arun Singh,employee11621@company.com,HR,Project Manager,Chennai,Full-Time,MCA,2021-07-08,25357,55,10.4,94.38,43,7,3,Average,94.18,21,25,Not Promoted,Active
11622,Swetha Kumar,employee11622@company.com,Engineering,Project Manager,Hyderabad,Full-Time,MCA,2020-06-09,70440,37,7.3,82.51,77,2,2,Needs Improvement,97.72,33,2,Promoted,Active
11623,Rahul Mishra,employee11623@company.com,HR,Marketing Executive,Bangalore,Full-Time,B.E,2022-07-21,49829,33,6.7,89.08,18,0,4,Good,58.15,2,12,Not Promoted,Active
11624,Manoj Patel,employee11624@company.com,Sales,Project Manager,Coimbatore,Full-Time,B.E,2020-11-07,66794,42,3.1,73.08,23,13,5,Excellent,48.09,3,17,Not Promoted,Active
11625,Meena Pillai,employee11625@company.com,Sales,Marketing Executive,Hyderabad,Full-Time,B.Com,2025-05-31,58958,41,6.5,72.72,95,10,3,Average,97.19,24,5,Not Promoted,Active
11626,Pooja Iyer,employee11626@company.com,Engineering,Software Engineer,Mumbai,Part-Time,MBA,2024-04-13,55408,46,1.0,84.4,11,3,4,Good,72.42,4,13,Not Promoted,Inactive
11627,Dinesh Gupta,employee11627@company.com,Finance,Senior Software Engineer,Mumbai,Full-Time,B.E,2021-08-12,51279,24,9.3,97.01,49,3,3,Average,54.33,11,17,Not Promoted,Active
11628,Karthik Singh,employee11628@company.com,Engineering,HR Executive,Delhi,Full-Time,M.Com,2024-09-27,54467,27,16.2,89.5,84,9,4,Good,50.56,23,10,Promoted,Active
11629,Rahul Iyer,employee11629@company.com,Operations,Financial Analyst,Coimbatore,Full-Time,B.Tech,2021-09-05,127868,30,14.4,90.08,99,3,2,Needs Improvement,86.64,18,19,Promoted,Active
11630,Rohan Joshi,employee11630@company.com,Customer Support,Marketing Executive,Coimbatore,Full-Time,BBA,2022-04-27,80131,35,1.0,74.73,24,3,3,Average,82.88,31,14,Not Promoted,Active
11631,Swetha Gupta,employee11631@company.com,HR,Data Analyst,Coimbatore,Contract,MCA,2025-07-25,66452,46,15.9,83.6,50,8,4,Good,100.51,11,20,Promoted,Active
11632,Vijay Pillai,employee11632@company.com,Finance,Senior Software Engineer,Pune,Full-Time,M.Com,2022-09-13,120127,36,8.4,82.02,13,10,3,Average,47.05,36,12,Not Promoted,Active
11633,Nisha Menon,employee11633@company.com,HR,Support Associate,Delhi,Full-Time,MCA,2023-02-28,93945,54,3.8,93.49,71,13,4,Good,101.45,26,15,Not Promoted,Active
11634,Aakash Patel,employee11634@company.com,IT,Data Analyst,Mumbai,Full-Time,B.Tech,2024-02-07,101855,37,13.7,74.13,28,0,4,Good,102.67,17,26,Not Promoted,Active
11635,Swetha Reddy,employee11635@company.com,Marketing,Senior Software Engineer,Mumbai,Full-Time,BBA,2022-08-07,51696,36,6.2,86.18,24,8,5,Excellent,74.01,24,23,Not Promoted,Active
11636,Swetha Das,employee11636@company.com,Marketing,Data Analyst,Delhi,Full-Time,M.Com,2020-08-01,131547,54,4.9,97.34,86,6,3,Average,49.98,22,11,Not Promoted,Inactive
11637,Nisha Joshi,employee11637@company.com,HR,Operations Analyst,Hyderabad,Full-Time,MCA,2020-06-11,88612,49,3.3,96.77,58,12,3,Average,106.54,2,0,Not Promoted,Active
11638,Manoj Das,employee11638@company.com,Finance,Data Analyst,Chennai,Full-Time,B.E,2018-03-02,115373,38,9.0,95.57,99,15,2,Needs Improvement,49.68,1,22,Not Promoted,Active
11639,Rohan Joshi,employee11639@company.com,Engineering,Marketing Executive,Bangalore,Full-Time,BBA,2021-05-17,52578,31,2.1,81.25,56,13,5,Excellent,83.39,10,13,Not Promoted,Inactive
11640,Sneha Rao,employee11640@company.com,Sales,Senior Software Engineer,Mumbai,Part-Time,MBA,2018-06-15,26908,32,14.2,98.23,11,4,5,Excellent,77.06,36,21,Not Promoted,Active
11641,Kavya Singh,employee11641@company.com,Operations,Support Associate,Delhi,Full-Time,B.E,2023-03-21,123059,22,8.7,94.16,49,1,4,Good,99.28,29,2,Not Promoted,Active
11642,Aakash Verma,employee11642@company.com,HR,Project Manager,Mumbai,Contract,M.Sc,2021-08-16,94182,38,8.3,95.53,11,13,4,Good,77.67,12,9,Promoted,Inactive
11643,Sneha Rao,employee11643@company.com,HR,Data Analyst,Hyderabad,Contract,MCA,2019-10-17,81867,53,0.5,97.97,81,9,4,Good,75.49,39,25,Not Promoted,Active
11644,Priya Mishra,employee11644@company.com,Operations,Support Associate,Coimbatore,Full-Time,B.Com,2018-12-17,104368,29,14.8,98.11,99,11,4,Good,102.24,5,30,Not Promoted,Active
11645,Rahul Gupta,employee11645@company.com,Engineering,Senior Software Engineer,Coimbatore,Full-Time,M.Com,2024-04-29,109297,35,9.1,77.2,47,9,2,Needs Improvement,107.66,11,9,Promoted,Active
11646,Kavya Iyer,employee11646@company.com,Customer Support,Support Associate,Bangalore,Full-Time,MBA,2023-12-12,36586,48,8.2,73.83,49,14,4,Good,80.7,38,0,Not Promoted,Active
11647,Ravi Patel,employee11647@company.com,Sales,HR Executive,Coimbatore,Full-Time,M.Com,2022-04-15,45720,28,13.8,90.73,18,9,2,Needs Improvement,74.56,7,17,Promoted,Active
11648,Rohan Iyer,employee11648@company.com,HR,HR Executive,Coimbatore,Full-Time,B.Com,2020-07-20,95940,28,1.6,86.9,52,3,4,Good,99.02,8,16,Not Promoted,Active
11649,Arun Verma,employee11649@company.com,IT,Data Analyst,Hyderabad,Full-Time,B.Com,2023-03-20,112878,39,6.9,79.82,34,15,4,Good,99.02,3,18,Not Promoted,Active
11650,Ajay Nair,employee11650@company.com,Sales,Data Analyst,Chennai,Full-Time,B.Com,2021-01-18,26625,24,10.6,90.53,26,10,4,Good,65.76,36,0,Not Promoted,Active
11651,Priya Nair,employee11651@company.com,IT,Data Analyst,Hyderabad,Full-Time,MCA,2023-12-27,122543,47,8.6,71.86,66,14,1,Needs Improvement,82.45,35,25,Not Promoted,Active
11652,Sneha Gupta,employee11652@company.com,Marketing,Financial Analyst,Bangalore,Full-Time,B.E,2023-06-13,63186,33,3.7,71.42,76,3,3,Average,55.02,31,4,Not Promoted,Active
11653,Karthik Patel,employee11653@company.com,Operations,Operations Analyst,Coimbatore,Full-Time,MCA,2021-10-17,116340,41,5.7,80.63,50,3,3,Average,86.31,11,25,Not Promoted,Active
11654,Pooja Das,employee11654@company.com,Sales,Support Associate,Bangalore,Full-Time,B.E,2025-12-17,62154,46,5.8,75.82,18,10,3,Average,99.21,17,5,Not Promoted,Active
11655,Vijay Sharma,employee11655@company.com,Customer Support,Sales Executive,Mumbai,Full-Time,MBA,2021-01-21,96890,43,17.9,91.56,42,11,2,Needs Improvement,57.19,30,0,Promoted,Active
11656,Swetha Das,employee11656@company.com,Sales,Software Engineer,Chennai,Contract,B.Com,2018-05-14,59157,50,6.2,98.44,34,12,5,Excellent,66.0,39,29,Not Promoted,Active
11657,Pooja Rao,employee11657@company.com,Finance,Data Analyst,Pune,Full-Time,M.Sc,2021-05-12,80061,51,4.1,89.85,14,1,4,Good,74.18,38,16,Not Promoted,Active
11658,Anjali Rao,employee11658@company.com,Finance,Marketing Executive,Mumbai,Full-Time,B.E,2025-11-06,42871,51,14.9,89.64,15,7,3,Average,99.93,28,11,Not Promoted,Active
11659,Vijay Pillai,employee11659@company.com,Operations,HR Executive,Coimbatore,Full-Time,B.Tech,2023-02-15,137961,36,7.9,70.2,98,3,3,Average,92.54,39,3,Not Promoted,Active
11660,Kavya Gupta,employee11660@company.com,Customer Support,HR Executive,Delhi,Full-Time,M.Sc,2020-10-14,80653,27,8.3,85.37,68,15,3,Average,65.6,28,3,Promoted,Active
11661,Swetha Pillai,employee11661@company.com,Sales,Project Manager,Hyderabad,Full-Time,B.Tech,2024-11-09,34108,37,10.1,94.51,70,8,4,Good,60.8,26,23,Not Promoted,Active
11662,Karthik Nair,employee11662@company.com,Engineering,Software Engineer,Hyderabad,Full-Time,B.E,2023-02-25,100869,44,10.9,89.62,84,1,4,Good,90.22,10,9,Not Promoted,Active
11663,Anjali Patel,employee11663@company.com,Marketing,Support Associate,Bangalore,Part-Time,M.Sc,2019-03-14,140398,40,10.8,76.83,40,6,5,Excellent,76.19,32,22,Not Promoted,Active
11664,Dinesh Rao,employee11664@company.com,Customer Support,Senior Software Engineer,Delhi,Full-Time,M.Sc,2019-11-11,108806,47,1.1,95.45,53,4,3,Average,83.58,38,22,Not Promoted,Active
11665,Anjali Das,employee11665@company.com,HR,Software Engineer,Bangalore,Full-Time,MBA,2025-05-18,59984,22,14.8,98.93,64,4,5,Excellent,87.17,17,24,Not Promoted,Active
11666,Rahul Gupta,employee11666@company.com,Operations,Operations Analyst,Delhi,Full-Time,M.Com,2025-04-23,108240,21,3.9,78.37,88,6,4,Good,81.31,19,7,Promoted,Active
11667,Ajay Verma,employee11667@company.com,Engineering,Data Analyst,Bangalore,Full-Time,MCA,2021-06-01,106840,54,5.6,76.21,29,14,3,Average,84.85,27,11,Not Promoted,Active
11668,Ravi Iyer,employee11668@company.com,Customer Support,Marketing Executive,Pune,Full-Time,BBA,2021-04-06,88478,47,3.5,80.16,18,3,5,Excellent,102.69,21,28,Not Promoted,Active
11669,Vijay Gupta,employee11669@company.com,Operations,Support Associate,Pune,Full-Time,B.Com,2021-02-04,49290,26,13.9,71.89,87,2,2,Needs Improvement,101.43,31,26,Not Promoted,Active
11670,Sneha Menon,employee11670@company.com,Customer Support,Support Associate,Mumbai,Contract,B.E,2021-11-04,39433,47,10.7,96.2,45,8,4,Good,54.69,20,26,Not Promoted,Active
11671,Meena Reddy,employee11671@company.com,Finance,Data Analyst,Pune,Full-Time,MBA,2023-09-03,122984,36,13.7,97.88,59,11,3,Average,83.12,36,27,Not Promoted,Active
11672,Kavya Singh,employee11672@company.com,Marketing,Operations Analyst,Delhi,Full-Time,BBA,2022-03-15,123057,55,11.9,89.0,78,2,5,Excellent,73.55,26,11,Not Promoted,Inactive
11673,Anjali Menon,employee11673@company.com,Operations,Data Analyst,Bangalore,Full-Time,M.Sc,2025-10-27,94981,47,2.3,92.93,98,4,5,Excellent,63.56,37,30,Not Promoted,Active
11674,Pooja Gupta,employee11674@company.com,Marketing,Data Analyst,Delhi,Part-Time,MCA,2021-08-23,62599,55,5.8,90.06,23,1,4,Good,86.02,25,27,Not Promoted,Active
11675,Pooja Pillai,employee11675@company.com,Operations,Software Engineer,Mumbai,Full-Time,M.Com,2020-07-23,35818,48,9.4,81.32,35,6,4,Good,78.21,22,2,Not Promoted,Active
11676,Nisha Menon,employee11676@company.com,Finance,Marketing Executive,Mumbai,Full-Time,MBA,2021-10-13,114737,23,5.8,88.96,48,12,3,Average,95.37,33,15,Not Promoted,Active
11677,Nisha Rao,employee11677@company.com,HR,Support Associate,Coimbatore,Part-Time,M.Com,2019-01-05,31984,51,4.1,95.09,58,11,2,Needs Improvement,51.07,11,3,Not Promoted,Active
11678,Divya Rao,employee11678@company.com,Engineering,Project Manager,Chennai,Full-Time,B.Tech,2020-09-23,66360,23,15.7,94.3,13,10,3,Average,64.67,10,23,Not Promoted,Active
11679,Sneha Kumar,employee11679@company.com,Finance,Data Analyst,Pune,Full-Time,MCA,2024-01-28,91286,44,13.6,72.43,85,6,3,Average,46.68,35,29,Not Promoted,Active
11680,Manoj Das,employee11680@company.com,Operations,Financial Analyst,Hyderabad,Contract,MCA,2022-05-24,137066,46,6.5,83.88,38,11,4,Good,93.49,31,4,Not Promoted,Active
11681,Rohan Menon,employee11681@company.com,Marketing,Senior Software Engineer,Hyderabad,Full-Time,M.Com,2024-03-19,30594,48,13.9,81.92,7,15,3,Average,104.31,38,28,Not Promoted,Active
11682,Ajay Kumar,employee11682@company.com,IT,Data Analyst,Chennai,Full-Time,B.Tech,2024-10-26,87260,29,11.5,92.56,47,4,5,Excellent,83.18,36,14,Promoted,Active
11683,Anjali Joshi,employee11683@company.com,Finance,Data Analyst,Bangalore,Full-Time,BBA,2021-03-22,104266,47,0.6,85.04,79,7,4,Good,85.1,15,20,Not Promoted,Active
11684,Suresh Gupta,employee11684@company.com,Marketing,Support Associate,Chennai,Full-Time,B.Com,2025-12-19,32171,23,7.2,80.49,80,8,4,Good,48.02,30,23,Promoted,Active
11685,Priya Iyer,employee11685@company.com,Customer Support,HR Executive,Bangalore,Full-Time,B.E,2019-01-11,147179,48,5.6,91.19,68,12,2,Needs Improvement,77.75,40,7,Not Promoted,Active
11686,Manoj Rao,employee11686@company.com,Customer Support,Sales Executive,Pune,Full-Time,M.Sc,2024-05-17,121624,52,4.3,84.21,40,3,5,Excellent,79.25,5,28,Promoted,Active
11687,Pooja Sharma,employee11687@company.com,Finance,Senior Software Engineer,Pune,Full-Time,B.Tech,2025-07-23,141575,55,4.9,77.7,34,10,5,Excellent,47.53,12,21,Not Promoted,Active
11688,Manoj Nair,employee11688@company.com,Operations,HR Executive,Mumbai,Full-Time,MBA,2023-04-28,110605,27,17.0,96.71,63,11,3,Average,95.86,35,29,Not Promoted,Active
11689,Sneha Sharma,employee11689@company.com,Customer Support,Software Engineer,Mumbai,Full-Time,M.Com,2020-08-15,75570,27,9.0,73.39,52,15,4,Good,63.09,10,24,Promoted,Active
11690,Karthik Iyer,employee11690@company.com,Marketing,Financial Analyst,Mumbai,Part-Time,MCA,2020-03-21,142291,41,15.3,70.54,53,1,4,Good,92.02,10,19,Promoted,Active
11691,Anjali Mishra,employee11691@company.com,Engineering,Sales Executive,Mumbai,Full-Time,MBA,2020-04-06,120350,52,4.2,74.32,36,1,3,Average,71.19,19,9,Not Promoted,Active
11692,Pooja Rao,employee11692@company.com,HR,Senior Software Engineer,Hyderabad,Part-Time,MCA,2023-01-20,77923,40,3.6,74.91,51,15,4,Good,109.72,28,30,Not Promoted,Active
11693,Arun Das,employee11693@company.com,Marketing,HR Executive,Coimbatore,Full-Time,B.Tech,2024-12-08,144788,28,16.1,86.14,17,10,3,Average,58.79,18,0,Not Promoted,Active
11694,Sneha Verma,employee11694@company.com,Customer Support,Marketing Executive,Mumbai,Full-Time,MCA,2022-03-14,87405,24,9.2,88.75,20,14,2,Needs Improvement,48.79,29,9,Promoted,Active
11695,Arun Menon,employee11695@company.com,Customer Support,Marketing Executive,Mumbai,Contract,M.Sc,2018-12-01,136606,46,16.2,83.46,41,12,3,Average,108.69,5,17,Not Promoted,Active
11696,Rohan Pillai,employee11696@company.com,Sales,Operations Analyst,Mumbai,Full-Time,BBA,2025-08-21,87653,35,1.6,76.13,64,15,2,Needs Improvement,60.85,16,16,Not Promoted,Active
11697,Meena Rao,employee11697@company.com,IT,Data Analyst,Bangalore,Full-Time,MCA,2019-02-14,35210,26,16.5,73.97,80,3,1,Needs Improvement,86.3,17,3,Promoted,Active
11698,Kavya Singh,employee11698@company.com,Operations,Financial Analyst,Delhi,Full-Time,M.Sc,2018-02-23,84380,52,7.8,84.76,7,5,2,Needs Improvement,69.35,35,24,Promoted,Active
11699,Pooja Rao,employee11699@company.com,Marketing,Sales Executive,Mumbai,Full-Time,MCA,2019-12-02,67605,25,3.2,86.96,92,5,5,Excellent,86.58,17,26,Not Promoted,Active
11700,Ajay Reddy,employee11700@company.com,Customer Support,Senior Software Engineer,Chennai,Full-Time,MCA,2022-10-24,126791,26,12.5,79.12,83,1,4,Good,83.74,11,21,Not Promoted,Active
11701,Nisha Gupta,employee11701@company.com,Operations,Marketing Executive,Mumbai,Contract,BBA,2021-01-03,99541,23,14.4,76.61,100,0,5,Excellent,90.97,2,12,Not Promoted,Active
11702,Meena Menon,employee11702@company.com,Finance,Financial Analyst,Mumbai,Full-Time,M.Sc,2024-07-24,145598,49,1.3,72.42,38,15,3,Average,46.2,17,29,Not Promoted,Active
11703,Vijay Kumar,employee11703@company.com,Finance,Sales Executive,Hyderabad,Part-Time,M.Sc,2020-09-01,55825,39,17.8,70.79,60,1,3,Average,99.35,15,29,Promoted,Active
11704,Vijay Verma,employee11704@company.com,Marketing,Operations Analyst,Delhi,Full-Time,MBA,2019-01-28,145996,30,12.7,73.17,59,7,4,Good,76.11,38,21,Not Promoted,Inactive
11705,Karthik Mishra,employee11705@company.com,Sales,Marketing Executive,Mumbai,Part-Time,M.Com,2019-07-08,144421,27,6.1,92.26,68,4,3,Average,78.73,27,5,Not Promoted,Active
11706,Rohan Singh,employee11706@company.com,Customer Support,Support Associate,Delhi,Full-Time,B.E,2025-12-04,106241,21,3.1,80.32,58,2,2,Needs Improvement,71.72,8,0,Promoted,Active
11707,Manoj Mishra,employee11707@company.com,Marketing,Marketing Executive,Bangalore,Contract,BBA,2023-10-30,126473,21,7.4,70.82,9,8,4,Good,109.31,19,0,Promoted,Active
11708,Karthik Rao,employee11708@company.com,HR,Project Manager,Pune,Full-Time,MBA,2020-04-05,58791,37,4.4,85.24,62,11,3,Average,97.1,17,2,Not Promoted,Active
11709,Sneha Sharma,employee11709@company.com,Sales,Support Associate,Delhi,Contract,B.Com,2020-01-14,100237,42,9.1,86.08,69,11,4,Good,65.24,24,4,Not Promoted,Active
11710,Anjali Rao,employee11710@company.com,Customer Support,Financial Analyst,Delhi,Full-Time,M.Com,2022-01-10,117150,34,14.2,82.86,6,15,4,Good,95.9,20,17,Promoted,Active
11711,Ajay Rao,employee11711@company.com,Customer Support,Operations Analyst,Mumbai,Full-Time,M.Com,2024-02-03,105202,26,12.1,73.32,34,6,2,Needs Improvement,73.4,25,26,Not Promoted,Active
11712,Rohan Kumar,employee11712@company.com,Operations,HR Executive,Coimbatore,Full-Time,BBA,2025-01-02,141081,50,8.1,92.65,90,7,2,Needs Improvement,101.55,22,11,Not Promoted,Active
11713,Nisha Kumar,employee11713@company.com,Marketing,Software Engineer,Mumbai,Contract,M.Sc,2018-05-19,139105,53,2.6,90.67,41,5,4,Good,47.01,9,0,Not Promoted,Active
11714,Arun Mishra,employee11714@company.com,Customer Support,Data Analyst,Mumbai,Full-Time,B.Com,2024-11-25,95775,40,17.3,81.84,84,6,3,Average,68.1,12,8,Not Promoted,Active
11715,Arun Iyer,employee11715@company.com,Operations,Data Analyst,Hyderabad,Full-Time,M.Sc,2023-01-20,106748,36,5.2,81.42,87,14,2,Needs Improvement,72.94,36,26,Not Promoted,Active
11716,Nisha Menon,employee11716@company.com,Customer Support,Marketing Executive,Coimbatore,Full-Time,M.Sc,2019-06-26,109266,24,5.4,74.68,28,2,5,Excellent,93.38,11,16,Promoted,Active
11717,Arun Reddy,employee11717@company.com,IT,Senior Software Engineer,Pune,Full-Time,B.Tech,2024-02-20,91391,54,11.8,92.61,26,0,2,Needs Improvement,56.85,35,28,Not Promoted,Active
11718,Divya Pillai,employee11718@company.com,Sales,Support Associate,Hyderabad,Full-Time,B.Com,2023-01-31,99894,21,14.0,87.99,37,0,4,Good,63.61,2,12,Not Promoted,Inactive
11719,Kavya Das,employee11719@company.com,Marketing,Project Manager,Hyderabad,Full-Time,B.Tech,2024-12-08,142442,33,17.7,72.57,1,0,5,Excellent,92.05,13,13,Not Promoted,Active
11720,Kavya Mishra,employee11720@company.com,IT,Marketing Executive,Hyderabad,Full-Time,B.E,2021-08-30,75817,28,17.5,81.34,24,10,3,Average,49.99,34,26,Promoted,Active
11721,Arun Joshi,employee11721@company.com,Marketing,Operations Analyst,Coimbatore,Full-Time,B.Tech,2022-09-17,94574,42,16.5,97.11,65,10,2,Needs Improvement,58.07,33,10,Not Promoted,Active
11722,Karthik Das,employee11722@company.com,HR,Software Engineer,Bangalore,Contract,M.Sc,2025-10-23,67932,24,8.1,83.57,37,11,2,Needs Improvement,93.97,39,29,Not Promoted,Active
11723,Vijay Gupta,employee11723@company.com,Finance,HR Executive,Pune,Contract,BBA,2024-04-13,88404,54,3.4,79.75,58,6,3,Average,101.91,28,10,Not Promoted,Active
11724,Arun Gupta,employee11724@company.com,Engineering,Software Engineer,Bangalore,Full-Time,B.E,2025-05-01,45071,43,10.7,89.31,81,1,2,Needs Improvement,92.37,29,3,Not Promoted,Active
11725,Arun Rao,employee11725@company.com,Operations,Project Manager,Bangalore,Full-Time,B.E,2024-10-21,108036,40,0.8,76.09,6,12,4,Good,79.26,6,8,Not Promoted,Active
11726,Suresh Patel,employee11726@company.com,Marketing,Software Engineer,Pune,Full-Time,MCA,2018-03-14,69328,44,3.9,85.71,48,11,2,Needs Improvement,51.44,1,25,Not Promoted,Active
11727,Kavya Patel,employee11727@company.com,Sales,Software Engineer,Bangalore,Full-Time,MCA,2025-09-02,78694,47,0.5,90.09,67,5,4,Good,98.77,17,17,Promoted,Active
11728,Meena Verma,employee11728@company.com,Marketing,Financial Analyst,Coimbatore,Full-Time,B.Com,2025-11-18,25733,33,3.7,95.65,40,13,5,Excellent,53.06,25,25,Not Promoted,Active
11729,Rohan Sharma,employee11729@company.com,Marketing,Operations Analyst,Pune,Full-Time,M.Sc,2023-11-12,86127,25,8.8,90.78,73,13,4,Good,70.03,16,18,Not Promoted,Active
11730,Divya Das,employee11730@company.com,Marketing,Operations Analyst,Delhi,Full-Time,B.E,2019-03-11,121031,36,7.4,81.53,50,14,4,Good,48.28,11,3,Not Promoted,Active
11731,Kavya Joshi,employee11731@company.com,Engineering,Sales Executive,Delhi,Full-Time,M.Sc,2022-12-12,60689,49,7.0,93.03,91,0,3,Average,91.13,31,11,Not Promoted,Active
11732,Manoj Singh,employee11732@company.com,Customer Support,Marketing Executive,Mumbai,Full-Time,B.Tech,2023-08-08,69289,46,15.0,96.95,93,9,4,Good,77.73,28,17,Not Promoted,Active
11733,Kavya Kumar,employee11733@company.com,Marketing,Senior Software Engineer,Hyderabad,Full-Time,MBA,2019-04-02,103345,42,12.3,84.33,23,7,4,Good,103.99,9,17,Not Promoted,Active
11734,Aakash Joshi,employee11734@company.com,Customer Support,Sales Executive,Delhi,Full-Time,MCA,2024-03-26,133202,44,16.9,70.14,35,4,3,Average,54.02,35,27,Not Promoted,Active
11735,Dinesh Sharma,employee11735@company.com,Sales,Operations Analyst,Delhi,Part-Time,M.Com,2023-09-09,38686,33,8.3,96.43,79,8,2,Needs Improvement,98.25,1,5,Not Promoted,Active
11736,Priya Menon,employee11736@company.com,Sales,Data Analyst,Bangalore,Full-Time,M.Com,2022-07-07,94034,41,5.3,74.96,96,2,5,Excellent,78.19,36,26,Promoted,Active
11737,Rohan Singh,employee11737@company.com,Marketing,Marketing Executive,Pune,Full-Time,B.Tech,2018-12-01,132620,21,2.6,73.79,9,1,3,Average,68.8,13,30,Not Promoted,Active
11738,Kavya Sharma,employee11738@company.com,Customer Support,Project Manager,Chennai,Full-Time,MCA,2019-10-22,29717,24,12.3,79.23,20,7,3,Average,86.83,9,10,Promoted,Active
11739,Karthik Pillai,employee11739@company.com,Finance,Financial Analyst,Bangalore,Full-Time,MBA,2019-07-23,29854,23,15.2,81.4,26,10,3,Average,96.38,39,25,Not Promoted,Active
11740,Suresh Mishra,employee11740@company.com,Marketing,HR Executive,Bangalore,Full-Time,BBA,2018-06-26,125162,43,3.7,93.98,54,4,3,Average,73.62,0,4,Promoted,Active
11741,Arun Menon,employee11741@company.com,Operations,Data Analyst,Coimbatore,Full-Time,M.Sc,2025-11-11,133787,36,15.9,81.68,84,13,4,Good,60.13,40,15,Not Promoted,Active
11742,Dinesh Iyer,employee11742@company.com,Operations,Operations Analyst,Pune,Full-Time,B.E,2025-02-28,39358,33,9.7,71.46,90,12,4,Good,104.53,20,10,Not Promoted,Active
11743,Ajay Pillai,employee11743@company.com,Sales,Marketing Executive,Chennai,Full-Time,MCA,2024-09-22,46857,51,3.0,89.08,95,0,4,Good,65.34,4,4,Not Promoted,Active
11744,Rahul Kumar,employee11744@company.com,Engineering,Operations Analyst,Chennai,Full-Time,B.Tech,2020-02-16,125817,44,11.8,90.14,4,10,1,Needs Improvement,109.89,8,8,Not Promoted,Active
11745,Divya Iyer,employee11745@company.com,Operations,Support Associate,Mumbai,Full-Time,M.Sc,2021-06-14,106120,35,9.6,94.43,98,11,3,Average,94.88,8,22,Not Promoted,Active
11746,Aakash Kumar,employee11746@company.com,Operations,Sales Executive,Bangalore,Full-Time,B.E,2021-07-25,29960,25,1.0,81.97,85,5,3,Average,89.71,17,10,Promoted,Active
11747,Pooja Pillai,employee11747@company.com,HR,HR Executive,Coimbatore,Full-Time,MCA,2018-03-18,61283,42,7.5,72.58,58,14,1,Needs Improvement,45.81,4,28,Not Promoted,Active
11748,Swetha Menon,employee11748@company.com,Marketing,HR Executive,Hyderabad,Full-Time,B.Com,2020-07-21,51576,42,14.2,86.59,35,11,3,Average,74.15,15,14,Not Promoted,Active
11749,Suresh Verma,employee11749@company.com,Marketing,Senior Software Engineer,Delhi,Part-Time,MBA,2019-09-28,116909,31,10.2,73.63,73,2,4,Good,77.66,33,24,Not Promoted,Active
11750,Aakash Pillai,employee11750@company.com,Marketing,Support Associate,Bangalore,Full-Time,M.Com,2025-01-31,43700,44,5.4,70.51,33,7,2,Needs Improvement,69.46,3,16,Not Promoted,Active
11751,Divya Menon,employee11751@company.com,Marketing,Software Engineer,Hyderabad,Full-Time,B.Tech,2022-08-05,68540,30,16.8,93.36,51,12,4,Good,54.75,20,17,Promoted,Active
11752,Nisha Patel,employee11752@company.com,IT,Support Associate,Hyderabad,Full-Time,M.Com,2021-04-05,76166,54,4.7,82.1,5,5,3,Average,68.88,36,20,Promoted,Inactive
11753,Manoj Reddy,employee11753@company.com,Marketing,HR Executive,Pune,Full-Time,M.Sc,2021-11-13,72417,31,4.9,85.75,13,1,1,Needs Improvement,49.87,39,25,Not Promoted,Active
11754,Suresh Nair,employee11754@company.com,Engineering,Data Analyst,Bangalore,Full-Time,B.E,2018-01-12,125471,49,6.7,89.89,58,5,3,Average,63.91,13,13,Not Promoted,Active
11755,Sneha Menon,employee11755@company.com,Customer Support,Senior Software Engineer,Pune,Full-Time,B.E,2024-01-26,44412,42,16.2,82.03,56,2,5,Excellent,50.44,26,6,Not Promoted,Active
11756,Dinesh Nair,employee11756@company.com,Sales,Project Manager,Mumbai,Part-Time,B.Com,2020-04-10,122760,53,9.4,71.53,36,6,4,Good,93.91,11,23,Not Promoted,Active
11757,Meena Singh,employee11757@company.com,Customer Support,Data Analyst,Hyderabad,Full-Time,BBA,2021-12-20,84291,28,12.4,77.58,57,15,5,Excellent,88.63,26,22,Not Promoted,Inactive
11758,Sneha Iyer,employee11758@company.com,Engineering,Marketing Executive,Chennai,Full-Time,B.E,2019-03-25,116255,52,17.6,75.83,82,14,3,Average,106.1,33,15,Not Promoted,Active
11759,Kavya Verma,employee11759@company.com,Sales,Software Engineer,Hyderabad,Full-Time,B.E,2024-11-01,29231,43,14.2,99.32,31,0,2,Needs Improvement,69.7,3,8,Not Promoted,Active
11760,Meena Pillai,employee11760@company.com,IT,Sales Executive,Mumbai,Full-Time,M.Sc,2022-11-25,110068,25,3.5,92.19,19,11,4,Good,96.1,1,30,Not Promoted,Active
11761,Priya Gupta,employee11761@company.com,Marketing,Project Manager,Hyderabad,Contract,BBA,2019-03-03,32521,51,14.3,83.55,84,14,3,Average,83.19,31,26,Not Promoted,Active
11762,Vijay Iyer,employee11762@company.com,Finance,Data Analyst,Pune,Part-Time,M.Com,2020-07-04,89569,49,13.6,71.9,78,13,4,Good,87.0,1,2,Not Promoted,Inactive
11763,Meena Patel,employee11763@company.com,Customer Support,Marketing Executive,Bangalore,Full-Time,M.Com,2019-09-23,148815,26,4.6,73.48,80,0,2,Needs Improvement,80.58,21,26,Promoted,Active
11764,Karthik Pillai,employee11764@company.com,Marketing,Operations Analyst,Chennai,Contract,B.Tech,2018-08-14,36349,45,6.2,94.39,60,9,3,Average,95.65,18,20,Not Promoted,Active
11765,Kavya Patel,employee11765@company.com,Sales,Financial Analyst,Pune,Full-Time,B.Tech,2019-03-23,57768,45,12.9,98.36,56,11,2,Needs Improvement,47.73,25,15,Not Promoted,Active
11766,Sneha Reddy,employee11766@company.com,Customer Support,Software Engineer,Delhi,Full-Time,B.E,2023-03-26,131572,51,4.7,70.94,51,3,3,Average,50.23,19,27,Not Promoted,Active
11767,Sneha Patel,employee11767@company.com,HR,Sales Executive,Bangalore,Contract,MCA,2022-02-08,120168,34,4.1,97.31,87,6,4,Good,51.24,35,21,Not Promoted,Active
11768,Kavya Verma,employee11768@company.com,Operations,Senior Software Engineer,Chennai,Full-Time,MBA,2024-02-29,87985,37,12.8,81.42,84,3,3,Average,63.76,17,29,Not Promoted,Active
11769,Arun Joshi,employee11769@company.com,HR,Support Associate,Mumbai,Full-Time,B.Tech,2019-11-06,32611,36,15.9,76.41,47,15,3,Average,83.42,13,25,Not Promoted,Active
11770,Sneha Menon,employee11770@company.com,Finance,Financial Analyst,Hyderabad,Full-Time,B.E,2021-08-13,44012,48,1.8,73.07,78,13,3,Average,86.97,19,6,Promoted,Active
11771,Karthik Sharma,employee11771@company.com,Marketing,Software Engineer,Chennai,Contract,MCA,2025-05-05,113054,29,8.3,93.15,10,15,3,Average,91.32,23,27,Promoted,Active
11772,Kavya Das,employee11772@company.com,IT,Project Manager,Coimbatore,Part-Time,MCA,2023-08-26,133691,22,11.1,84.07,100,8,4,Good,63.25,30,6,Not Promoted,Active
11773,Vijay Reddy,employee11773@company.com,Marketing,Operations Analyst,Delhi,Part-Time,M.Com,2021-11-02,74725,24,12.3,94.97,29,14,5,Excellent,87.26,35,19,Not Promoted,Inactive
11774,Divya Verma,employee11774@company.com,Finance,Senior Software Engineer,Mumbai,Contract,MCA,2025-04-19,26548,40,17.9,76.78,59,7,5,Excellent,52.65,14,0,Not Promoted,Inactive
11775,Meena Verma,employee11775@company.com,Finance,HR Executive,Bangalore,Full-Time,B.Com,2020-11-09,115297,26,12.4,90.36,17,4,4,Good,45.65,6,7,Not Promoted,Active
11776,Ajay Menon,employee11776@company.com,Operations,Data Analyst,Coimbatore,Full-Time,M.Com,2024-10-23,38988,21,11.4,73.54,91,14,3,Average,90.15,22,25,Not Promoted,Active
11777,Rahul Rao,employee11777@company.com,Finance,Data Analyst,Chennai,Full-Time,M.Com,2021-06-21,119729,23,17.8,72.69,76,0,4,Good,91.51,28,0,Not Promoted,Active
11778,Aakash Das,employee11778@company.com,HR,Senior Software Engineer,Mumbai,Full-Time,B.Com,2021-06-21,86186,23,1.6,74.0,73,12,3,Average,85.44,40,11,Not Promoted,Active
11779,Meena Pillai,employee11779@company.com,Operations,HR Executive,Bangalore,Full-Time,M.Sc,2019-01-27,39497,53,1.8,94.27,46,15,3,Average,61.83,3,29,Not Promoted,Active
11780,Suresh Verma,employee11780@company.com,Marketing,Data Analyst,Coimbatore,Full-Time,M.Sc,2019-12-25,96581,35,10.3,89.67,11,13,4,Good,105.29,30,16,Not Promoted,Active
11781,Kavya Nair,employee11781@company.com,Customer Support,Software Engineer,Coimbatore,Full-Time,M.Com,2025-08-15,44876,24,6.8,74.98,49,2,1,Needs Improvement,101.92,17,24,Promoted,Active
11782,Priya Pillai,employee11782@company.com,Marketing,Senior Software Engineer,Pune,Contract,B.Tech,2023-03-04,51819,35,2.2,81.54,39,7,5,Excellent,78.51,30,28,Promoted,Active
11783,Dinesh Verma,employee11783@company.com,IT,Senior Software Engineer,Hyderabad,Full-Time,M.Com,2021-07-09,115145,27,5.9,92.91,89,11,3,Average,109.29,35,25,Not Promoted,Active
11784,Swetha Nair,employee11784@company.com,Finance,Project Manager,Mumbai,Part-Time,B.Com,2024-03-17,32839,24,12.3,78.57,63,14,4,Good,64.41,17,30,Not Promoted,Active
11785,Divya Patel,employee11785@company.com,Finance,HR Executive,Coimbatore,Contract,B.E,2020-10-28,116732,23,15.9,97.64,18,6,4,Good,76.92,9,9,Not Promoted,Active
11786,Nisha Iyer,employee11786@company.com,Sales,Project Manager,Pune,Full-Time,BBA,2024-10-29,63457,43,2.2,97.44,86,7,5,Excellent,105.31,6,27,Promoted,Active
11787,Ravi Iyer,employee11787@company.com,Operations,HR Executive,Delhi,Full-Time,B.E,2018-01-14,141584,34,10.0,86.59,99,0,4,Good,75.04,37,18,Not Promoted,Active
11788,Rohan Verma,employee11788@company.com,Sales,Project Manager,Delhi,Full-Time,B.E,2024-08-31,142143,26,5.7,88.96,26,1,4,Good,75.62,27,8,Not Promoted,Active
11789,Rahul Sharma,employee11789@company.com,Operations,Senior Software Engineer,Bangalore,Full-Time,M.Sc,2019-10-04,133296,53,12.2,89.6,51,9,2,Needs Improvement,50.16,17,9,Not Promoted,Active
11790,Rohan Menon,employee11790@company.com,HR,Support Associate,Coimbatore,Full-Time,B.Com,2020-11-11,128720,29,10.1,77.75,79,14,4,Good,58.74,30,10,Promoted,Inactive
11791,Arun Pillai,employee11791@company.com,Operations,Support Associate,Coimbatore,Full-Time,B.Com,2018-08-13,86976,32,16.7,80.96,6,6,2,Needs Improvement,55.26,8,9,Not Promoted,Active
11792,Ajay Menon,employee11792@company.com,Marketing,Support Associate,Chennai,Full-Time,B.Tech,2024-04-01,35275,55,1.2,74.08,62,4,4,Good,81.74,15,29,Not Promoted,Active
11793,Arun Pillai,employee11793@company.com,IT,Senior Software Engineer,Coimbatore,Full-Time,B.Com,2025-07-21,63151,51,8.7,97.75,76,4,4,Good,65.7,39,27,Promoted,Active
11794,Anjali Mishra,employee11794@company.com,Customer Support,Data Analyst,Hyderabad,Full-Time,MCA,2021-03-03,59173,23,3.9,91.72,54,11,4,Good,50.01,24,29,Not Promoted,Active
11795,Ajay Pillai,employee11795@company.com,Operations,Operations Analyst,Bangalore,Full-Time,B.E,2022-03-24,104985,33,9.9,71.39,75,12,2,Needs Improvement,78.15,36,16,Not Promoted,Active
11796,Manoj Mishra,employee11796@company.com,Operations,Sales Executive,Mumbai,Full-Time,B.Com,2020-03-02,118800,33,15.4,86.48,90,9,2,Needs Improvement,88.5,29,6,Not Promoted,Inactive
11797,Manoj Joshi,employee11797@company.com,Operations,Operations Analyst,Coimbatore,Contract,MBA,2022-04-12,68612,54,16.4,80.29,96,8,4,Good,92.87,1,4,Not Promoted,Active
11798,Meena Patel,employee11798@company.com,IT,Support Associate,Hyderabad,Full-Time,M.Sc,2019-03-13,40960,41,7.5,94.46,30,0,2,Needs Improvement,99.44,4,27,Promoted,Active
11799,Kavya Menon,employee11799@company.com,Finance,Data Analyst,Coimbatore,Contract,M.Com,2020-12-10,29538,54,14.7,80.31,10,4,2,Needs Improvement,76.33,29,27,Not Promoted,Active
11800,Vijay Menon,employee11800@company.com,IT,Senior Software Engineer,Pune,Full-Time,B.Tech,2023-05-02,75338,48,5.4,89.32,16,6,1,Needs Improvement,70.39,18,19,Not Promoted,Active
11801,Kavya Gupta,employee11801@company.com,Engineering,Marketing Executive,Hyderabad,Full-Time,B.E,2023-08-02,53709,55,0.6,74.97,65,4,5,Excellent,89.47,13,26,Not Promoted,Active
11802,Rohan Kumar,employee11802@company.com,Engineering,Data Analyst,Pune,Full-Time,BBA,2019-08-04,27139,34,15.5,86.76,66,14,4,Good,45.87,26,11,Not Promoted,Active
11803,Aakash Nair,employee11803@company.com,Engineering,Marketing Executive,Bangalore,Full-Time,MCA,2023-06-26,60446,38,2.6,78.82,97,13,3,Average,86.18,29,4,Promoted,Active
11804,Karthik Menon,employee11804@company.com,Finance,Senior Software Engineer,Coimbatore,Part-Time,MCA,2019-11-18,61562,39,0.8,74.95,31,9,3,Average,71.37,13,29,Not Promoted,Active
11805,Sneha Menon,employee11805@company.com,Engineering,Software Engineer,Chennai,Contract,BBA,2018-12-31,44103,39,6.7,88.58,23,10,3,Average,74.44,30,0,Not Promoted,Active
11806,Sneha Patel,employee11806@company.com,Customer Support,HR Executive,Delhi,Full-Time,B.E,2018-09-26,72204,53,7.1,89.16,87,6,4,Good,64.26,35,9,Promoted,Active
11807,Kavya Nair,employee11807@company.com,Marketing,Sales Executive,Hyderabad,Full-Time,MCA,2022-09-13,49432,55,1.9,99.5,12,0,4,Good,53.27,38,6,Promoted,Active
11808,Sneha Nair,employee11808@company.com,IT,Operations Analyst,Chennai,Full-Time,MBA,2021-10-26,62370,40,14.7,90.07,21,4,3,Average,71.09,29,26,Not Promoted,Active
11809,Nisha Joshi,employee11809@company.com,Finance,Project Manager,Chennai,Full-Time,B.Tech,2022-04-25,100954,49,7.6,85.47,18,13,3,Average,65.03,37,11,Not Promoted,Active
11810,Arun Reddy,employee11810@company.com,Marketing,Project Manager,Delhi,Full-Time,M.Sc,2018-03-19,135519,28,9.1,97.38,52,13,2,Needs Improvement,107.41,10,1,Promoted,Active
11811,Swetha Reddy,employee11811@company.com,Marketing,HR Executive,Hyderabad,Full-Time,M.Com,2018-07-08,127754,45,5.1,94.85,93,5,4,Good,106.33,16,29,Not Promoted,Active
11812,Dinesh Sharma,employee11812@company.com,Finance,Data Analyst,Coimbatore,Full-Time,B.Tech,2022-06-19,121135,37,9.5,86.46,38,5,4,Good,86.85,9,27,Not Promoted,Active
11813,Meena Singh,employee11813@company.com,Engineering,Project Manager,Hyderabad,Full-Time,B.Tech,2021-08-18,102096,21,13.9,85.34,20,3,3,Average,103.74,15,8,Not Promoted,Active
11814,Priya Verma,employee11814@company.com,Finance,Financial Analyst,Chennai,Contract,M.Sc,2025-06-11,45341,50,16.4,98.26,86,12,1,Needs Improvement,93.83,10,4,Promoted,Active
11815,Kavya Joshi,employee11815@company.com,HR,Project Manager,Mumbai,Full-Time,BBA,2024-08-02,104382,48,17.5,88.51,15,4,2,Needs Improvement,67.48,38,4,Promoted,Active
11816,Suresh Das,employee11816@company.com,Marketing,Senior Software Engineer,Mumbai,Full-Time,B.E,2020-08-16,31069,53,8.0,91.41,6,7,5,Excellent,84.25,27,30,Promoted,Active
11817,Pooja Reddy,employee11817@company.com,Finance,HR Executive,Hyderabad,Full-Time,BBA,2024-07-11,99215,33,17.8,72.6,83,5,3,Average,59.32,20,13,Not Promoted,Active
11818,Sneha Rao,employee11818@company.com,Marketing,Sales Executive,Chennai,Full-Time,B.Com,2020-06-21,38293,44,5.7,91.55,77,0,4,Good,89.67,27,18,Not Promoted,Active
11819,Dinesh Patel,employee11819@company.com,Engineering,HR Executive,Chennai,Full-Time,M.Com,2018-12-07,123582,42,0.6,77.94,25,4,4,Good,47.91,22,25,Not Promoted,Active
11820,Sneha Mishra,employee11820@company.com,IT,Sales Executive,Bangalore,Full-Time,B.Tech,2025-11-21,125895,33,13.9,73.47,85,14,3,Average,99.04,0,17,Not Promoted,Inactive
11821,Kavya Joshi,employee11821@company.com,Customer Support,Financial Analyst,Chennai,Full-Time,MBA,2025-02-27,148529,32,3.6,95.49,99,11,3,Average,82.91,12,7,Not Promoted,Active
11822,Priya Rao,employee11822@company.com,Sales,Project Manager,Delhi,Full-Time,M.Sc,2023-10-21,52554,27,1.4,90.74,89,6,2,Needs Improvement,48.8,7,30,Not Promoted,Active
11823,Pooja Rao,employee11823@company.com,Engineering,HR Executive,Mumbai,Full-Time,B.E,2020-12-01,123658,49,16.7,82.23,75,15,4,Good,101.66,18,28,Promoted,Active
11824,Rohan Kumar,employee11824@company.com,Sales,Marketing Executive,Bangalore,Full-Time,B.Com,2019-02-15,138982,49,14.4,82.94,30,11,4,Good,102.05,23,24,Not Promoted,Active
11825,Priya Reddy,employee11825@company.com,Operations,Support Associate,Coimbatore,Full-Time,B.Com,2020-06-16,109162,46,2.3,75.91,67,7,4,Good,100.43,39,2,Promoted,Active
11826,Aakash Kumar,employee11826@company.com,Finance,Financial Analyst,Delhi,Full-Time,B.E,2025-11-25,62667,47,14.1,70.29,39,13,4,Good,95.33,36,27,Promoted,Active
11827,Priya Patel,employee11827@company.com,Finance,Data Analyst,Coimbatore,Full-Time,B.Tech,2019-10-06,129540,44,15.3,80.48,26,3,2,Needs Improvement,89.07,24,13,Not Promoted,Inactive
11828,Karthik Patel,employee11828@company.com,Engineering,Marketing Executive,Mumbai,Full-Time,M.Sc,2018-01-21,76632,51,16.3,74.45,8,1,5,Excellent,70.8,25,10,Promoted,Active
11829,Arun Singh,employee11829@company.com,Marketing,Sales Executive,Delhi,Contract,MCA,2019-11-09,123861,27,10.0,82.65,75,3,4,Good,53.86,26,28,Not Promoted,Active
11830,Sneha Kumar,employee11830@company.com,Engineering,HR Executive,Pune,Full-Time,BBA,2021-01-04,71106,37,12.8,95.01,92,5,3,Average,63.77,31,7,Promoted,Active
11831,Manoj Sharma,employee11831@company.com,Operations,Sales Executive,Hyderabad,Full-Time,B.E,2025-04-04,94022,53,13.8,73.44,91,5,5,Excellent,67.56,2,21,Not Promoted,Active
11832,Arun Iyer,employee11832@company.com,Engineering,Sales Executive,Pune,Full-Time,MCA,2018-03-29,107081,54,12.6,72.75,15,5,4,Good,68.27,40,11,Not Promoted,Active
11833,Ajay Patel,employee11833@company.com,Finance,Financial Analyst,Hyderabad,Full-Time,B.Com,2022-06-06,113164,38,11.8,97.06,71,0,4,Good,81.76,8,10,Not Promoted,Inactive
11834,Divya Nair,employee11834@company.com,Engineering,Marketing Executive,Mumbai,Full-Time,B.Com,2023-08-27,140386,25,10.1,92.35,12,10,4,Good,58.54,0,8,Promoted,Inactive
11835,Sneha Reddy,employee11835@company.com,Marketing,HR Executive,Mumbai,Contract,MBA,2025-11-11,133469,21,8.9,71.59,77,6,4,Good,57.33,17,25,Not Promoted,Active
11836,Karthik Menon,employee11836@company.com,Finance,Project Manager,Pune,Full-Time,MBA,2024-08-27,94080,27,17.9,72.39,59,6,4,Good,91.6,2,3,Not Promoted,Active
11837,Divya Rao,employee11837@company.com,Marketing,Software Engineer,Delhi,Part-Time,B.Com,2022-05-08,110697,54,6.4,90.55,78,12,2,Needs Improvement,45.49,13,18,Not Promoted,Active
11838,Priya Iyer,employee11838@company.com,Engineering,Operations Analyst,Coimbatore,Full-Time,MBA,2025-05-11,59973,23,2.0,81.11,59,4,3,Average,54.72,31,6,Not Promoted,Active
11839,Meena Gupta,employee11839@company.com,Finance,Operations Analyst,Hyderabad,Full-Time,MBA,2021-03-15,140179,55,13.9,91.73,8,12,5,Excellent,73.27,3,16,Not Promoted,Active
11840,Pooja Nair,employee11840@company.com,HR,Financial Analyst,Hyderabad,Full-Time,MBA,2024-11-05,43376,32,4.2,82.13,52,11,3,Average,54.69,36,30,Not Promoted,Active
11841,Priya Kumar,employee11841@company.com,Customer Support,Data Analyst,Bangalore,Full-Time,B.Com,2025-11-03,75184,35,9.8,99.03,31,3,3,Average,107.39,20,15,Not Promoted,Active
11842,Dinesh Verma,employee11842@company.com,Marketing,Senior Software Engineer,Chennai,Full-Time,B.Tech,2021-11-17,110203,24,2.2,90.83,85,11,3,Average,88.56,26,18,Not Promoted,Active
11843,Swetha Pillai,employee11843@company.com,Customer Support,Software Engineer,Delhi,Full-Time,B.Tech,2018-11-06,85854,53,11.3,71.4,54,15,3,Average,73.13,4,22,Not Promoted,Inactive
11844,Kavya Iyer,employee11844@company.com,HR,HR Executive,Delhi,Full-Time,M.Sc,2019-05-07,112936,36,17.0,79.92,24,15,4,Good,52.3,2,11,Not Promoted,Active
11845,Manoj Kumar,employee11845@company.com,HR,Operations Analyst,Bangalore,Full-Time,M.Com,2020-01-30,95455,49,13.1,86.91,40,10,5,Excellent,70.04,21,6,Promoted,Active
11846,Manoj Joshi,employee11846@company.com,HR,Data Analyst,Mumbai,Full-Time,MBA,2018-01-01,136270,26,4.3,74.26,25,2,3,Average,87.29,19,24,Not Promoted,Active
11847,Ajay Kumar,employee11847@company.com,HR,Senior Software Engineer,Pune,Full-Time,B.Tech,2023-09-20,80126,43,17.5,70.08,28,10,2,Needs Improvement,107.97,40,13,Not Promoted,Inactive
11848,Nisha Iyer,employee11848@company.com,IT,Marketing Executive,Delhi,Full-Time,M.Com,2019-11-03,148665,33,5.9,72.38,81,10,3,Average,75.72,1,25,Not Promoted,Active
11849,Kavya Joshi,employee11849@company.com,Customer Support,HR Executive,Hyderabad,Full-Time,B.E,2018-07-31,141521,21,8.1,85.73,35,10,5,Excellent,90.01,0,30,Not Promoted,Active
11850,Swetha Iyer,employee11850@company.com,Engineering,Sales Executive,Bangalore,Contract,MBA,2021-09-18,124295,32,9.2,88.97,83,12,4,Good,57.7,22,24,Not Promoted,Active
11851,Anjali Kumar,employee11851@company.com,Operations,Data Analyst,Pune,Part-Time,B.Tech,2023-05-20,102934,47,17.8,72.79,96,12,3,Average,85.54,24,10,Not Promoted,Active
11852,Arun Verma,employee11852@company.com,Engineering,HR Executive,Coimbatore,Full-Time,B.Tech,2018-10-31,113904,45,1.7,89.95,83,7,4,Good,60.54,25,10,Not Promoted,Active
11853,Karthik Iyer,employee11853@company.com,Engineering,Software Engineer,Pune,Full-Time,MCA,2019-11-22,47730,42,12.7,88.51,2,10,5,Excellent,57.88,2,6,Not Promoted,Active
11854,Ajay Mishra,employee11854@company.com,Customer Support,Sales Executive,Delhi,Part-Time,B.Tech,2022-11-17,43167,54,6.8,98.2,58,15,4,Good,78.1,30,10,Promoted,Active
11855,Ajay Pillai,employee11855@company.com,Engineering,Software Engineer,Chennai,Full-Time,MCA,2023-01-08,79336,38,1.9,95.22,33,12,5,Excellent,58.76,26,29,Not Promoted,Active
11856,Arun Verma,employee11856@company.com,Sales,Support Associate,Hyderabad,Part-Time,M.Com,2019-09-08,88178,36,16.9,98.3,5,7,3,Average,91.89,12,2,Not Promoted,Active
11857,Dinesh Rao,employee11857@company.com,IT,Operations Analyst,Pune,Full-Time,MCA,2019-06-07,42568,49,10.8,98.98,30,2,4,Good,105.93,32,14,Not Promoted,Active
11858,Suresh Gupta,employee11858@company.com,Engineering,Senior Software Engineer,Coimbatore,Full-Time,B.E,2023-09-04,124972,50,13.7,83.22,98,10,3,Average,70.58,24,2,Not Promoted,Active
11859,Nisha Patel,employee11859@company.com,Finance,Data Analyst,Hyderabad,Full-Time,BBA,2020-03-18,97369,50,4.7,84.64,31,10,4,Good,65.96,15,29,Promoted,Active
11860,Rohan Singh,employee11860@company.com,Engineering,Sales Executive,Delhi,Full-Time,M.Sc,2018-01-25,96360,40,13.8,78.45,41,4,4,Good,56.43,37,20,Promoted,Active
11861,Rahul Kumar,employee11861@company.com,Finance,Operations Analyst,Bangalore,Full-Time,BBA,2025-03-28,84657,42,15.0,85.25,56,7,4,Good,70.38,25,8,Not Promoted,Active
11862,Swetha Nair,employee11862@company.com,Operations,Financial Analyst,Coimbatore,Full-Time,MBA,2022-11-12,25571,54,8.0,74.52,72,9,4,Good,81.38,17,16,Not Promoted,Active
11863,Nisha Verma,employee11863@company.com,Sales,Software Engineer,Pune,Full-Time,B.Tech,2018-04-18,62068,24,10.5,90.14,45,9,3,Average,69.24,16,16,Not Promoted,Active
11864,Arun Sharma,employee11864@company.com,Sales,Support Associate,Coimbatore,Full-Time,M.Sc,2021-09-15,45122,51,17.5,70.75,90,13,4,Good,85.5,24,24,Promoted,Active
11865,Arun Das,employee11865@company.com,Sales,Software Engineer,Delhi,Full-Time,B.Com,2018-06-29,25583,34,15.3,77.07,87,5,5,Excellent,88.06,25,11,Not Promoted,Active
11866,Karthik Das,employee11866@company.com,HR,HR Executive,Pune,Full-Time,MBA,2020-05-30,147011,28,8.3,76.24,55,1,5,Excellent,51.36,17,6,Not Promoted,Inactive
11867,Priya Verma,employee11867@company.com,IT,Marketing Executive,Coimbatore,Full-Time,B.Com,2023-12-19,148187,25,12.1,98.14,49,0,2,Needs Improvement,90.36,0,10,Not Promoted,Active
11868,Anjali Das,employee11868@company.com,Engineering,Support Associate,Bangalore,Full-Time,M.Sc,2023-01-05,86889,28,14.2,74.35,85,6,3,Average,103.52,6,28,Not Promoted,Active
11869,Nisha Verma,employee11869@company.com,Finance,Support Associate,Coimbatore,Full-Time,M.Com,2019-08-26,82405,31,0.9,96.72,29,1,2,Needs Improvement,46.71,29,13,Promoted,Active
11870,Rohan Das,employee11870@company.com,IT,Senior Software Engineer,Hyderabad,Full-Time,B.Tech,2025-09-01,147228,49,10.8,73.73,35,9,4,Good,80.84,32,19,Not Promoted,Active
11871,Anjali Kumar,employee11871@company.com,IT,Data Analyst,Hyderabad,Full-Time,MBA,2025-09-07,46963,41,17.7,89.52,25,9,4,Good,84.25,24,30,Not Promoted,Active
11872,Karthik Kumar,employee11872@company.com,IT,Financial Analyst,Pune,Full-Time,MBA,2018-06-17,127874,33,17.1,79.6,49,3,3,Average,91.14,24,0,Not Promoted,Active
11873,Ravi Mishra,employee11873@company.com,Sales,Financial Analyst,Delhi,Full-Time,B.Tech,2018-08-11,106276,39,15.1,79.48,1,10,4,Good,70.07,26,5,Promoted,Active
11874,Dinesh Singh,employee11874@company.com,Operations,Senior Software Engineer,Bangalore,Full-Time,M.Sc,2019-04-14,53364,23,2.4,99.95,6,5,4,Good,98.22,34,24,Not Promoted,Active
11875,Rahul Reddy,employee11875@company.com,Operations,Software Engineer,Mumbai,Full-Time,B.E,2018-10-05,96227,54,17.9,76.78,26,12,4,Good,80.09,17,21,Not Promoted,Active
11876,Arun Gupta,employee11876@company.com,Sales,Project Manager,Hyderabad,Full-Time,M.Com,2024-02-16,100861,39,11.2,76.08,79,6,4,Good,71.58,29,20,Not Promoted,Inactive
11877,Karthik Iyer,employee11877@company.com,Finance,Operations Analyst,Coimbatore,Full-Time,B.Tech,2025-01-22,141647,52,4.4,87.68,48,6,4,Good,91.75,13,30,Promoted,Active
11878,Rahul Rao,employee11878@company.com,Finance,Project Manager,Mumbai,Part-Time,BBA,2022-03-30,138806,34,12.3,92.22,45,6,4,Good,105.28,34,16,Not Promoted,Active
11879,Arun Singh,employee11879@company.com,Finance,HR Executive,Coimbatore,Full-Time,BBA,2023-07-14,114950,27,15.5,99.48,92,3,3,Average,97.78,33,24,Not Promoted,Active
11880,Anjali Iyer,employee11880@company.com,Engineering,Financial Analyst,Pune,Full-Time,MCA,2022-11-14,30126,40,2.5,91.04,84,10,4,Good,105.49,19,8,Not Promoted,Active
11881,Arun Kumar,employee11881@company.com,Operations,Data Analyst,Mumbai,Full-Time,MBA,2019-09-13,117144,52,16.5,86.86,25,9,4,Good,62.29,14,0,Not Promoted,Active
11882,Ravi Singh,employee11882@company.com,Engineering,Marketing Executive,Delhi,Full-Time,B.E,2021-04-28,28762,51,16.6,82.27,81,9,5,Excellent,52.7,6,11,Not Promoted,Active
11883,Ajay Reddy,employee11883@company.com,Operations,Software Engineer,Coimbatore,Full-Time,MBA,2018-08-06,27786,42,0.7,87.85,64,11,4,Good,79.73,12,19,Promoted,Active
11884,Nisha Nair,employee11884@company.com,IT,Data Analyst,Delhi,Full-Time,B.Com,2021-08-27,92078,25,16.3,88.03,1,12,4,Good,47.89,35,27,Promoted,Active
11885,Rohan Pillai,employee11885@company.com,Sales,Data Analyst,Coimbatore,Full-Time,MBA,2024-04-02,141363,51,17.1,76.53,77,11,3,Average,88.85,39,16,Not Promoted,Active
11886,Dinesh Rao,employee11886@company.com,HR,Sales Executive,Mumbai,Full-Time,BBA,2018-06-17,103349,35,1.2,90.14,78,11,3,Average,60.6,33,25,Not Promoted,Active
11887,Aakash Kumar,employee11887@company.com,IT,Support Associate,Delhi,Full-Time,M.Com,2025-09-28,41417,37,5.6,76.13,63,5,1,Needs Improvement,74.53,12,3,Promoted,Active
11888,Suresh Gupta,employee11888@company.com,Marketing,Operations Analyst,Hyderabad,Full-Time,B.Tech,2024-02-19,86305,39,7.0,84.7,63,2,3,Average,87.61,3,22,Not Promoted,Active
11889,Priya Joshi,employee11889@company.com,Engineering,Support Associate,Pune,Contract,MBA,2024-04-08,41294,30,6.6,77.8,99,7,4,Good,76.4,12,7,Not Promoted,Active
11890,Swetha Rao,employee11890@company.com,Operations,Data Analyst,Mumbai,Full-Time,BBA,2021-03-31,93335,54,13.8,79.38,87,0,5,Excellent,60.34,12,18,Not Promoted,Active
11891,Divya Rao,employee11891@company.com,IT,Senior Software Engineer,Coimbatore,Full-Time,MCA,2021-09-24,147184,45,6.8,88.42,59,13,2,Needs Improvement,102.22,22,18,Not Promoted,Active
11892,Swetha Das,employee11892@company.com,Sales,Project Manager,Hyderabad,Full-Time,B.Com,2025-10-09,108775,48,17.2,71.93,88,14,3,Average,94.69,28,25,Not Promoted,Active
11893,Rohan Pillai,employee11893@company.com,Marketing,Sales Executive,Coimbatore,Part-Time,BBA,2024-11-07,135176,35,17.9,70.36,8,12,4,Good,84.07,32,4,Not Promoted,Active
11894,Priya Sharma,employee11894@company.com,Customer Support,Support Associate,Mumbai,Contract,B.Com,2024-02-19,97459,40,6.0,73.92,14,7,3,Average,90.41,22,10,Not Promoted,Active
11895,Arun Sharma,employee11895@company.com,Engineering,HR Executive,Coimbatore,Full-Time,B.Tech,2021-11-26,125989,33,9.4,75.06,36,4,4,Good,72.0,2,5,Not Promoted,Active
11896,Divya Verma,employee11896@company.com,IT,Marketing Executive,Hyderabad,Full-Time,B.Com,2024-09-05,75209,40,10.3,75.94,5,7,4,Good,69.43,31,12,Not Promoted,Active
11897,Rahul Nair,employee11897@company.com,Sales,Marketing Executive,Delhi,Full-Time,M.Sc,2025-04-02,31938,51,10.6,93.22,42,11,4,Good,55.41,2,18,Not Promoted,Inactive
11898,Ajay Mishra,employee11898@company.com,Sales,Operations Analyst,Delhi,Full-Time,B.Tech,2020-12-01,111421,38,7.0,83.41,44,3,3,Average,97.23,11,5,Promoted,Active
11899,Swetha Gupta,employee11899@company.com,Operations,HR Executive,Pune,Full-Time,M.Com,2018-04-03,120249,48,3.4,84.1,75,15,3,Average,69.77,3,25,Not Promoted,Active
11900,Pooja Iyer,employee11900@company.com,HR,Support Associate,Coimbatore,Full-Time,B.Tech,2021-05-23,147285,24,1.5,89.33,90,15,4,Good,90.0,32,27,Not Promoted,Active
11901,Meena Kumar,employee11901@company.com,IT,Support Associate,Delhi,Full-Time,BBA,2024-07-24,129875,44,2.4,91.87,70,1,4,Good,64.5,31,22,Not Promoted,Active
11902,Anjali Singh,employee11902@company.com,Sales,Data Analyst,Bangalore,Full-Time,B.E,2019-05-28,68921,29,16.3,70.11,27,3,1,Needs Improvement,96.74,16,12,Not Promoted,Inactive
11903,Ravi Rao,employee11903@company.com,Engineering,Support Associate,Hyderabad,Full-Time,B.Com,2018-04-16,29388,52,5.4,95.7,51,10,4,Good,51.84,8,5,Promoted,Active
11904,Karthik Gupta,employee11904@company.com,Finance,HR Executive,Hyderabad,Full-Time,B.Com,2021-06-09,96558,52,1.8,99.65,75,7,1,Needs Improvement,85.63,4,15,Not Promoted,Active
11905,Arun Sharma,employee11905@company.com,Sales,Marketing Executive,Mumbai,Full-Time,MCA,2025-07-27,93163,41,11.4,73.65,34,9,4,Good,97.49,20,21,Not Promoted,Active
11906,Swetha Pillai,employee11906@company.com,HR,Data Analyst,Pune,Full-Time,BBA,2021-04-15,143508,47,1.8,89.53,65,0,3,Average,87.92,2,28,Promoted,Active
11907,Dinesh Rao,employee11907@company.com,Sales,Software Engineer,Chennai,Full-Time,MBA,2022-08-30,32247,28,1.7,70.07,25,10,5,Excellent,90.25,38,17,Not Promoted,Active
11908,Divya Rao,employee11908@company.com,Operations,HR Executive,Delhi,Full-Time,B.E,2021-08-10,134653,39,11.4,71.47,19,12,3,Average,79.19,2,28,Not Promoted,Active
11909,Vijay Kumar,employee11909@company.com,Customer Support,Senior Software Engineer,Chennai,Full-Time,M.Sc,2025-10-06,94179,49,10.8,78.55,88,4,3,Average,81.34,36,10,Not Promoted,Active
11910,Vijay Singh,employee11910@company.com,IT,Support Associate,Bangalore,Full-Time,MBA,2023-02-19,47575,39,1.2,95.39,61,10,2,Needs Improvement,49.28,34,19,Not Promoted,Active
11911,Dinesh Patel,employee11911@company.com,Operations,Marketing Executive,Pune,Full-Time,B.Tech,2022-03-24,45146,25,8.6,89.58,84,5,3,Average,61.3,32,16,Not Promoted,Active
11912,Swetha Sharma,employee11912@company.com,IT,Project Manager,Hyderabad,Contract,M.Com,2021-05-20,47371,42,8.1,83.37,0,3,5,Excellent,91.93,2,9,Not Promoted,Active
11913,Sneha Das,employee11913@company.com,Marketing,Support Associate,Chennai,Contract,MCA,2025-11-10,117243,55,10.1,83.16,91,3,5,Excellent,106.45,17,15,Not Promoted,Active
11914,Kavya Mishra,employee11914@company.com,IT,Senior Software Engineer,Bangalore,Full-Time,B.Com,2020-07-05,132102,30,13.4,83.98,52,3,3,Average,80.22,2,28,Not Promoted,Active
11915,Karthik Verma,employee11915@company.com,Marketing,Marketing Executive,Pune,Full-Time,M.Sc,2022-11-04,76507,35,5.4,79.33,76,12,3,Average,92.16,28,4,Promoted,Active
11916,Arun Menon,employee11916@company.com,Operations,Operations Analyst,Bangalore,Full-Time,BBA,2020-12-12,51875,22,8.1,96.33,29,2,4,Good,89.43,36,28,Not Promoted,Active
11917,Nisha Singh,employee11917@company.com,Finance,Support Associate,Delhi,Contract,M.Sc,2021-06-10,38792,42,14.4,87.04,59,15,5,Excellent,109.96,4,28,Not Promoted,Active
11918,Manoj Patel,employee11918@company.com,Engineering,Data Analyst,Chennai,Full-Time,M.Com,2025-12-11,119028,55,16.6,84.52,9,11,4,Good,96.68,8,9,Not Promoted,Active
11919,Karthik Nair,employee11919@company.com,HR,Sales Executive,Mumbai,Full-Time,B.Tech,2025-06-23,135771,39,16.1,83.95,21,13,3,Average,85.8,11,2,Not Promoted,Active
11920,Arun Mishra,employee11920@company.com,Finance,HR Executive,Mumbai,Full-Time,B.Tech,2022-03-22,73723,32,8.9,98.07,28,9,3,Average,52.49,15,18,Not Promoted,Active
11921,Aakash Menon,employee11921@company.com,Engineering,Senior Software Engineer,Pune,Full-Time,B.E,2020-08-08,108253,54,9.6,91.71,68,4,4,Good,68.57,26,3,Not Promoted,Active
11922,Ravi Gupta,employee11922@company.com,Marketing,Support Associate,Bangalore,Full-Time,MBA,2023-09-23,110928,40,9.8,74.34,7,14,1,Needs Improvement,61.3,8,11,Promoted,Active
11923,Vijay Joshi,employee11923@company.com,Sales,Software Engineer,Hyderabad,Full-Time,B.Com,2025-04-04,109393,27,15.7,83.11,52,5,4,Good,100.49,21,24,Not Promoted,Active
11924,Rahul Patel,employee11924@company.com,Sales,Project Manager,Chennai,Full-Time,M.Sc,2022-09-28,96679,44,15.2,78.65,10,2,3,Average,74.0,16,26,Promoted,Active
11925,Dinesh Singh,employee11925@company.com,Finance,Marketing Executive,Mumbai,Full-Time,BBA,2022-03-20,85901,23,6.0,99.61,25,13,4,Good,79.79,0,21,Not Promoted,Active
11926,Manoj Kumar,employee11926@company.com,Sales,Senior Software Engineer,Mumbai,Contract,BBA,2025-05-04,127037,26,3.3,82.46,18,10,2,Needs Improvement,107.71,2,9,Promoted,Active
11927,Suresh Pillai,employee11927@company.com,Marketing,HR Executive,Bangalore,Contract,B.Com,2018-04-02,43470,53,7.1,72.04,18,10,4,Good,99.38,4,10,Not Promoted,Inactive
11928,Sneha Menon,employee11928@company.com,Operations,Support Associate,Mumbai,Full-Time,M.Sc,2020-01-29,44734,54,5.5,82.34,29,2,3,Average,96.34,21,7,Promoted,Active
11929,Meena Menon,employee11929@company.com,HR,Software Engineer,Coimbatore,Full-Time,M.Com,2020-01-01,38103,53,17.1,79.64,35,8,4,Good,54.24,0,26,Not Promoted,Active
11930,Dinesh Kumar,employee11930@company.com,Customer Support,Marketing Executive,Bangalore,Part-Time,B.E,2020-08-11,72728,49,5.2,87.99,41,1,2,Needs Improvement,46.48,3,11,Not Promoted,Active
11931,Ajay Patel,employee11931@company.com,IT,HR Executive,Chennai,Part-Time,MCA,2022-01-01,115487,43,3.7,76.78,55,5,4,Good,53.16,21,13,Not Promoted,Active
11932,Divya Gupta,employee11932@company.com,Marketing,Marketing Executive,Bangalore,Full-Time,B.Tech,2018-12-03,92488,24,16.2,71.08,8,7,4,Good,93.12,23,20,Not Promoted,Inactive
11933,Divya Menon,employee11933@company.com,Engineering,HR Executive,Mumbai,Full-Time,B.E,2021-08-10,61478,25,2.0,72.88,6,7,4,Good,71.7,31,28,Not Promoted,Active
11934,Kavya Joshi,employee11934@company.com,Customer Support,Support Associate,Bangalore,Full-Time,B.Com,2019-12-01,149968,54,5.1,78.49,17,0,4,Good,52.64,1,21,Not Promoted,Active
11935,Nisha Das,employee11935@company.com,Marketing,Sales Executive,Mumbai,Full-Time,MCA,2020-07-13,75845,36,8.2,80.45,8,13,4,Good,93.04,35,2,Not Promoted,Active
11936,Ajay Sharma,employee11936@company.com,IT,Financial Analyst,Delhi,Full-Time,MBA,2025-06-20,137333,23,10.9,95.03,5,11,4,Good,57.65,4,26,Promoted,Active
11937,Arun Kumar,employee11937@company.com,IT,Data Analyst,Pune,Full-Time,M.Com,2024-04-30,55766,34,6.2,78.1,69,13,3,Average,83.29,6,10,Not Promoted,Active
11938,Aakash Iyer,employee11938@company.com,HR,Sales Executive,Mumbai,Full-Time,B.Tech,2023-11-23,69515,53,9.2,70.94,44,15,4,Good,93.2,35,26,Not Promoted,Active
11939,Divya Nair,employee11939@company.com,HR,Financial Analyst,Coimbatore,Full-Time,B.Tech,2023-07-10,70240,48,4.0,93.42,21,0,3,Average,84.52,39,6,Not Promoted,Inactive
11940,Karthik Menon,employee11940@company.com,HR,Support Associate,Coimbatore,Full-Time,B.Tech,2024-03-21,115183,35,10.5,96.07,80,7,2,Needs Improvement,109.59,7,27,Not Promoted,Active
11941,Ajay Sharma,employee11941@company.com,Sales,Support Associate,Coimbatore,Full-Time,MBA,2020-09-04,56288,24,7.6,84.77,78,0,2,Needs Improvement,73.22,35,26,Not Promoted,Active
11942,Kavya Sharma,employee11942@company.com,Engineering,Support Associate,Coimbatore,Part-Time,BBA,2018-04-25,92310,40,15.4,78.55,72,12,3,Average,65.27,11,14,Promoted,Active
11943,Arun Patel,employee11943@company.com,Engineering,Financial Analyst,Mumbai,Contract,B.Com,2021-06-12,140261,45,7.8,93.16,69,2,4,Good,58.08,27,10,Not Promoted,Active
11944,Ravi Patel,employee11944@company.com,Marketing,Software Engineer,Mumbai,Full-Time,B.Com,2021-07-21,146173,55,8.3,70.27,86,8,4,Good,77.75,1,24,Not Promoted,Active
11945,Karthik Nair,employee11945@company.com,Operations,Senior Software Engineer,Pune,Part-Time,B.E,2023-06-02,62432,42,10.9,97.72,80,2,4,Good,100.41,13,24,Not Promoted,Active
11946,Ravi Patel,employee11946@company.com,IT,Financial Analyst,Delhi,Full-Time,BBA,2025-08-08,95595,55,2.7,95.97,95,1,4,Good,106.55,18,6,Not Promoted,Active
11947,Rohan Sharma,employee11947@company.com,Marketing,Project Manager,Hyderabad,Full-Time,MCA,2018-02-03,145050,48,3.2,86.34,31,0,3,Average,108.18,20,18,Not Promoted,Active
11948,Arun Mishra,employee11948@company.com,Customer Support,Senior Software Engineer,Mumbai,Full-Time,M.Sc,2021-11-12,143754,30,14.3,78.33,100,12,2,Needs Improvement,79.54,29,15,Not Promoted,Inactive
11949,Rohan Verma,employee11949@company.com,Marketing,Project Manager,Hyderabad,Full-Time,B.E,2022-09-29,129775,36,5.3,70.99,66,12,3,Average,84.34,36,20,Promoted,Active
11950,Anjali Mishra,employee11950@company.com,Engineering,HR Executive,Chennai,Full-Time,B.Com,2024-11-14,47497,43,12.5,99.99,15,11,3,Average,82.8,20,25,Not Promoted,Active
11951,Ajay Mishra,employee11951@company.com,HR,Data Analyst,Delhi,Full-Time,B.Tech,2019-03-25,53283,39,2.2,92.86,1,0,2,Needs Improvement,75.29,27,24,Not Promoted,Active
11952,Vijay Gupta,employee11952@company.com,HR,Data Analyst,Bangalore,Full-Time,MBA,2025-11-16,137597,21,14.9,80.16,66,9,3,Average,54.9,32,26,Not Promoted,Active
11953,Anjali Pillai,employee11953@company.com,Marketing,Data Analyst,Hyderabad,Full-Time,B.Com,2021-05-22,66112,21,17.8,70.58,40,2,4,Good,49.25,6,24,Not Promoted,Active
11954,Meena Reddy,employee11954@company.com,Engineering,Operations Analyst,Coimbatore,Full-Time,BBA,2020-12-05,145062,46,7.0,89.18,50,5,4,Good,73.38,15,18,Not Promoted,Active
11955,Ajay Gupta,employee11955@company.com,Engineering,Financial Analyst,Delhi,Part-Time,BBA,2019-02-09,66688,54,9.3,99.61,13,6,5,Excellent,57.1,36,12,Not Promoted,Active
11956,Vijay Iyer,employee11956@company.com,Engineering,Software Engineer,Chennai,Full-Time,MBA,2018-11-29,137039,22,8.2,91.21,77,13,5,Excellent,102.63,24,20,Not Promoted,Active
11957,Ajay Singh,employee11957@company.com,HR,HR Executive,Delhi,Full-Time,M.Com,2023-07-31,101007,48,16.1,72.51,93,15,4,Good,94.51,37,16,Not Promoted,Inactive
11958,Ajay Joshi,employee11958@company.com,Engineering,Support Associate,Bangalore,Full-Time,B.Tech,2024-04-06,100280,40,0.7,82.07,48,5,3,Average,85.2,37,30,Not Promoted,Active
11959,Kavya Reddy,employee11959@company.com,Sales,Financial Analyst,Mumbai,Part-Time,M.Com,2021-07-01,94199,47,11.9,73.28,48,5,4,Good,48.08,29,13,Not Promoted,Active
11960,Nisha Das,employee11960@company.com,IT,Project Manager,Mumbai,Full-Time,B.Com,2018-08-16,85911,48,11.9,97.36,26,8,4,Good,85.45,16,22,Not Promoted,Active
11961,Karthik Joshi,employee11961@company.com,Customer Support,Project Manager,Coimbatore,Full-Time,B.E,2025-08-12,37463,51,7.2,79.91,80,3,2,Needs Improvement,85.37,15,1,Not Promoted,Active
11962,Divya Patel,employee11962@company.com,Engineering,Senior Software Engineer,Mumbai,Full-Time,B.Com,2018-06-15,106914,27,4.3,92.0,38,15,3,Average,73.55,3,25,Not Promoted,Active
11963,Priya Kumar,employee11963@company.com,Marketing,Support Associate,Pune,Full-Time,M.Com,2019-08-08,113614,28,4.7,72.54,72,4,4,Good,87.75,29,25,Promoted,Active
11964,Rohan Das,employee11964@company.com,IT,Operations Analyst,Pune,Full-Time,MBA,2020-01-07,63909,52,14.5,73.85,35,14,3,Average,100.76,19,21,Not Promoted,Active
11965,Aakash Gupta,employee11965@company.com,Sales,Project Manager,Pune,Full-Time,MCA,2022-03-15,145974,31,1.7,90.38,9,13,4,Good,94.27,34,9,Promoted,Active
11966,Divya Sharma,employee11966@company.com,Customer Support,Data Analyst,Coimbatore,Full-Time,MCA,2019-08-21,31160,46,10.4,95.3,92,0,4,Good,75.77,4,27,Promoted,Active
11967,Rohan Verma,employee11967@company.com,HR,Senior Software Engineer,Pune,Full-Time,B.Com,2019-08-16,135840,45,5.9,76.04,3,3,3,Average,62.05,13,5,Not Promoted,Active
11968,Anjali Menon,employee11968@company.com,Finance,Sales Executive,Chennai,Full-Time,M.Sc,2025-08-06,52682,27,5.1,82.55,84,9,3,Average,76.06,40,15,Not Promoted,Active
11969,Sneha Verma,employee11969@company.com,Sales,Marketing Executive,Coimbatore,Full-Time,B.E,2022-08-27,116111,40,9.4,88.58,100,5,3,Average,106.49,40,6,Not Promoted,Active
11970,Kavya Das,employee11970@company.com,Finance,Senior Software Engineer,Delhi,Full-Time,M.Com,2021-11-14,130446,50,16.2,93.89,1,6,1,Needs Improvement,98.3,39,18,Not Promoted,Active
11971,Rahul Pillai,employee11971@company.com,IT,Senior Software Engineer,Chennai,Contract,B.Com,2021-12-17,121401,21,11.3,88.85,78,10,1,Needs Improvement,46.76,27,23,Not Promoted,Active
11972,Priya Reddy,employee11972@company.com,Marketing,Project Manager,Mumbai,Full-Time,BBA,2020-07-13,46405,38,14.3,72.86,27,1,4,Good,95.89,9,20,Promoted,Active
11973,Manoj Patel,employee11973@company.com,Customer Support,Financial Analyst,Bangalore,Full-Time,M.Com,2019-10-11,113790,28,11.0,86.28,88,9,3,Average,56.09,29,9,Not Promoted,Active
11974,Anjali Pillai,employee11974@company.com,HR,Support Associate,Pune,Full-Time,M.Com,2022-08-15,64076,49,12.7,96.54,25,5,4,Good,82.12,31,19,Not Promoted,Active
11975,Rohan Verma,employee11975@company.com,Customer Support,Sales Executive,Delhi,Full-Time,B.Tech,2019-03-23,34326,42,8.1,96.04,72,2,3,Average,97.42,11,30,Not Promoted,Active
11976,Suresh Gupta,employee11976@company.com,Sales,Data Analyst,Bangalore,Full-Time,MCA,2018-04-07,62510,52,16.7,87.55,29,6,5,Excellent,81.48,15,26,Promoted,Active
11977,Nisha Gupta,employee11977@company.com,HR,Financial Analyst,Coimbatore,Full-Time,M.Sc,2024-08-23,110065,34,9.3,99.87,8,8,3,Average,71.25,25,14,Not Promoted,Active
11978,Rahul Nair,employee11978@company.com,Finance,HR Executive,Coimbatore,Full-Time,MCA,2025-06-10,49527,22,10.2,73.15,0,10,3,Average,65.88,34,30,Not Promoted,Active
11979,Karthik Verma,employee11979@company.com,Finance,Project Manager,Chennai,Full-Time,MBA,2022-08-31,126019,55,9.7,84.36,55,3,5,Excellent,64.83,40,11,Not Promoted,Active
11980,Kavya Nair,employee11980@company.com,Operations,Support Associate,Pune,Full-Time,BBA,2021-06-21,106622,27,6.0,93.25,55,7,4,Good,99.43,15,24,Not Promoted,Active
11981,Sneha Kumar,employee11981@company.com,Customer Support,Software Engineer,Coimbatore,Part-Time,M.Sc,2019-09-23,66313,23,4.5,74.23,75,9,3,Average,98.63,16,30,Promoted,Active
11982,Divya Singh,employee11982@company.com,Engineering,Data Analyst,Chennai,Full-Time,B.Tech,2025-07-18,46777,35,1.8,99.18,60,5,4,Good,98.52,22,8,Not Promoted,Active
11983,Rahul Das,employee11983@company.com,Marketing,Financial Analyst,Chennai,Full-Time,MCA,2019-05-18,87382,54,13.1,80.62,44,2,3,Average,63.38,21,17,Not Promoted,Active
11984,Rohan Reddy,employee11984@company.com,Engineering,Data Analyst,Hyderabad,Full-Time,M.Com,2018-10-15,67262,42,5.6,80.5,12,15,3,Average,96.93,20,16,Promoted,Active
11985,Meena Verma,employee11985@company.com,Finance,Support Associate,Delhi,Contract,BBA,2019-01-04,111002,38,7.3,76.4,13,12,2,Needs Improvement,47.38,33,18,Not Promoted,Inactive
11986,Ravi Menon,employee11986@company.com,Marketing,HR Executive,Chennai,Full-Time,B.E,2018-03-06,61499,38,16.6,78.64,9,2,2,Needs Improvement,58.42,4,9,Not Promoted,Active
11987,Arun Kumar,employee11987@company.com,Operations,HR Executive,Mumbai,Full-Time,B.E,2018-06-11,40390,54,10.4,87.33,16,2,4,Good,78.44,37,7,Not Promoted,Active
11988,Aakash Singh,employee11988@company.com,Sales,Data Analyst,Coimbatore,Full-Time,B.Tech,2025-03-29,70581,38,2.2,82.88,16,3,3,Average,71.44,30,19,Not Promoted,Active
11989,Nisha Mishra,employee11989@company.com,Operations,HR Executive,Chennai,Full-Time,B.E,2025-03-03,82853,49,14.5,75.8,30,13,3,Average,52.27,32,4,Not Promoted,Active
11990,Divya Menon,employee11990@company.com,Marketing,Financial Analyst,Pune,Full-Time,M.Com,2022-12-23,42921,32,5.0,94.27,45,1,4,Good,47.71,2,12,Not Promoted,Active
11991,Anjali Nair,employee11991@company.com,Finance,Data Analyst,Coimbatore,Part-Time,M.Sc,2019-10-24,65860,38,10.2,71.87,48,11,4,Good,84.73,18,20,Promoted,Active
11992,Karthik Reddy,employee11992@company.com,IT,Financial Analyst,Coimbatore,Contract,B.Com,2019-04-26,57945,51,9.4,95.04,89,11,2,Needs Improvement,65.38,17,26,Not Promoted,Active
11993,Kavya Pillai,employee11993@company.com,Marketing,HR Executive,Mumbai,Full-Time,M.Com,2022-07-15,43760,35,4.7,78.25,98,4,4,Good,46.04,27,1,Not Promoted,Active
11994,Divya Iyer,employee11994@company.com,HR,Operations Analyst,Chennai,Full-Time,BBA,2024-05-05,65506,50,2.5,84.88,99,11,2,Needs Improvement,73.01,14,0,Not Promoted,Active
11995,Swetha Reddy,employee11995@company.com,Engineering,Marketing Executive,Mumbai,Full-Time,MCA,2022-11-26,132296,48,4.2,81.43,74,13,4,Good,64.94,32,30,Not Promoted,Active
11996,Rahul Rao,employee11996@company.com,IT,Software Engineer,Chennai,Full-Time,BBA,2025-08-15,80983,35,2.2,87.12,79,7,4,Good,82.48,27,7,Not Promoted,Inactive
11997,Ajay Reddy,employee11997@company.com,Customer Support,Project Manager,Delhi,Full-Time,B.Com,2019-07-21,28243,53,5.3,93.88,92,11,5,Excellent,105.44,7,9,Promoted,Active
11998,Pooja Verma,employee11998@company.com,Marketing,Support Associate,Mumbai,Full-Time,BBA,2019-02-10,120627,22,18.0,99.68,17,12,2,Needs Improvement,65.01,39,27,Not Promoted,Active
11999,Nisha Verma,employee11999@company.com,HR,Software Engineer,Bangalore,Full-Time,B.E,2020-02-04,28666,28,7.5,79.18,74,6,2,Needs Improvement,109.81,29,4,Not Promoted,Inactive
12000,Pooja Pillai,employee12000@company.com,Engineering,Financial Analyst,Hyderabad,Full-Time,M.Sc,2023-04-25,107857,53,15.6,86.61,10,8,3,Average,50.59,0,17,Not Promoted,Active
12001,Ravi Menon,employee12001@company.com,Customer Support,Marketing Executive,Mumbai,Full-Time,MBA,2020-05-15,44411,55,10.1,83.98,72,11,3,Average,50.74,6,22,Not Promoted,Active
12002,Rohan Das,employee12002@company.com,Operations,Marketing Executive,Pune,Full-Time,MBA,2021-01-22,108940,38,12.2,99.97,88,2,3,Average,91.34,13,29,Not Promoted,Active
12003,Sneha Rao,employee12003@company.com,IT,Operations Analyst,Hyderabad,Full-Time,M.Com,2024-09-03,85126,46,3.2,94.27,54,3,5,Excellent,93.66,20,1,Not Promoted,Active
12004,Suresh Mishra,employee12004@company.com,Marketing,Sales Executive,Hyderabad,Full-Time,M.Com,2025-02-07,48586,41,5.3,81.91,95,14,3,Average,72.49,5,21,Not Promoted,Active
12005,Arun Verma,employee12005@company.com,Sales,Sales Executive,Chennai,Full-Time,B.E,2021-05-20,105168,48,9.4,84.31,97,7,3,Average,63.59,16,8,Not Promoted,Active
12006,Karthik Verma,employee12006@company.com,Operations,Financial Analyst,Mumbai,Part-Time,MBA,2020-01-12,135036,40,15.9,77.38,2,9,4,Good,96.61,13,15,Promoted,Active
12007,Arun Nair,employee12007@company.com,HR,Marketing Executive,Delhi,Part-Time,BBA,2025-03-18,92510,40,1.3,92.66,77,10,3,Average,107.16,6,19,Not Promoted,Inactive
12008,Ravi Patel,employee12008@company.com,Sales,Operations Analyst,Coimbatore,Full-Time,MBA,2025-12-31,83862,24,9.4,95.36,88,2,4,Good,109.34,14,20,Promoted,Active
12009,Priya Nair,employee12009@company.com,Finance,Project Manager,Hyderabad,Full-Time,M.Com,2023-01-06,134165,54,1.4,98.95,15,0,2,Needs Improvement,86.24,7,16,Not Promoted,Active
12010,Sneha Patel,employee12010@company.com,Operations,Project Manager,Pune,Full-Time,MCA,2018-02-12,26258,33,8.5,86.97,99,1,3,Average,93.11,9,15,Promoted,Active
12011,Pooja Das,employee12011@company.com,Engineering,Software Engineer,Delhi,Full-Time,MBA,2022-01-05,130356,51,11.5,90.12,8,9,1,Needs Improvement,98.45,28,28,Promoted,Active
12012,Priya Verma,employee12012@company.com,Operations,Data Analyst,Delhi,Full-Time,M.Com,2022-03-19,44494,27,13.5,83.38,67,9,2,Needs Improvement,96.93,40,0,Promoted,Active
12013,Anjali Sharma,employee12013@company.com,Engineering,Support Associate,Pune,Full-Time,B.Tech,2020-06-29,67202,37,2.9,88.27,44,7,5,Excellent,109.57,18,24,Not Promoted,Active
12014,Meena Menon,employee12014@company.com,Marketing,Operations Analyst,Coimbatore,Full-Time,BBA,2019-08-30,38528,32,3.4,80.46,1,11,2,Needs Improvement,97.68,1,4,Not Promoted,Active
12015,Kavya Joshi,employee12015@company.com,Marketing,Data Analyst,Pune,Full-Time,MBA,2021-11-19,109673,50,8.7,92.13,88,6,4,Good,88.07,7,27,Not Promoted,Active
12016,Vijay Das,employee12016@company.com,HR,HR Executive,Chennai,Full-Time,B.Com,2024-04-04,112714,54,18.0,70.68,21,3,3,Average,69.45,29,26,Not Promoted,Active
12017,Arun Verma,employee12017@company.com,Operations,Project Manager,Bangalore,Contract,M.Sc,2022-08-30,142363,42,6.7,70.85,68,7,3,Average,83.87,35,18,Promoted,Active
12018,Suresh Joshi,employee12018@company.com,Marketing,Financial Analyst,Coimbatore,Full-Time,B.E,2019-12-20,105544,41,8.0,91.48,48,2,5,Excellent,102.22,17,17,Not Promoted,Active
12019,Swetha Patel,employee12019@company.com,Finance,Operations Analyst,Mumbai,Contract,M.Sc,2025-08-21,102400,29,8.1,97.92,20,0,1,Needs Improvement,64.86,1,25,Not Promoted,Active
12020,Sneha Menon,employee12020@company.com,Engineering,Marketing Executive,Hyderabad,Contract,BBA,2024-09-17,123723,32,1.9,88.97,73,3,4,Good,46.99,4,22,Not Promoted,Active
12021,Pooja Kumar,employee12021@company.com,Customer Support,Senior Software Engineer,Mumbai,Full-Time,BBA,2018-08-02,132148,37,14.0,91.8,86,5,5,Excellent,66.27,12,19,Not Promoted,Active
12022,Divya Menon,employee12022@company.com,Customer Support,Senior Software Engineer,Delhi,Full-Time,M.Com,2025-12-03,93407,36,4.9,94.72,90,5,4,Good,107.41,39,2,Not Promoted,Active
12023,Swetha Verma,employee12023@company.com,Customer Support,Project Manager,Hyderabad,Full-Time,MBA,2018-05-12,85589,25,12.8,80.85,93,3,5,Excellent,96.61,10,17,Promoted,Active
12024,Ajay Singh,employee12024@company.com,Marketing,Operations Analyst,Coimbatore,Full-Time,MBA,2023-08-19,56432,39,8.8,73.24,54,15,2,Needs Improvement,57.16,7,10,Promoted,Active
12025,Arun Singh,employee12025@company.com,Operations,Data Analyst,Chennai,Full-Time,MCA,2022-11-02,40202,48,11.2,97.99,3,14,3,Average,45.78,37,10,Not Promoted,Active
12026,Nisha Kumar,employee12026@company.com,Customer Support,Data Analyst,Mumbai,Full-Time,M.Com,2018-06-02,103637,37,1.4,98.16,57,7,3,Average,88.49,16,10,Promoted,Active
12027,Karthik Reddy,employee12027@company.com,IT,Operations Analyst,Chennai,Full-Time,B.Com,2024-10-14,124171,42,16.1,83.26,69,8,4,Good,82.64,10,9,Not Promoted,Active
12028,Manoj Menon,employee12028@company.com,Sales,Support Associate,Chennai,Full-Time,MBA,2019-04-28,41238,55,4.8,76.52,58,14,5,Excellent,50.39,25,9,Not Promoted,Active
12029,Manoj Das,employee12029@company.com,Operations,Project Manager,Coimbatore,Full-Time,B.Tech,2023-07-14,36179,35,12.2,96.77,25,1,3,Average,107.79,38,3,Promoted,Active
12030,Sneha Nair,employee12030@company.com,Engineering,HR Executive,Mumbai,Full-Time,B.E,2018-11-01,115285,39,14.5,91.25,73,2,4,Good,85.16,33,8,Not Promoted,Active
12031,Dinesh Patel,employee12031@company.com,Finance,Software Engineer,Mumbai,Full-Time,M.Com,2024-05-20,55793,46,10.0,70.25,68,11,3,Average,87.35,2,9,Not Promoted,Active
12032,Pooja Iyer,employee12032@company.com,Operations,Operations Analyst,Coimbatore,Full-Time,MBA,2024-11-24,33004,55,6.4,73.23,38,7,4,Good,100.48,24,12,Not Promoted,Active
12033,Sneha Pillai,employee12033@company.com,Finance,Support Associate,Coimbatore,Full-Time,M.Sc,2023-07-10,139462,43,17.6,99.5,100,0,3,Average,66.91,23,22,Promoted,Active
12034,Swetha Mishra,employee12034@company.com,Operations,Senior Software Engineer,Hyderabad,Full-Time,MCA,2020-09-19,46116,30,5.4,71.14,0,0,5,Excellent,81.29,22,0,Not Promoted,Active
12035,Divya Reddy,employee12035@company.com,Customer Support,Data Analyst,Delhi,Full-Time,MCA,2024-02-16,149439,42,17.1,78.48,56,6,4,Good,82.45,29,15,Not Promoted,Active
12036,Nisha Pillai,employee12036@company.com,Sales,Financial Analyst,Delhi,Full-Time,B.E,2022-04-01,111047,31,3.2,86.45,97,9,3,Average,107.88,40,18,Not Promoted,Active
12037,Manoj Iyer,employee12037@company.com,Sales,Project Manager,Coimbatore,Full-Time,BBA,2025-01-03,138917,46,7.3,75.53,47,14,2,Needs Improvement,53.55,39,11,Promoted,Active
12038,Suresh Mishra,employee12038@company.com,Finance,Data Analyst,Pune,Full-Time,M.Com,2018-12-09,111512,21,2.9,76.96,71,6,2,Needs Improvement,94.33,26,4,Not Promoted,Inactive
12039,Karthik Nair,employee12039@company.com,Operations,HR Executive,Chennai,Full-Time,M.Com,2019-12-16,56856,41,0.5,80.59,20,12,3,Average,82.38,9,22,Not Promoted,Active
12040,Vijay Rao,employee12040@company.com,Sales,Support Associate,Delhi,Full-Time,M.Com,2022-09-06,125546,28,5.1,78.09,30,6,3,Average,99.95,8,29,Promoted,Active
12041,Rahul Verma,employee12041@company.com,HR,Senior Software Engineer,Bangalore,Full-Time,B.Com,2025-06-20,103351,40,2.0,94.1,57,12,4,Good,99.08,1,4,Promoted,Active
12042,Nisha Patel,employee12042@company.com,Operations,HR Executive,Coimbatore,Full-Time,B.Tech,2020-11-23,27488,37,17.8,85.01,46,12,4,Good,45.78,20,24,Promoted,Active
12043,Rohan Joshi,employee12043@company.com,Sales,Software Engineer,Coimbatore,Full-Time,MCA,2019-04-16,108432,35,13.8,78.36,22,14,4,Good,61.67,10,6,Not Promoted,Active
12044,Swetha Kumar,employee12044@company.com,IT,Sales Executive,Hyderabad,Full-Time,M.Com,2020-01-11,96152,41,0.6,79.39,74,4,2,Needs Improvement,56.75,9,30,Promoted,Active
12045,Ravi Iyer,employee12045@company.com,IT,Financial Analyst,Coimbatore,Full-Time,B.Com,2019-05-28,142459,21,4.4,71.2,79,11,5,Excellent,75.01,24,11,Not Promoted,Active
12046,Ajay Verma,employee12046@company.com,HR,Software Engineer,Hyderabad,Full-Time,BBA,2021-02-12,141331,23,12.2,71.48,90,15,4,Good,103.84,39,13,Not Promoted,Active
12047,Rahul Das,employee12047@company.com,Sales,Project Manager,Pune,Full-Time,M.Com,2024-01-02,57791,51,7.5,91.54,6,6,2,Needs Improvement,45.33,4,0,Not Promoted,Active
12048,Vijay Nair,employee12048@company.com,IT,Data Analyst,Pune,Full-Time,BBA,2019-07-13,125641,51,15.1,73.39,48,13,4,Good,76.73,21,5,Not Promoted,Active
12049,Meena Kumar,employee12049@company.com,Customer Support,Marketing Executive,Coimbatore,Part-Time,BBA,2020-03-02,142631,41,9.3,84.27,87,13,4,Good,102.51,4,17,Not Promoted,Active
12050,Swetha Menon,employee12050@company.com,Operations,Marketing Executive,Chennai,Contract,M.Com,2021-04-16,56027,43,11.9,95.27,95,15,2,Needs Improvement,105.2,8,5,Not Promoted,Active
12051,Ravi Iyer,employee12051@company.com,Marketing,Senior Software Engineer,Hyderabad,Full-Time,BBA,2022-10-15,37591,37,10.9,81.05,98,8,3,Average,87.72,10,18,Not Promoted,Active
12052,Sneha Menon,employee12052@company.com,Sales,Operations Analyst,Hyderabad,Full-Time,B.Com,2018-12-26,131326,42,11.7,80.37,30,5,3,Average,98.93,4,29,Not Promoted,Active
12053,Ravi Gupta,employee12053@company.com,Engineering,Data Analyst,Bangalore,Part-Time,B.Tech,2018-10-12,29726,42,4.5,96.19,46,5,3,Average,66.06,5,11,Promoted,Active
12054,Rahul Mishra,employee12054@company.com,HR,Marketing Executive,Chennai,Full-Time,B.E,2025-09-13,141404,28,7.0,95.95,92,2,5,Excellent,63.59,32,17,Not Promoted,Active
12055,Vijay Reddy,employee12055@company.com,Sales,Support Associate,Chennai,Full-Time,MCA,2025-03-16,130398,28,1.4,96.4,67,14,4,Good,48.19,15,2,Not Promoted,Active
12056,Swetha Joshi,employee12056@company.com,Finance,Sales Executive,Delhi,Full-Time,BBA,2022-10-24,29133,34,10.8,87.16,34,13,4,Good,77.71,23,10,Not Promoted,Active
12057,Ravi Pillai,employee12057@company.com,Finance,Senior Software Engineer,Pune,Full-Time,MBA,2025-08-06,80681,44,8.5,98.57,74,13,3,Average,74.63,13,25,Promoted,Active
12058,Ajay Joshi,employee12058@company.com,IT,Financial Analyst,Delhi,Full-Time,M.Sc,2021-10-15,91280,42,13.8,94.57,33,15,3,Average,69.17,23,3,Not Promoted,Active
12059,Karthik Das,employee12059@company.com,Engineering,Software Engineer,Chennai,Contract,M.Com,2022-03-03,88044,35,4.1,82.47,57,6,4,Good,52.37,11,12,Promoted,Active
12060,Swetha Sharma,employee12060@company.com,Finance,Software Engineer,Coimbatore,Full-Time,B.Tech,2021-03-10,111097,40,8.1,88.89,14,14,4,Good,60.0,22,0,Promoted,Active
12061,Divya Sharma,employee12061@company.com,HR,Marketing Executive,Bangalore,Full-Time,MCA,2022-08-19,54813,47,3.7,73.65,77,5,2,Needs Improvement,58.24,38,19,Not Promoted,Active
12062,Dinesh Joshi,employee12062@company.com,Engineering,Senior Software Engineer,Coimbatore,Full-Time,MBA,2021-05-30,115105,48,11.2,86.54,84,11,4,Good,106.36,5,30,Not Promoted,Active
12063,Rahul Rao,employee12063@company.com,IT,Marketing Executive,Coimbatore,Full-Time,M.Com,2021-11-13,30940,42,15.3,77.89,70,4,4,Good,107.82,40,5,Promoted,Active
12064,Arun Singh,employee12064@company.com,HR,Software Engineer,Chennai,Full-Time,M.Sc,2021-09-15,123353,51,13.9,78.51,80,2,3,Average,45.22,20,20,Not Promoted,Active
12065,Aakash Gupta,employee12065@company.com,Operations,Project Manager,Delhi,Full-Time,MBA,2020-01-13,48196,29,17.0,73.77,41,2,2,Needs Improvement,56.09,8,28,Not Promoted,Active
12066,Sneha Gupta,employee12066@company.com,HR,HR Executive,Mumbai,Contract,BBA,2021-11-17,31217,43,17.5,80.75,17,5,4,Good,102.77,40,13,Promoted,Active
12067,Vijay Kumar,employee12067@company.com,Finance,Data Analyst,Coimbatore,Full-Time,B.Com,2025-05-25,44433,25,14.0,84.44,77,5,3,Average,47.49,35,20,Not Promoted,Active
12068,Suresh Verma,employee12068@company.com,Operations,Senior Software Engineer,Coimbatore,Full-Time,M.Sc,2018-12-24,35934,37,5.5,88.01,37,4,3,Average,106.32,40,8,Promoted,Active
12069,Manoj Iyer,employee12069@company.com,Finance,Support Associate,Mumbai,Full-Time,MCA,2023-05-07,79377,25,4.3,79.15,63,2,3,Average,69.7,39,30,Not Promoted,Inactive
12070,Rohan Iyer,employee12070@company.com,HR,Marketing Executive,Bangalore,Full-Time,B.Tech,2025-03-19,98404,27,8.3,93.77,28,11,3,Average,80.01,4,8,Not Promoted,Active
12071,Rohan Singh,employee12071@company.com,Finance,Marketing Executive,Pune,Full-Time,B.Tech,2018-02-09,110809,28,17.9,85.63,9,15,4,Good,94.65,30,24,Not Promoted,Active
12072,Ajay Mishra,employee12072@company.com,Engineering,Operations Analyst,Hyderabad,Full-Time,MCA,2024-05-09,131255,27,7.7,89.14,16,1,4,Good,60.85,34,6,Not Promoted,Active
12073,Ajay Das,employee12073@company.com,Finance,Sales Executive,Chennai,Full-Time,BBA,2025-11-16,51198,42,4.0,78.34,31,3,3,Average,51.54,40,28,Not Promoted,Active
12074,Nisha Nair,employee12074@company.com,Finance,Financial Analyst,Delhi,Full-Time,BBA,2025-04-24,90373,41,17.0,94.42,60,3,5,Excellent,97.65,2,14,Not Promoted,Active
12075,Meena Joshi,employee12075@company.com,Sales,Marketing Executive,Pune,Full-Time,B.E,2019-04-03,69357,24,7.3,88.73,83,9,5,Excellent,109.0,18,9,Promoted,Active
12076,Anjali Kumar,employee12076@company.com,Operations,Support Associate,Delhi,Full-Time,B.E,2023-05-23,72787,52,12.6,95.87,80,12,5,Excellent,87.82,18,8,Promoted,Active
12077,Rohan Iyer,employee12077@company.com,Engineering,Financial Analyst,Pune,Full-Time,BBA,2024-03-31,51363,49,14.3,74.8,45,12,3,Average,98.64,0,28,Not Promoted,Active
12078,Swetha Gupta,employee12078@company.com,Operations,Sales Executive,Chennai,Part-Time,MBA,2018-07-16,72459,50,15.3,81.42,70,14,3,Average,106.19,21,27,Not Promoted,Active
12079,Nisha Mishra,employee12079@company.com,Customer Support,Operations Analyst,Hyderabad,Full-Time,B.Com,2023-02-18,49019,23,14.9,73.39,55,1,5,Excellent,59.86,18,23,Not Promoted,Active
12080,Arun Verma,employee12080@company.com,Operations,Marketing Executive,Chennai,Full-Time,MBA,2022-10-01,79927,25,15.1,76.47,60,13,4,Good,67.78,25,23,Not Promoted,Active
12081,Ajay Reddy,employee12081@company.com,Customer Support,Financial Analyst,Hyderabad,Full-Time,M.Com,2025-01-27,110275,39,12.2,81.84,43,14,1,Needs Improvement,59.24,14,14,Not Promoted,Active
12082,Priya Nair,employee12082@company.com,HR,Financial Analyst,Delhi,Full-Time,B.Tech,2020-07-26,50589,28,7.6,96.84,93,11,2,Needs Improvement,49.02,18,20,Not Promoted,Inactive
12083,Suresh Patel,employee12083@company.com,Customer Support,Project Manager,Bangalore,Full-Time,MBA,2024-01-04,88672,51,12.2,86.71,37,8,3,Average,92.6,24,8,Not Promoted,Active
12084,Karthik Nair,employee12084@company.com,Customer Support,Financial Analyst,Hyderabad,Full-Time,MBA,2025-03-06,66113,47,15.1,79.91,49,10,5,Excellent,54.47,38,23,Not Promoted,Active
12085,Manoj Patel,employee12085@company.com,Marketing,Software Engineer,Pune,Full-Time,BBA,2018-01-30,36093,33,6.6,92.41,73,10,4,Good,51.03,30,6,Not Promoted,Active
12086,Nisha Verma,employee12086@company.com,HR,Sales Executive,Bangalore,Full-Time,MCA,2023-11-25,96797,26,5.7,70.59,31,2,3,Average,68.25,29,23,Promoted,Active
12087,Suresh Sharma,employee12087@company.com,Operations,Support Associate,Delhi,Full-Time,M.Sc,2022-08-29,142002,21,6.5,81.1,89,0,2,Needs Improvement,48.94,32,24,Not Promoted,Active
12088,Vijay Das,employee12088@company.com,IT,Operations Analyst,Mumbai,Full-Time,B.Tech,2019-01-25,110376,50,10.1,88.02,52,11,4,Good,56.67,15,22,Not Promoted,Active
12089,Sneha Gupta,employee12089@company.com,Finance,Sales Executive,Bangalore,Full-Time,BBA,2024-09-19,72940,31,1.4,87.5,47,4,4,Good,49.55,39,24,Not Promoted,Active
12090,Aakash Joshi,employee12090@company.com,Finance,HR Executive,Hyderabad,Full-Time,B.Tech,2021-02-18,48792,51,14.1,88.23,80,13,3,Average,102.02,11,7,Not Promoted,Active
12091,Pooja Das,employee12091@company.com,Marketing,Software Engineer,Bangalore,Full-Time,BBA,2025-03-16,111186,36,2.9,76.35,0,9,4,Good,95.68,27,1,Not Promoted,Active
12092,Anjali Pillai,employee12092@company.com,IT,Operations Analyst,Delhi,Contract,B.E,2018-12-13,132112,35,2.8,80.11,89,2,5,Excellent,100.87,29,2,Promoted,Active
12093,Swetha Pillai,employee12093@company.com,Sales,HR Executive,Bangalore,Full-Time,B.E,2025-10-15,77201,25,4.0,97.95,29,5,3,Average,101.44,5,21,Not Promoted,Active
12094,Nisha Verma,employee12094@company.com,Customer Support,Financial Analyst,Delhi,Full-Time,B.Tech,2018-04-29,46027,35,10.6,99.22,8,0,4,Good,106.39,13,21,Not Promoted,Active
12095,Arun Menon,employee12095@company.com,Engineering,Sales Executive,Mumbai,Full-Time,M.Sc,2019-06-04,128608,21,5.5,79.36,32,13,3,Average,57.13,4,22,Promoted,Active
12096,Swetha Verma,employee12096@company.com,HR,Support Associate,Hyderabad,Full-Time,MBA,2021-05-23,108845,35,6.9,89.34,25,9,4,Good,103.5,35,1,Not Promoted,Active
12097,Arun Singh,employee12097@company.com,Sales,Operations Analyst,Coimbatore,Full-Time,M.Com,2025-08-12,97381,28,16.8,77.24,41,3,4,Good,79.13,22,27,Not Promoted,Active
12098,Suresh Patel,employee12098@company.com,IT,Data Analyst,Pune,Part-Time,MBA,2023-10-29,31810,42,15.3,81.06,73,0,4,Good,55.81,31,0,Not Promoted,Active
12099,Dinesh Gupta,employee12099@company.com,Marketing,HR Executive,Bangalore,Full-Time,M.Sc,2024-10-02,40228,47,15.4,93.77,41,13,4,Good,87.63,30,26,Not Promoted,Active
12100,Priya Joshi,employee12100@company.com,IT,Project Manager,Coimbatore,Full-Time,M.Com,2019-08-07,60225,54,10.6,85.04,95,0,3,Average,66.26,13,11,Promoted,Active
12101,Vijay Iyer,employee12101@company.com,Marketing,Software Engineer,Chennai,Full-Time,B.Tech,2025-07-22,97418,50,15.7,95.49,38,9,5,Excellent,48.02,31,4,Not Promoted,Active
12102,Aakash Nair,employee12102@company.com,Sales,Software Engineer,Pune,Full-Time,MCA,2022-09-05,147508,32,14.1,88.86,60,7,4,Good,50.11,26,29,Not Promoted,Active
12103,Arun Mishra,employee12103@company.com,Sales,Project Manager,Bangalore,Contract,M.Com,2021-08-05,51187,22,17.2,88.87,46,9,2,Needs Improvement,72.54,0,26,Not Promoted,Active
12104,Karthik Gupta,employee12104@company.com,Engineering,Software Engineer,Pune,Full-Time,B.E,2024-03-31,29241,42,1.6,71.02,41,10,4,Good,98.72,8,17,Not Promoted,Active
12105,Suresh Verma,employee12105@company.com,IT,Senior Software Engineer,Coimbatore,Full-Time,MCA,2024-04-27,44493,37,1.0,92.49,47,3,4,Good,65.22,15,24,Not Promoted,Active
12106,Pooja Joshi,employee12106@company.com,IT,Senior Software Engineer,Chennai,Full-Time,BBA,2023-06-05,35729,55,3.6,99.34,51,9,3,Average,94.8,34,18,Not Promoted,Active
12107,Karthik Reddy,employee12107@company.com,Customer Support,Operations Analyst,Pune,Full-Time,M.Sc,2025-05-28,37549,43,16.8,84.19,32,2,4,Good,48.62,9,27,Not Promoted,Active
12108,Rohan Joshi,employee12108@company.com,Finance,Data Analyst,Coimbatore,Full-Time,B.Tech,2020-11-11,63013,49,11.1,74.76,26,5,5,Excellent,70.59,15,1,Not Promoted,Active
12109,Priya Rao,employee12109@company.com,Marketing,Support Associate,Pune,Full-Time,M.Sc,2023-10-27,133123,49,8.0,99.31,42,10,3,Average,53.28,29,27,Not Promoted,Inactive
12110,Anjali Kumar,employee12110@company.com,Finance,Financial Analyst,Chennai,Full-Time,B.Com,2020-01-12,49347,39,9.5,78.7,28,15,5,Excellent,101.13,32,15,Not Promoted,Active
12111,Swetha Joshi,employee12111@company.com,HR,Senior Software Engineer,Chennai,Full-Time,M.Com,2019-11-03,62208,37,15.0,82.28,18,9,2,Needs Improvement,107.92,14,27,Not Promoted,Inactive
12112,Rohan Kumar,employee12112@company.com,HR,HR Executive,Chennai,Full-Time,M.Com,2022-11-07,89772,28,16.8,72.32,81,8,3,Average,66.17,38,22,Not Promoted,Active
12113,Karthik Menon,employee12113@company.com,IT,Project Manager,Mumbai,Full-Time,BBA,2022-08-13,65378,27,13.3,73.33,98,5,3,Average,109.28,7,5,Not Promoted,Active
12114,Rahul Kumar,employee12114@company.com,Sales,Sales Executive,Delhi,Full-Time,M.Sc,2023-09-09,26998,31,13.8,76.5,27,0,5,Excellent,93.9,3,23,Not Promoted,Active
12115,Anjali Verma,employee12115@company.com,HR,Data Analyst,Delhi,Full-Time,MCA,2024-10-21,85270,23,6.1,86.45,9,7,4,Good,45.08,1,24,Not Promoted,Active
12116,Meena Menon,employee12116@company.com,HR,Support Associate,Coimbatore,Part-Time,B.Com,2022-08-24,75283,22,8.7,86.73,66,0,2,Needs Improvement,76.54,6,2,Promoted,Active
12117,Rohan Kumar,employee12117@company.com,Engineering,HR Executive,Chennai,Full-Time,B.Com,2018-03-04,59760,39,16.0,88.19,92,2,3,Average,99.22,37,7,Promoted,Inactive
12118,Rahul Nair,employee12118@company.com,Finance,Data Analyst,Coimbatore,Full-Time,B.Tech,2021-12-24,137172,48,14.3,87.51,15,8,4,Good,79.7,33,3,Promoted,Active
12119,Anjali Rao,employee12119@company.com,Engineering,Project Manager,Delhi,Full-Time,MCA,2018-06-06,147735,48,12.5,84.86,99,3,2,Needs Improvement,80.75,24,17,Promoted,Active
12120,Priya Pillai,employee12120@company.com,Finance,HR Executive,Pune,Full-Time,BBA,2025-03-01,139100,45,1.6,94.06,0,7,5,Excellent,74.1,6,19,Not Promoted,Active
12121,Aakash Patel,employee12121@company.com,Customer Support,Project Manager,Chennai,Full-Time,MBA,2020-02-16,50089,31,1.2,98.02,81,8,4,Good,70.68,24,3,Promoted,Active
12122,Meena Verma,employee12122@company.com,Engineering,Support Associate,Bangalore,Part-Time,B.Com,2024-04-20,128344,22,2.8,78.09,3,14,4,Good,46.78,1,7,Not Promoted,Active
12123,Aakash Gupta,employee12123@company.com,Customer Support,Software Engineer,Chennai,Part-Time,M.Sc,2023-03-19,140400,32,10.7,73.91,68,15,5,Excellent,85.41,25,25,Not Promoted,Active
12124,Sneha Gupta,employee12124@company.com,HR,Financial Analyst,Chennai,Contract,M.Com,2025-12-30,52737,32,9.9,82.75,84,13,3,Average,94.84,35,23,Not Promoted,Active
12125,Ajay Singh,employee12125@company.com,IT,Financial Analyst,Delhi,Full-Time,B.Com,2021-09-12,90750,45,17.0,70.79,3,7,5,Excellent,96.36,37,28,Not Promoted,Active
12126,Rohan Mishra,employee12126@company.com,Finance,Marketing Executive,Coimbatore,Full-Time,M.Sc,2024-02-25,63514,51,12.7,96.5,19,5,4,Good,85.6,2,6,Not Promoted,Active
12127,Sneha Iyer,employee12127@company.com,HR,Senior Software Engineer,Hyderabad,Full-Time,B.Tech,2021-08-31,87782,37,5.6,77.19,62,8,4,Good,67.18,28,19,Not Promoted,Active
12128,Vijay Reddy,employee12128@company.com,Sales,Operations Analyst,Pune,Full-Time,B.Tech,2018-01-06,82947,32,3.3,86.48,82,10,3,Average,46.47,10,17,Not Promoted,Active
12129,Pooja Kumar,employee12129@company.com,Finance,Sales Executive,Delhi,Full-Time,M.Com,2021-07-03,81133,50,15.4,73.45,34,5,5,Excellent,103.23,20,0,Not Promoted,Active
12130,Priya Reddy,employee12130@company.com,HR,Project Manager,Coimbatore,Full-Time,BBA,2023-03-18,61537,22,8.5,86.6,44,14,3,Average,72.89,3,26,Not Promoted,Active
12131,Kavya Pillai,employee12131@company.com,Customer Support,Marketing Executive,Coimbatore,Full-Time,M.Com,2020-03-31,128171,36,11.9,71.17,56,14,3,Average,84.08,4,17,Not Promoted,Active
12132,Manoj Gupta,employee12132@company.com,Engineering,Marketing Executive,Pune,Full-Time,M.Com,2021-09-05,148549,21,10.4,93.06,23,4,1,Needs Improvement,57.65,5,1,Not Promoted,Active
12133,Priya Rao,employee12133@company.com,Marketing,Marketing Executive,Coimbatore,Full-Time,MBA,2023-07-17,75232,54,2.4,98.66,19,7,4,Good,54.23,21,30,Not Promoted,Active
12134,Nisha Patel,employee12134@company.com,Finance,Project Manager,Bangalore,Full-Time,M.Com,2024-04-14,119766,21,1.5,79.21,27,15,4,Good,50.64,38,18,Not Promoted,Active
12135,Meena Sharma,employee12135@company.com,Marketing,Support Associate,Mumbai,Full-Time,BBA,2018-01-04,100153,23,7.1,77.75,37,3,4,Good,96.92,5,9,Promoted,Active
12136,Pooja Verma,employee12136@company.com,Finance,Project Manager,Hyderabad,Full-Time,MCA,2025-01-04,35461,54,6.8,83.44,23,2,5,Excellent,87.02,13,20,Not Promoted,Active
12137,Swetha Iyer,employee12137@company.com,Finance,Financial Analyst,Bangalore,Full-Time,B.Tech,2025-11-25,107394,32,12.3,88.6,83,3,2,Needs Improvement,85.38,21,0,Not Promoted,Active
12138,Ajay Sharma,employee12138@company.com,Engineering,Project Manager,Bangalore,Full-Time,BBA,2024-12-28,34323,47,11.6,75.67,23,11,4,Good,104.76,15,20,Not Promoted,Active
12139,Anjali Verma,employee12139@company.com,Customer Support,Support Associate,Pune,Part-Time,B.Tech,2018-01-31,140550,45,17.5,94.1,69,8,3,Average,55.32,31,6,Not Promoted,Active
12140,Sneha Gupta,employee12140@company.com,Operations,Data Analyst,Hyderabad,Part-Time,B.Com,2023-01-31,99539,32,15.5,75.96,24,3,4,Good,56.07,35,27,Not Promoted,Active
12141,Suresh Gupta,employee12141@company.com,Operations,Financial Analyst,Pune,Full-Time,M.Com,2022-07-11,72283,53,9.2,70.16,95,6,4,Good,57.32,6,13,Not Promoted,Active
12142,Anjali Mishra,employee12142@company.com,Marketing,Software Engineer,Mumbai,Full-Time,MBA,2021-07-22,62040,29,9.3,85.73,80,0,4,Good,72.52,22,0,Not Promoted,Active
12143,Ravi Patel,employee12143@company.com,IT,HR Executive,Coimbatore,Full-Time,MCA,2019-12-10,33678,21,12.3,73.45,80,11,4,Good,101.82,13,3,Not Promoted,Active
12144,Meena Reddy,employee12144@company.com,HR,Software Engineer,Pune,Contract,B.E,2020-06-04,39749,43,2.5,90.95,68,5,3,Average,102.3,5,10,Not Promoted,Active
12145,Rahul Rao,employee12145@company.com,IT,Operations Analyst,Chennai,Full-Time,B.Com,2021-04-15,148571,48,18.0,75.02,16,7,3,Average,83.39,24,1,Not Promoted,Active
12146,Ajay Nair,employee12146@company.com,IT,Software Engineer,Pune,Full-Time,BBA,2023-06-03,110028,23,9.6,94.52,57,6,4,Good,87.78,2,7,Promoted,Active
12147,Nisha Das,employee12147@company.com,Operations,Financial Analyst,Coimbatore,Part-Time,MCA,2020-01-18,117734,25,16.4,84.11,72,4,3,Average,103.35,12,17,Not Promoted,Inactive
12148,Divya Menon,employee12148@company.com,HR,Software Engineer,Chennai,Full-Time,M.Sc,2023-10-28,107187,49,17.4,86.99,19,3,3,Average,85.57,2,30,Not Promoted,Active
12149,Meena Nair,employee12149@company.com,Operations,Senior Software Engineer,Bangalore,Part-Time,MBA,2024-04-09,115896,33,10.7,75.6,1,1,3,Average,59.94,30,30,Promoted,Active
12150,Ajay Rao,employee12150@company.com,Engineering,Software Engineer,Mumbai,Full-Time,M.Com,2019-05-16,110793,24,2.3,74.4,82,15,4,Good,90.82,2,16,Not Promoted,Active
12151,Aakash Gupta,employee12151@company.com,Engineering,Sales Executive,Coimbatore,Full-Time,MBA,2018-07-24,101699,26,10.5,88.94,8,0,3,Average,95.04,16,13,Not Promoted,Active
12152,Vijay Joshi,employee12152@company.com,Operations,Operations Analyst,Delhi,Full-Time,B.E,2022-01-23,129835,26,11.0,77.66,62,12,3,Average,86.3,38,29,Not Promoted,Active
12153,Aakash Rao,employee12153@company.com,Customer Support,HR Executive,Chennai,Part-Time,MCA,2021-11-07,109321,31,14.3,81.58,82,0,4,Good,62.78,1,17,Not Promoted,Active
12154,Rohan Sharma,employee12154@company.com,Operations,Support Associate,Mumbai,Part-Time,MBA,2025-08-02,111829,47,1.3,84.38,67,4,4,Good,70.99,4,9,Not Promoted,Active
12155,Sneha Mishra,employee12155@company.com,Sales,Sales Executive,Pune,Full-Time,M.Sc,2018-11-29,52917,55,8.7,76.89,5,8,2,Needs Improvement,75.59,8,19,Promoted,Active
12156,Divya Nair,employee12156@company.com,IT,Sales Executive,Delhi,Full-Time,B.E,2025-04-04,85415,24,16.6,93.86,99,6,3,Average,54.44,28,20,Not Promoted,Active
12157,Rohan Das,employee12157@company.com,Customer Support,Sales Executive,Pune,Full-Time,B.E,2018-06-15,142004,47,17.8,98.18,10,1,2,Needs Improvement,74.39,34,17,Not Promoted,Active
12158,Meena Nair,employee12158@company.com,Customer Support,Support Associate,Coimbatore,Contract,MCA,2024-01-18,82328,36,3.8,82.96,20,5,3,Average,55.48,39,19,Not Promoted,Active
12159,Divya Das,employee12159@company.com,IT,Senior Software Engineer,Bangalore,Full-Time,B.E,2018-01-06,147297,38,15.7,97.53,62,9,3,Average,77.46,35,22,Not Promoted,Active
12160,Priya Kumar,employee12160@company.com,Customer Support,Senior Software Engineer,Coimbatore,Full-Time,MCA,2024-03-02,138968,27,3.1,96.48,88,6,4,Good,48.3,34,4,Not Promoted,Active
12161,Rahul Mishra,employee12161@company.com,IT,Support Associate,Coimbatore,Full-Time,MBA,2019-06-16,120477,31,15.2,74.98,29,12,4,Good,106.65,29,7,Not Promoted,Active
12162,Manoj Verma,employee12162@company.com,Sales,Data Analyst,Coimbatore,Full-Time,M.Sc,2022-08-28,42585,28,5.4,75.2,81,7,4,Good,61.01,14,9,Not Promoted,Active
12163,Rohan Singh,employee12163@company.com,Finance,Project Manager,Pune,Full-Time,M.Com,2023-09-24,112106,26,17.3,84.32,88,10,3,Average,75.36,28,24,Not Promoted,Active
12164,Sneha Gupta,employee12164@company.com,Customer Support,Project Manager,Chennai,Full-Time,B.Tech,2019-04-02,41660,25,12.7,85.78,20,8,4,Good,47.13,24,0,Not Promoted,Active
12165,Dinesh Iyer,employee12165@company.com,Marketing,Senior Software Engineer,Bangalore,Part-Time,BBA,2018-08-15,145015,26,7.5,80.23,22,2,3,Average,57.53,10,16,Not Promoted,Active
12166,Vijay Rao,employee12166@company.com,Marketing,Financial Analyst,Mumbai,Full-Time,B.Tech,2023-08-09,82650,22,5.4,79.39,60,11,5,Excellent,90.06,36,18,Promoted,Active
12167,Meena Rao,employee12167@company.com,Sales,Support Associate,Bangalore,Full-Time,MBA,2023-10-01,120781,51,4.6,82.94,29,15,4,Good,52.27,3,23,Not Promoted,Active
12168,Kavya Das,employee12168@company.com,IT,Senior Software Engineer,Mumbai,Full-Time,M.Com,2022-10-09,140318,52,12.4,90.71,45,1,2,Needs Improvement,85.83,11,16,Promoted,Active
12169,Priya Mishra,employee12169@company.com,Marketing,Financial Analyst,Hyderabad,Full-Time,B.Tech,2019-04-16,142273,29,16.2,72.53,59,6,4,Good,45.13,31,9,Promoted,Inactive
12170,Nisha Iyer,employee12170@company.com,Sales,Project Manager,Chennai,Contract,M.Sc,2020-06-15,80813,35,13.7,91.32,17,7,3,Average,75.23,4,17,Not Promoted,Active
12171,Priya Mishra,employee12171@company.com,Operations,Software Engineer,Chennai,Full-Time,B.E,2021-08-13,81593,41,15.1,97.79,61,8,4,Good,91.89,36,29,Not Promoted,Active
12172,Meena Sharma,employee12172@company.com,HR,Senior Software Engineer,Mumbai,Full-Time,MBA,2025-04-15,97936,48,14.2,92.91,96,9,2,Needs Improvement,105.21,36,0,Not Promoted,Active
12173,Pooja Reddy,employee12173@company.com,Marketing,Operations Analyst,Pune,Full-Time,MBA,2025-01-03,124441,47,17.6,75.75,44,11,3,Average,77.03,24,29,Not Promoted,Active
12174,Ajay Pillai,employee12174@company.com,Engineering,Software Engineer,Delhi,Full-Time,B.Com,2025-10-04,122704,25,13.8,72.62,60,13,4,Good,99.63,3,16,Not Promoted,Active
12175,Ajay Kumar,employee12175@company.com,HR,Software Engineer,Pune,Contract,B.Com,2022-07-23,31968,37,4.2,84.71,58,4,3,Average,97.17,23,27,Not Promoted,Active
12176,Divya Menon,employee12176@company.com,Engineering,Senior Software Engineer,Hyderabad,Full-Time,B.Com,2022-03-06,92249,44,14.4,98.69,34,8,4,Good,64.23,35,12,Not Promoted,Active
12177,Priya Singh,employee12177@company.com,IT,Financial Analyst,Mumbai,Part-Time,MCA,2021-05-10,34240,51,6.1,94.57,21,14,3,Average,101.86,1,24,Not Promoted,Active
12178,Nisha Iyer,employee12178@company.com,Marketing,Operations Analyst,Hyderabad,Full-Time,M.Com,2024-09-28,67543,55,17.9,86.88,23,0,4,Good,86.62,34,27,Not Promoted,Active
12179,Priya Joshi,employee12179@company.com,Sales,Financial Analyst,Mumbai,Full-Time,BBA,2025-04-15,61119,24,7.1,74.29,86,8,4,Good,51.77,35,9,Promoted,Active
12180,Anjali Verma,employee12180@company.com,Finance,Sales Executive,Hyderabad,Full-Time,MBA,2021-12-16,131397,40,5.6,91.42,50,12,4,Good,106.04,7,0,Not Promoted,Active
12181,Vijay Gupta,employee12181@company.com,Marketing,Financial Analyst,Mumbai,Full-Time,B.Com,2025-01-11,55038,37,4.7,94.39,64,9,3,Average,56.48,8,19,Not Promoted,Active
12182,Aakash Mishra,employee12182@company.com,Marketing,Financial Analyst,Chennai,Full-Time,MBA,2019-11-05,38100,30,12.0,98.05,14,4,3,Average,75.57,27,6,Not Promoted,Active
12183,Dinesh Patel,employee12183@company.com,Marketing,Data Analyst,Hyderabad,Full-Time,B.E,2021-01-01,67794,41,2.4,88.36,27,13,1,Needs Improvement,75.31,39,27,Not Promoted,Active
12184,Suresh Kumar,employee12184@company.com,Marketing,Marketing Executive,Hyderabad,Part-Time,B.Com,2024-07-20,129519,41,17.2,85.43,41,15,3,Average,85.64,9,30,Not Promoted,Active
12185,Swetha Patel,employee12185@company.com,Engineering,HR Executive,Mumbai,Full-Time,MBA,2025-09-23,73121,36,5.7,88.58,19,15,4,Good,88.22,4,20,Not Promoted,Inactive
12186,Nisha Mishra,employee12186@company.com,Sales,Marketing Executive,Bangalore,Full-Time,M.Com,2025-03-17,34143,53,5.7,98.3,99,1,5,Excellent,60.14,36,25,Not Promoted,Active
12187,Aakash Kumar,employee12187@company.com,Sales,Operations Analyst,Bangalore,Full-Time,MCA,2021-05-17,84376,30,1.3,88.84,42,5,5,Excellent,67.91,30,12,Not Promoted,Active
12188,Swetha Verma,employee12188@company.com,Engineering,Operations Analyst,Chennai,Full-Time,M.Sc,2020-06-16,108144,38,4.8,77.73,79,0,4,Good,54.4,28,20,Promoted,Active
12189,Ajay Gupta,employee12189@company.com,Finance,Support Associate,Pune,Full-Time,M.Com,2023-05-17,112365,53,7.8,89.08,68,12,4,Good,53.19,2,6,Not Promoted,Active
12190,Pooja Menon,employee12190@company.com,Sales,Financial Analyst,Pune,Full-Time,M.Com,2020-04-27,131528,49,7.0,96.39,62,13,4,Good,98.63,25,5,Not Promoted,Active
12191,Vijay Menon,employee12191@company.com,Sales,Software Engineer,Chennai,Full-Time,M.Sc,2023-05-21,107016,51,5.3,87.01,42,6,3,Average,93.8,30,21,Promoted,Inactive
12192,Priya Mishra,employee12192@company.com,IT,Marketing Executive,Pune,Full-Time,B.Com,2025-08-04,94894,44,1.2,85.08,78,6,5,Excellent,73.77,1,12,Promoted,Inactive
12193,Arun Nair,employee12193@company.com,Customer Support,Support Associate,Delhi,Full-Time,M.Com,2025-05-28,105745,32,5.8,92.0,1,14,4,Good,51.23,14,7,Not Promoted,Active
12194,Arun Kumar,employee12194@company.com,IT,Sales Executive,Delhi,Full-Time,MCA,2025-04-12,103737,40,14.1,89.83,87,11,4,Good,74.24,12,15,Not Promoted,Active
12195,Divya Verma,employee12195@company.com,Customer Support,HR Executive,Delhi,Full-Time,B.Tech,2024-02-06,93677,26,8.2,71.7,76,12,2,Needs Improvement,64.14,27,25,Not Promoted,Active
12196,Nisha Menon,employee12196@company.com,HR,Financial Analyst,Coimbatore,Part-Time,BBA,2019-10-09,147668,28,5.6,91.76,22,9,3,Average,95.56,13,8,Not Promoted,Active
12197,Dinesh Iyer,employee12197@company.com,Finance,Support Associate,Coimbatore,Full-Time,MCA,2019-03-14,137932,34,5.8,82.23,11,7,3,Average,51.28,11,12,Not Promoted,Active
12198,Arun Nair,employee12198@company.com,Customer Support,Marketing Executive,Delhi,Full-Time,B.E,2022-02-09,117889,25,10.2,98.23,45,15,5,Excellent,74.34,14,26,Promoted,Active
12199,Aakash Mishra,employee12199@company.com,IT,Sales Executive,Mumbai,Full-Time,MCA,2024-09-08,102006,23,5.8,99.12,32,0,4,Good,83.44,20,1,Not Promoted,Active
12200,Dinesh Nair,employee12200@company.com,Finance,Data Analyst,Bangalore,Full-Time,MBA,2022-09-22,41555,42,11.5,83.46,43,1,3,Average,109.07,28,11,Not Promoted,Active
12201,Swetha Kumar,employee12201@company.com,Finance,Project Manager,Chennai,Full-Time,B.Tech,2022-04-15,79005,28,17.8,99.06,24,10,5,Excellent,50.82,34,11,Not Promoted,Active
12202,Sneha Patel,employee12202@company.com,Marketing,HR Executive,Mumbai,Full-Time,B.Com,2025-03-26,120133,34,1.2,79.32,34,0,2,Needs Improvement,52.41,19,25,Not Promoted,Active
12203,Arun Sharma,employee12203@company.com,Operations,Operations Analyst,Delhi,Full-Time,MBA,2023-10-06,55090,27,3.5,90.48,34,7,3,Average,109.22,17,14,Not Promoted,Active
12204,Pooja Das,employee12204@company.com,Operations,Data Analyst,Chennai,Full-Time,M.Sc,2022-10-10,71335,24,3.6,72.25,64,11,2,Needs Improvement,71.37,37,19,Promoted,Active
12205,Arun Singh,employee12205@company.com,Operations,Financial Analyst,Bangalore,Full-Time,MCA,2018-11-22,50476,39,8.3,74.35,42,7,4,Good,93.34,14,9,Not Promoted,Active
12206,Manoj Singh,employee12206@company.com,Finance,Project Manager,Pune,Full-Time,MBA,2018-11-18,89775,44,1.2,95.94,67,11,5,Excellent,95.93,11,24,Not Promoted,Active
12207,Karthik Nair,employee12207@company.com,Marketing,Project Manager,Mumbai,Full-Time,M.Com,2024-02-09,89004,36,8.9,96.81,61,2,3,Average,65.45,33,13,Not Promoted,Active
12208,Nisha Joshi,employee12208@company.com,HR,HR Executive,Bangalore,Full-Time,MBA,2024-04-01,87473,26,16.8,85.98,30,9,4,Good,58.93,4,29,Not Promoted,Active
12209,Pooja Iyer,employee12209@company.com,HR,Software Engineer,Chennai,Full-Time,MBA,2025-04-20,99469,28,0.7,80.19,27,14,3,Average,62.95,16,25,Not Promoted,Active
12210,Arun Nair,employee12210@company.com,Operations,Data Analyst,Hyderabad,Full-Time,MCA,2021-04-24,145119,45,6.9,83.53,10,11,5,Excellent,94.69,12,16,Not Promoted,Active
12211,Swetha Mishra,employee12211@company.com,HR,Software Engineer,Mumbai,Full-Time,B.E,2018-09-23,65305,52,13.8,96.09,31,1,4,Good,99.63,12,9,Not Promoted,Active
12212,Nisha Verma,employee12212@company.com,Marketing,Senior Software Engineer,Coimbatore,Contract,M.Sc,2020-04-21,100650,45,3.2,76.33,65,8,4,Good,90.47,35,28,Not Promoted,Active
12213,Vijay Mishra,employee12213@company.com,Operations,Data Analyst,Chennai,Full-Time,MCA,2018-11-25,121808,30,1.9,78.85,59,4,1,Needs Improvement,73.68,15,23,Not Promoted,Active
12214,Ajay Das,employee12214@company.com,Customer Support,Sales Executive,Chennai,Full-Time,B.Com,2019-11-14,68657,37,11.5,93.56,50,14,5,Excellent,62.07,39,10,Not Promoted,Inactive
12215,Ajay Rao,employee12215@company.com,Customer Support,Financial Analyst,Coimbatore,Full-Time,BBA,2023-09-03,148270,23,0.7,98.06,58,8,4,Good,72.64,2,16,Not Promoted,Active
12216,Divya Gupta,employee12216@company.com,Marketing,Data Analyst,Bangalore,Full-Time,BBA,2021-07-08,124262,29,14.5,72.79,76,15,3,Average,104.44,1,10,Not Promoted,Active
12217,Kavya Kumar,employee12217@company.com,Engineering,Data Analyst,Chennai,Contract,M.Sc,2021-10-10,56858,38,1.7,94.11,16,1,4,Good,101.11,24,14,Not Promoted,Active
12218,Kavya Das,employee12218@company.com,HR,Senior Software Engineer,Mumbai,Full-Time,B.Tech,2024-02-22,144358,50,9.7,89.35,67,5,3,Average,66.02,2,3,Promoted,Active
12219,Aakash Verma,employee12219@company.com,Operations,HR Executive,Delhi,Full-Time,M.Com,2025-04-12,66303,25,13.5,76.92,94,10,5,Excellent,66.32,10,24,Not Promoted,Active
12220,Aakash Pillai,employee12220@company.com,Customer Support,HR Executive,Coimbatore,Full-Time,B.E,2023-03-27,28481,52,4.7,92.67,37,13,2,Needs Improvement,95.7,10,3,Not Promoted,Active
12221,Suresh Nair,employee12221@company.com,Marketing,Sales Executive,Mumbai,Full-Time,B.Tech,2021-09-18,141257,47,2.3,91.84,63,0,4,Good,72.73,9,20,Promoted,Active
12222,Swetha Verma,employee12222@company.com,Sales,HR Executive,Coimbatore,Full-Time,B.Tech,2025-04-14,87841,41,3.6,74.26,2,6,4,Good,82.23,27,14,Promoted,Active
12223,Rahul Singh,employee12223@company.com,Customer Support,Project Manager,Chennai,Full-Time,M.Sc,2023-03-03,32931,44,15.5,85.07,53,3,2,Needs Improvement,72.45,10,30,Not Promoted,Active
12224,Swetha Nair,employee12224@company.com,Sales,Marketing Executive,Bangalore,Full-Time,B.E,2023-06-02,131951,23,12.9,92.75,75,6,3,Average,60.75,6,13,Not Promoted,Active
12225,Pooja Mishra,employee12225@company.com,Marketing,Senior Software Engineer,Mumbai,Full-Time,M.Com,2019-09-24,79694,36,4.0,75.75,43,8,1,Needs Improvement,57.28,28,28,Not Promoted,Inactive
12226,Vijay Patel,employee12226@company.com,Marketing,Marketing Executive,Hyderabad,Full-Time,B.Com,2018-11-17,33635,35,13.0,83.88,81,0,3,Average,54.07,0,30,Not Promoted,Active
12227,Vijay Mishra,employee12227@company.com,IT,Marketing Executive,Delhi,Full-Time,B.E,2022-01-10,70252,45,12.9,73.62,29,0,3,Average,45.74,14,8,Not Promoted,Active
12228,Ajay Sharma,employee12228@company.com,Customer Support,Senior Software Engineer,Coimbatore,Full-Time,B.E,2021-11-01,101643,28,18.0,79.21,74,10,4,Good,63.24,6,15,Not Promoted,Active
12229,Anjali Pillai,employee12229@company.com,IT,Marketing Executive,Pune,Full-Time,B.E,2018-07-22,84754,24,7.4,76.54,87,6,3,Average,56.14,3,23,Not Promoted,Active
12230,Meena Rao,employee12230@company.com,Finance,Marketing Executive,Bangalore,Full-Time,BBA,2024-02-03,94017,52,15.6,85.15,84,9,3,Average,61.77,2,0,Not Promoted,Active
12231,Anjali Singh,employee12231@company.com,Customer Support,Marketing Executive,Bangalore,Full-Time,M.Com,2019-09-19,147619,55,8.3,74.24,53,10,4,Good,49.93,19,2,Not Promoted,Active
12232,Dinesh Nair,employee12232@company.com,Operations,Sales Executive,Pune,Full-Time,BBA,2023-02-12,47077,50,16.2,81.49,47,11,2,Needs Improvement,67.2,2,3,Not Promoted,Active
12233,Sneha Verma,employee12233@company.com,Finance,Operations Analyst,Pune,Full-Time,B.E,2023-09-11,91953,50,2.1,78.25,34,14,5,Excellent,78.8,28,18,Not Promoted,Active
12234,Aakash Reddy,employee12234@company.com,Finance,Sales Executive,Mumbai,Full-Time,B.E,2019-12-28,112776,37,3.6,92.38,67,1,4,Good,106.4,19,8,Promoted,Active
12235,Swetha Rao,employee12235@company.com,HR,Software Engineer,Chennai,Contract,MBA,2020-08-11,98212,39,15.4,90.99,25,7,4,Good,67.56,9,21,Promoted,Active
12236,Karthik Menon,employee12236@company.com,Sales,Data Analyst,Chennai,Full-Time,MBA,2025-11-07,97547,51,14.8,72.85,71,3,4,Good,47.02,34,18,Not Promoted,Active
12237,Swetha Reddy,employee12237@company.com,HR,HR Executive,Hyderabad,Full-Time,MBA,2025-10-09,80861,37,5.8,98.6,87,6,5,Excellent,68.55,25,7,Not Promoted,Active
12238,Priya Menon,employee12238@company.com,Operations,Senior Software Engineer,Delhi,Full-Time,MBA,2024-04-09,42054,22,10.9,92.34,55,9,3,Average,98.12,29,24,Promoted,Active
12239,Meena Nair,employee12239@company.com,Marketing,Project Manager,Coimbatore,Full-Time,B.E,2022-12-27,79565,49,7.2,88.48,75,1,2,Needs Improvement,67.11,25,25,Not Promoted,Active
12240,Kavya Gupta,employee12240@company.com,IT,Marketing Executive,Chennai,Full-Time,BBA,2018-03-11,80153,50,0.7,84.33,68,7,3,Average,63.96,36,3,Promoted,Active
12241,Divya Reddy,employee12241@company.com,Operations,Support Associate,Hyderabad,Full-Time,M.Sc,2020-12-30,121280,42,1.0,75.34,79,15,4,Good,104.73,19,12,Not Promoted,Active
12242,Divya Rao,employee12242@company.com,Marketing,Senior Software Engineer,Hyderabad,Full-Time,BBA,2022-07-05,43668,31,1.4,98.86,63,5,1,Needs Improvement,64.32,8,20,Promoted,Active
12243,Nisha Mishra,employee12243@company.com,Operations,Financial Analyst,Bangalore,Full-Time,MBA,2018-06-07,103284,53,10.9,70.24,95,0,4,Good,108.07,10,18,Not Promoted,Active
12244,Karthik Verma,employee12244@company.com,Marketing,Senior Software Engineer,Bangalore,Full-Time,B.Tech,2019-07-03,145128,39,5.4,90.77,28,8,5,Excellent,99.12,32,13,Promoted,Active
12245,Priya Menon,employee12245@company.com,Customer Support,Data Analyst,Delhi,Full-Time,M.Sc,2023-01-14,66059,23,3.0,85.22,96,10,4,Good,89.48,29,4,Not Promoted,Inactive
12246,Ravi Singh,employee12246@company.com,IT,Project Manager,Mumbai,Full-Time,B.Com,2023-05-06,76939,42,17.0,97.08,77,1,4,Good,83.89,29,17,Not Promoted,Active
12247,Suresh Verma,employee12247@company.com,Marketing,Senior Software Engineer,Pune,Full-Time,MBA,2024-07-01,147545,38,2.6,81.42,58,3,2,Needs Improvement,59.61,22,17,Not Promoted,Active
12248,Priya Verma,employee12248@company.com,Finance,Project Manager,Pune,Full-Time,M.Com,2020-11-24,140095,50,12.3,85.56,24,8,4,Good,92.48,35,26,Not Promoted,Active
12249,Ravi Verma,employee12249@company.com,Operations,Senior Software Engineer,Delhi,Full-Time,B.Com,2024-11-12,56898,21,16.1,92.27,71,7,4,Good,67.56,23,28,Not Promoted,Active
12250,Divya Pillai,employee12250@company.com,IT,Sales Executive,Hyderabad,Full-Time,BBA,2024-09-29,124281,40,3.4,71.43,26,7,2,Needs Improvement,76.57,30,20,Not Promoted,Active
12251,Aakash Menon,employee12251@company.com,Marketing,Sales Executive,Delhi,Full-Time,BBA,2025-03-03,73561,25,4.3,71.63,98,13,2,Needs Improvement,51.76,22,14,Not Promoted,Active
12252,Rahul Sharma,employee12252@company.com,Finance,Operations Analyst,Pune,Full-Time,MCA,2020-06-04,117910,32,10.5,76.35,21,3,5,Excellent,64.25,35,22,Not Promoted,Active
12253,Divya Sharma,employee12253@company.com,Finance,Software Engineer,Hyderabad,Contract,BBA,2019-05-26,112473,31,9.4,74.39,70,13,4,Good,79.39,39,16,Not Promoted,Active
12254,Rahul Patel,employee12254@company.com,Customer Support,Senior Software Engineer,Pune,Full-Time,MCA,2019-01-03,148022,44,9.6,70.19,99,15,4,Good,75.42,33,2,Not Promoted,Active
12255,Ajay Patel,employee12255@company.com,Sales,Marketing Executive,Mumbai,Contract,B.Tech,2023-03-26,48836,38,10.2,88.69,46,0,5,Excellent,67.33,20,0,Not Promoted,Active
12256,Sneha Nair,employee12256@company.com,Finance,Senior Software Engineer,Bangalore,Full-Time,B.Com,2020-06-01,85420,28,17.1,93.88,75,9,4,Good,75.68,25,23,Not Promoted,Active
12257,Rohan Singh,employee12257@company.com,HR,Financial Analyst,Bangalore,Full-Time,B.Com,2024-03-04,121778,49,1.4,98.71,54,3,4,Good,93.42,6,17,Promoted,Active
12258,Rohan Rao,employee12258@company.com,IT,Project Manager,Hyderabad,Contract,BBA,2025-03-10,33911,42,13.8,83.23,8,2,3,Average,74.86,24,21,Not Promoted,Active
12259,Meena Verma,employee12259@company.com,IT,Marketing Executive,Delhi,Full-Time,B.Tech,2022-12-03,51035,22,4.6,78.39,53,14,3,Average,77.9,2,26,Not Promoted,Active
12260,Kavya Rao,employee12260@company.com,Engineering,Operations Analyst,Pune,Contract,MCA,2021-07-17,49993,43,7.0,95.92,63,10,3,Average,90.57,17,15,Not Promoted,Inactive
12261,Dinesh Singh,employee12261@company.com,IT,Project Manager,Chennai,Full-Time,MBA,2019-10-31,116216,36,2.1,95.33,98,2,4,Good,99.7,5,5,Promoted,Active
12262,Nisha Sharma,employee12262@company.com,Marketing,Sales Executive,Mumbai,Contract,B.Tech,2023-11-24,74696,28,8.3,88.75,38,0,4,Good,79.25,12,8,Not Promoted,Active
12263,Rahul Gupta,employee12263@company.com,Operations,Support Associate,Pune,Full-Time,M.Com,2019-10-28,146841,24,14.6,78.19,82,8,5,Excellent,106.63,1,21,Not Promoted,Active
12264,Manoj Singh,employee12264@company.com,Marketing,Marketing Executive,Coimbatore,Full-Time,B.Tech,2018-09-17,97496,34,2.2,97.26,91,2,3,Average,67.97,39,9,Not Promoted,Active
12265,Kavya Verma,employee12265@company.com,HR,Sales Executive,Chennai,Part-Time,B.E,2022-02-17,98080,29,5.3,75.35,92,3,4,Good,61.42,12,21,Not Promoted,Active
12266,Sneha Patel,employee12266@company.com,Engineering,Financial Analyst,Mumbai,Full-Time,MCA,2018-11-09,96838,31,7.0,71.31,7,0,4,Good,90.05,0,28,Promoted,Active
12267,Aakash Iyer,employee12267@company.com,Operations,Marketing Executive,Mumbai,Full-Time,B.E,2025-05-02,47289,36,2.3,93.9,26,2,4,Good,56.42,1,26,Promoted,Active
12268,Ravi Sharma,employee12268@company.com,Customer Support,Marketing Executive,Bangalore,Full-Time,MCA,2023-01-19,56346,33,13.8,86.91,68,0,4,Good,103.5,3,16,Not Promoted,Active
12269,Vijay Mishra,employee12269@company.com,Finance,Marketing Executive,Hyderabad,Full-Time,MCA,2025-01-28,134784,37,14.3,77.39,92,12,3,Average,70.13,12,6,Not Promoted,Active
12270,Suresh Joshi,employee12270@company.com,Engineering,Software Engineer,Pune,Contract,B.Com,2022-03-14,83116,34,15.1,90.13,98,3,4,Good,90.38,29,13,Not Promoted,Active
12271,Suresh Rao,employee12271@company.com,Marketing,Marketing Executive,Mumbai,Full-Time,MBA,2022-02-09,133189,49,10.7,93.0,32,15,2,Needs Improvement,82.06,11,13,Not Promoted,Active
12272,Priya Singh,employee12272@company.com,Operations,Software Engineer,Pune,Full-Time,MBA,2019-11-05,50644,37,9.4,95.34,95,9,3,Average,48.54,32,11,Not Promoted,Active
12273,Suresh Verma,employee12273@company.com,Finance,Sales Executive,Mumbai,Full-Time,MCA,2021-11-24,53279,21,5.1,78.46,84,11,3,Average,91.09,37,5,Promoted,Inactive
12274,Divya Singh,employee12274@company.com,Operations,Operations Analyst,Delhi,Full-Time,MCA,2023-07-14,120446,40,12.0,70.77,9,6,4,Good,96.35,33,28,Not Promoted,Active
12275,Swetha Pillai,employee12275@company.com,Finance,Software Engineer,Bangalore,Full-Time,BBA,2024-07-25,73638,53,8.3,85.3,15,9,5,Excellent,108.86,2,13,Not Promoted,Active
12276,Rahul Reddy,employee12276@company.com,Operations,Software Engineer,Hyderabad,Full-Time,B.E,2024-03-12,143911,22,17.5,95.68,10,10,4,Good,72.05,8,7,Not Promoted,Active
12277,Dinesh Verma,employee12277@company.com,Marketing,Marketing Executive,Chennai,Full-Time,BBA,2021-11-07,138917,37,17.4,76.23,18,7,4,Good,77.69,6,16,Not Promoted,Active
12278,Ravi Nair,employee12278@company.com,Engineering,Operations Analyst,Chennai,Full-Time,BBA,2021-02-21,59341,43,16.3,82.63,63,7,4,Good,101.87,3,7,Promoted,Active
12279,Vijay Menon,employee12279@company.com,Marketing,Marketing Executive,Delhi,Part-Time,M.Com,2022-08-19,144660,42,6.8,77.69,51,0,4,Good,62.5,27,7,Not Promoted,Active
12280,Aakash Sharma,employee12280@company.com,HR,Sales Executive,Coimbatore,Full-Time,B.Tech,2022-09-25,143481,21,6.9,70.4,76,10,2,Needs Improvement,57.29,31,16,Not Promoted,Inactive
12281,Swetha Rao,employee12281@company.com,Customer Support,Marketing Executive,Bangalore,Full-Time,MCA,2018-11-24,48903,32,15.4,96.96,14,5,3,Average,53.64,0,10,Not Promoted,Active
12282,Manoj Patel,employee12282@company.com,Customer Support,HR Executive,Mumbai,Full-Time,BBA,2022-05-08,125957,33,13.3,74.05,41,7,3,Average,108.59,12,6,Not Promoted,Active
12283,Rohan Das,employee12283@company.com,Sales,Data Analyst,Bangalore,Full-Time,MCA,2025-12-04,91076,34,12.8,93.0,99,9,3,Average,62.57,35,22,Promoted,Active
12284,Pooja Iyer,employee12284@company.com,IT,Sales Executive,Hyderabad,Full-Time,B.Tech,2018-04-08,59979,30,5.4,80.4,95,15,2,Needs Improvement,94.23,25,6,Not Promoted,Active
12285,Suresh Menon,employee12285@company.com,Marketing,Senior Software Engineer,Chennai,Full-Time,B.Tech,2019-10-21,133054,32,15.1,78.33,82,15,2,Needs Improvement,74.23,12,11,Promoted,Active
12286,Aakash Nair,employee12286@company.com,Marketing,Project Manager,Pune,Full-Time,M.Com,2024-06-05,131626,42,10.6,98.23,78,12,3,Average,60.64,21,15,Not Promoted,Active
12287,Kavya Kumar,employee12287@company.com,Finance,Project Manager,Chennai,Full-Time,M.Com,2023-09-09,90109,38,8.3,89.72,37,9,5,Excellent,104.37,23,12,Not Promoted,Active
12288,Rohan Rao,employee12288@company.com,Sales,Operations Analyst,Coimbatore,Full-Time,B.Tech,2021-01-02,134239,39,15.6,90.61,85,15,3,Average,75.15,10,28,Not Promoted,Active
12289,Pooja Patel,employee12289@company.com,Customer Support,HR Executive,Coimbatore,Full-Time,MCA,2024-01-29,86943,50,7.4,92.79,48,7,3,Average,81.79,24,30,Promoted,Active
12290,Arun Pillai,employee12290@company.com,Marketing,Software Engineer,Coimbatore,Full-Time,MCA,2020-10-14,46927,35,11.9,80.23,76,8,3,Average,59.46,14,14,Not Promoted,Active
12291,Karthik Mishra,employee12291@company.com,Operations,HR Executive,Coimbatore,Full-Time,B.Tech,2020-07-11,94356,34,8.7,86.91,83,7,4,Good,66.07,35,18,Not Promoted,Active
12292,Priya Kumar,employee12292@company.com,Customer Support,Data Analyst,Hyderabad,Contract,MCA,2023-11-02,109151,29,10.9,78.11,48,4,3,Average,93.6,37,2,Not Promoted,Active
12293,Ravi Joshi,employee12293@company.com,Sales,Sales Executive,Mumbai,Full-Time,M.Com,2022-05-28,50401,25,1.2,95.04,78,0,3,Average,67.3,33,10,Not Promoted,Active
12294,Swetha Gupta,employee12294@company.com,IT,Operations Analyst,Bangalore,Contract,B.Tech,2021-08-06,76870,53,8.6,87.98,70,12,4,Good,77.89,33,23,Not Promoted,Active
12295,Aakash Mishra,employee12295@company.com,Operations,HR Executive,Chennai,Full-Time,M.Com,2019-10-01,56701,25,10.2,77.3,54,15,1,Needs Improvement,52.43,31,7,Promoted,Active
12296,Nisha Joshi,employee12296@company.com,Finance,Financial Analyst,Coimbatore,Full-Time,MCA,2018-03-26,98226,44,9.1,96.99,21,8,1,Needs Improvement,100.25,37,7,Not Promoted,Active
12297,Arun Patel,employee12297@company.com,HR,Software Engineer,Chennai,Full-Time,MCA,2021-07-01,124326,28,15.3,87.43,42,9,3,Average,92.94,24,11,Not Promoted,Inactive
12298,Vijay Das,employee12298@company.com,Operations,HR Executive,Coimbatore,Contract,B.Com,2025-06-04,128658,39,5.9,84.85,49,9,1,Needs Improvement,94.45,2,30,Not Promoted,Active
12299,Sneha Reddy,employee12299@company.com,Engineering,Operations Analyst,Pune,Full-Time,B.E,2023-01-22,29226,32,16.0,71.03,83,9,2,Needs Improvement,56.58,28,2,Not Promoted,Active
12300,Anjali Nair,employee12300@company.com,Customer Support,Financial Analyst,Bangalore,Part-Time,B.E,2019-06-03,115808,28,7.6,97.29,18,9,3,Average,77.19,20,19,Not Promoted,Active
12301,Sneha Singh,employee12301@company.com,Engineering,Senior Software Engineer,Pune,Full-Time,M.Sc,2021-08-23,132533,28,12.7,98.57,90,4,4,Good,46.79,8,27,Not Promoted,Active
12302,Sneha Pillai,employee12302@company.com,IT,Sales Executive,Pune,Full-Time,M.Com,2018-07-03,91349,40,2.0,86.88,71,6,4,Good,65.48,20,1,Promoted,Active
12303,Pooja Menon,employee12303@company.com,Operations,Sales Executive,Coimbatore,Part-Time,B.Tech,2020-08-30,143525,49,4.0,83.28,17,11,4,Good,67.62,20,26,Promoted,Active
12304,Karthik Das,employee12304@company.com,Sales,Senior Software Engineer,Mumbai,Contract,B.E,2024-07-16,132154,54,13.8,80.79,9,11,3,Average,104.39,6,2,Not Promoted,Active
12305,Divya Sharma,employee12305@company.com,Sales,Marketing Executive,Chennai,Full-Time,MCA,2018-08-15,52003,38,0.7,78.04,49,6,5,Excellent,109.53,31,15,Not Promoted,Active
12306,Anjali Kumar,employee12306@company.com,IT,Project Manager,Delhi,Full-Time,BBA,2020-04-16,108003,21,17.4,87.24,48,10,3,Average,85.15,21,20,Not Promoted,Inactive
12307,Ajay Kumar,employee12307@company.com,Customer Support,Financial Analyst,Bangalore,Full-Time,MBA,2024-04-30,126278,31,3.8,73.84,40,3,2,Needs Improvement,78.59,10,18,Promoted,Active
12308,Dinesh Rao,employee12308@company.com,Sales,Software Engineer,Mumbai,Full-Time,B.Tech,2024-11-02,122571,55,16.3,97.58,98,7,4,Good,73.61,33,19,Not Promoted,Active
12309,Rahul Menon,employee12309@company.com,Operations,HR Executive,Delhi,Full-Time,M.Com,2021-06-28,83527,52,9.5,75.28,14,10,2,Needs Improvement,46.19,13,6,Not Promoted,Active
12310,Rahul Kumar,employee12310@company.com,HR,Data Analyst,Mumbai,Full-Time,MCA,2018-06-19,79718,36,10.4,92.37,22,9,3,Average,97.01,40,18,Not Promoted,Active
12311,Rahul Verma,employee12311@company.com,Operations,Project Manager,Coimbatore,Full-Time,MCA,2019-07-20,113601,26,2.0,79.21,75,8,4,Good,88.67,21,0,Promoted,Active
12312,Divya Iyer,employee12312@company.com,HR,Operations Analyst,Coimbatore,Full-Time,MBA,2023-04-20,93160,29,6.9,76.78,26,11,5,Excellent,87.2,24,12,Not Promoted,Active
12313,Rahul Joshi,employee12313@company.com,Sales,Marketing Executive,Mumbai,Contract,M.Com,2023-12-20,30505,42,3.2,86.74,5,3,3,Average,97.59,15,13,Not Promoted,Active
12314,Pooja Rao,employee12314@company.com,Operations,Software Engineer,Hyderabad,Full-Time,M.Sc,2020-04-06,38381,28,9.7,92.95,23,15,4,Good,105.32,32,0,Not Promoted,Active
12315,Pooja Rao,employee12315@company.com,Sales,Data Analyst,Hyderabad,Full-Time,B.Tech,2019-08-29,32549,52,10.1,91.8,85,1,5,Excellent,70.32,1,3,Not Promoted,Active
12316,Kavya Joshi,employee12316@company.com,Customer Support,Data Analyst,Mumbai,Contract,MCA,2018-12-16,126036,46,12.9,77.01,8,9,2,Needs Improvement,72.72,38,16,Not Promoted,Active
12317,Divya Sharma,employee12317@company.com,HR,Software Engineer,Hyderabad,Full-Time,M.Sc,2018-04-09,76149,38,15.9,79.92,73,3,3,Average,108.38,5,5,Not Promoted,Active
12318,Sneha Gupta,employee12318@company.com,Customer Support,Marketing Executive,Bangalore,Full-Time,B.Com,2022-11-05,35203,32,8.7,96.06,61,1,3,Average,88.19,33,19,Not Promoted,Active
12319,Ajay Singh,employee12319@company.com,Sales,Operations Analyst,Chennai,Full-Time,MCA,2022-12-10,83592,54,4.6,91.7,66,11,3,Average,100.34,36,20,Not Promoted,Active
12320,Ajay Patel,employee12320@company.com,Marketing,Senior Software Engineer,Delhi,Full-Time,B.Com,2020-11-26,81827,24,6.3,91.38,69,0,3,Average,59.4,21,5,Promoted,Inactive
12321,Arun Nair,employee12321@company.com,Finance,Project Manager,Coimbatore,Full-Time,BBA,2018-03-16,36928,36,15.3,78.07,89,13,5,Excellent,65.61,15,1,Not Promoted,Active
12322,Vijay Rao,employee12322@company.com,Operations,Support Associate,Bangalore,Full-Time,B.Com,2023-10-07,121295,44,3.1,93.76,77,0,4,Good,70.45,6,16,Not Promoted,Active
12323,Ajay Singh,employee12323@company.com,Marketing,Support Associate,Chennai,Full-Time,B.Tech,2019-02-06,38457,34,11.5,80.75,99,10,4,Good,65.6,12,28,Not Promoted,Active
12324,Nisha Singh,employee12324@company.com,Customer Support,Marketing Executive,Hyderabad,Full-Time,BBA,2018-07-07,147465,37,0.7,82.04,41,3,3,Average,102.48,16,25,Not Promoted,Active
12325,Vijay Rao,employee12325@company.com,Engineering,Data Analyst,Delhi,Contract,B.Tech,2018-05-19,62111,51,4.8,78.63,59,13,4,Good,78.25,2,15,Not Promoted,Active
12326,Meena Das,employee12326@company.com,Sales,HR Executive,Bangalore,Full-Time,MBA,2018-05-23,49587,24,10.8,73.64,82,8,5,Excellent,106.99,11,11,Not Promoted,Active
12327,Priya Singh,employee12327@company.com,Sales,Senior Software Engineer,Pune,Full-Time,MCA,2018-04-18,84354,54,8.5,82.61,47,13,4,Good,65.89,5,11,Not Promoted,Active
12328,Suresh Verma,employee12328@company.com,Finance,Senior Software Engineer,Coimbatore,Full-Time,B.Tech,2018-08-09,126911,23,9.1,70.51,55,14,1,Needs Improvement,47.42,11,17,Not Promoted,Active
12329,Arun Singh,employee12329@company.com,Sales,Marketing Executive,Mumbai,Full-Time,B.Tech,2018-05-25,50312,28,12.1,83.68,86,8,4,Good,53.97,10,29,Not Promoted,Active
12330,Meena Rao,employee12330@company.com,Finance,Operations Analyst,Coimbatore,Full-Time,MBA,2025-12-15,91045,32,4.6,91.75,4,14,2,Needs Improvement,59.11,40,15,Promoted,Active
12331,Aakash Pillai,employee12331@company.com,Operations,Marketing Executive,Chennai,Full-Time,MBA,2019-05-25,132764,55,5.4,98.82,78,6,3,Average,86.6,18,5,Not Promoted,Active
12332,Ravi Menon,employee12332@company.com,HR,HR Executive,Chennai,Full-Time,MCA,2024-08-20,31094,22,12.5,72.36,93,4,2,Needs Improvement,56.77,30,12,Not Promoted,Active
12333,Sneha Joshi,employee12333@company.com,Finance,Sales Executive,Pune,Full-Time,M.Sc,2018-01-05,102994,49,9.9,78.44,96,5,4,Good,69.8,1,30,Promoted,Active
12334,Anjali Rao,employee12334@company.com,Finance,Support Associate,Pune,Full-Time,M.Com,2019-01-23,63513,43,0.8,84.82,53,0,4,Good,96.7,31,25,Promoted,Active
12335,Swetha Gupta,employee12335@company.com,Marketing,Marketing Executive,Mumbai,Full-Time,B.E,2025-02-28,111736,53,12.2,75.11,37,2,2,Needs Improvement,53.11,17,24,Promoted,Active
12336,Sneha Sharma,employee12336@company.com,Sales,Senior Software Engineer,Hyderabad,Full-Time,MCA,2022-10-24,126346,38,11.4,73.5,18,15,3,Average,50.23,3,15,Not Promoted,Active
12337,Rohan Pillai,employee12337@company.com,Operations,Operations Analyst,Coimbatore,Full-Time,B.E,2023-03-11,95446,42,1.9,83.57,68,0,3,Average,80.1,21,23,Not Promoted,Active
12338,Ajay Iyer,employee12338@company.com,HR,Support Associate,Bangalore,Full-Time,BBA,2019-07-14,31572,34,13.6,87.42,72,15,3,Average,90.37,13,9,Not Promoted,Active
12339,Meena Rao,employee12339@company.com,IT,Financial Analyst,Bangalore,Full-Time,BBA,2023-01-14,140746,49,9.6,94.61,70,9,2,Needs Improvement,104.21,13,10,Not Promoted,Active
12340,Kavya Pillai,employee12340@company.com,Customer Support,Software Engineer,Bangalore,Full-Time,M.Com,2022-11-07,62068,35,4.1,99.93,23,4,3,Average,88.03,36,0,Not Promoted,Active
12341,Sneha Patel,employee12341@company.com,Finance,Senior Software Engineer,Hyderabad,Full-Time,B.Com,2022-11-19,34081,35,10.3,93.23,79,3,4,Good,106.5,28,20,Not Promoted,Active
12342,Rahul Nair,employee12342@company.com,IT,Financial Analyst,Coimbatore,Full-Time,M.Sc,2018-12-31,112423,24,10.9,76.64,100,2,2,Needs Improvement,60.89,33,6,Not Promoted,Active
12343,Divya Joshi,employee12343@company.com,Sales,Operations Analyst,Coimbatore,Full-Time,MCA,2019-02-21,109872,25,16.6,92.44,9,5,2,Needs Improvement,67.22,5,23,Not Promoted,Active
12344,Swetha Iyer,employee12344@company.com,Customer Support,Senior Software Engineer,Mumbai,Contract,B.Tech,2022-06-24,52913,23,13.5,86.11,84,15,3,Average,99.56,11,22,Not Promoted,Active
12345,Ajay Sharma,employee12345@company.com,Finance,Marketing Executive,Bangalore,Contract,MBA,2023-08-31,112616,32,5.8,83.52,20,5,5,Excellent,97.72,23,16,Promoted,Inactive
12346,Meena Nair,employee12346@company.com,Engineering,Senior Software Engineer,Chennai,Full-Time,MCA,2025-04-15,65378,40,2.6,98.07,14,8,4,Good,88.22,28,11,Not Promoted,Active
12347,Divya Singh,employee12347@company.com,Engineering,Operations Analyst,Chennai,Part-Time,MBA,2019-06-01,135177,40,15.4,91.06,63,3,4,Good,77.89,9,19,Promoted,Active
12348,Nisha Menon,employee12348@company.com,IT,Senior Software Engineer,Chennai,Full-Time,B.Com,2021-05-05,76896,21,15.3,90.45,12,8,3,Average,46.15,35,19,Not Promoted,Active
12349,Sneha Patel,employee12349@company.com,Marketing,HR Executive,Pune,Full-Time,MBA,2019-10-23,87189,23,3.6,70.35,70,12,4,Good,63.23,33,14,Not Promoted,Active
12350,Rahul Gupta,employee12350@company.com,IT,Data Analyst,Pune,Full-Time,B.Com,2018-11-26,51084,29,1.6,95.95,39,14,1,Needs Improvement,55.29,31,8,Not Promoted,Active
12351,Aakash Sharma,employee12351@company.com,Customer Support,Financial Analyst,Hyderabad,Full-Time,M.Sc,2019-01-13,122240,40,13.0,93.8,7,3,4,Good,48.33,31,30,Not Promoted,Active
12352,Vijay Reddy,employee12352@company.com,Marketing,Sales Executive,Bangalore,Contract,M.Com,2018-06-09,147325,29,13.1,78.97,37,7,5,Excellent,95.45,14,27,Promoted,Active
12353,Karthik Singh,employee12353@company.com,Customer Support,Data Analyst,Pune,Full-Time,B.Com,2019-10-20,85681,51,3.6,78.76,51,7,4,Good,53.54,8,21,Promoted,Active
12354,Karthik Menon,employee12354@company.com,HR,Operations Analyst,Chennai,Full-Time,BBA,2024-07-29,93569,48,12.2,71.6,1,1,5,Excellent,68.23,35,5,Not Promoted,Active
12355,Sneha Verma,employee12355@company.com,Sales,Support Associate,Pune,Full-Time,B.E,2021-06-17,47418,55,5.4,71.53,100,13,4,Good,108.53,21,4,Not Promoted,Active
12356,Divya Verma,employee12356@company.com,Engineering,HR Executive,Coimbatore,Full-Time,BBA,2018-03-20,67727,22,5.1,90.06,21,9,2,Needs Improvement,71.59,12,4,Not Promoted,Active
12357,Suresh Rao,employee12357@company.com,Operations,Financial Analyst,Chennai,Full-Time,MCA,2024-01-09,99860,23,6.2,75.59,3,13,5,Excellent,54.2,40,8,Not Promoted,Active
12358,Suresh Verma,employee12358@company.com,IT,Operations Analyst,Bangalore,Full-Time,BBA,2025-01-08,57232,34,9.6,97.71,51,11,2,Needs Improvement,89.83,13,1,Promoted,Active
12359,Swetha Rao,employee12359@company.com,Finance,Financial Analyst,Coimbatore,Full-Time,BBA,2024-08-27,91737,37,14.6,95.27,6,7,4,Good,97.65,25,9,Not Promoted,Active
12360,Vijay Pillai,employee12360@company.com,Customer Support,Senior Software Engineer,Hyderabad,Full-Time,BBA,2019-11-24,107168,55,9.2,80.47,0,1,2,Needs Improvement,63.14,24,4,Not Promoted,Active
12361,Kavya Reddy,employee12361@company.com,Customer Support,Project Manager,Mumbai,Full-Time,B.Com,2023-07-31,33003,24,5.7,81.4,82,10,1,Needs Improvement,97.61,21,30,Not Promoted,Active
12362,Vijay Mishra,employee12362@company.com,Sales,Marketing Executive,Mumbai,Full-Time,MCA,2024-07-27,51471,50,16.0,79.82,57,7,3,Average,62.65,29,16,Not Promoted,Active
12363,Pooja Gupta,employee12363@company.com,IT,Data Analyst,Coimbatore,Full-Time,M.Com,2021-05-09,87468,34,1.5,72.77,61,5,3,Average,90.05,12,20,Not Promoted,Active
12364,Swetha Sharma,employee12364@company.com,Finance,Senior Software Engineer,Chennai,Full-Time,M.Sc,2020-08-08,79428,47,14.4,70.94,93,12,3,Average,53.11,31,3,Not Promoted,Active
12365,Sneha Das,employee12365@company.com,Finance,Software Engineer,Pune,Part-Time,BBA,2023-12-21,49805,33,14.2,83.56,65,2,4,Good,72.81,36,3,Not Promoted,Active
12366,Ajay Das,employee12366@company.com,Customer Support,Support Associate,Pune,Full-Time,B.Com,2023-06-12,93211,40,4.9,98.29,54,11,2,Needs Improvement,78.83,18,12,Not Promoted,Active
12367,Swetha Singh,employee12367@company.com,Operations,Software Engineer,Chennai,Full-Time,M.Com,2025-05-05,100012,44,4.0,97.52,12,10,2,Needs Improvement,92.14,34,19,Not Promoted,Active
12368,Priya Rao,employee12368@company.com,Customer Support,Software Engineer,Bangalore,Part-Time,B.E,2024-01-26,44259,30,15.8,94.3,27,13,4,Good,87.25,28,18,Promoted,Active
12369,Rahul Singh,employee12369@company.com,Operations,HR Executive,Coimbatore,Contract,M.Sc,2020-05-15,99048,27,10.3,88.86,13,12,3,Average,100.47,6,5,Promoted,Inactive
12370,Vijay Menon,employee12370@company.com,Customer Support,Sales Executive,Chennai,Full-Time,B.Tech,2019-01-26,65062,37,1.3,95.69,2,12,4,Good,56.98,34,18,Not Promoted,Active
12371,Manoj Menon,employee12371@company.com,Customer Support,Data Analyst,Bangalore,Full-Time,M.Com,2023-02-25,74179,42,16.1,85.45,15,13,4,Good,87.98,38,21,Not Promoted,Active
12372,Swetha Sharma,employee12372@company.com,Finance,Project Manager,Hyderabad,Full-Time,B.Tech,2021-11-09,68858,31,6.6,75.4,88,6,4,Good,53.3,5,15,Not Promoted,Inactive
12373,Kavya Gupta,employee12373@company.com,Operations,Senior Software Engineer,Hyderabad,Contract,M.Com,2020-03-30,91045,43,6.5,90.53,45,11,4,Good,76.08,13,5,Promoted,Inactive
12374,Kavya Mishra,employee12374@company.com,Finance,Software Engineer,Coimbatore,Full-Time,BBA,2023-11-16,105099,42,11.8,97.62,2,5,3,Average,79.1,27,10,Promoted,Active
12375,Anjali Iyer,employee12375@company.com,IT,Software Engineer,Chennai,Full-Time,M.Sc,2025-09-28,42024,38,12.1,70.59,97,2,4,Good,46.77,0,9,Not Promoted,Active
12376,Swetha Pillai,employee12376@company.com,Customer Support,Support Associate,Hyderabad,Full-Time,B.Com,2018-12-06,86980,46,6.7,77.54,2,13,3,Average,49.57,20,30,Not Promoted,Inactive
12377,Priya Verma,employee12377@company.com,HR,Project Manager,Pune,Full-Time,B.Tech,2022-04-04,110170,50,3.0,77.96,40,4,3,Average,99.55,26,17,Not Promoted,Active
12378,Arun Singh,employee12378@company.com,Operations,Project Manager,Bangalore,Full-Time,M.Sc,2018-05-12,94283,33,10.2,72.97,28,3,4,Good,63.64,21,8,Not Promoted,Active
12379,Rohan Rao,employee12379@company.com,Marketing,Project Manager,Mumbai,Full-Time,M.Com,2024-03-07,76871,24,11.4,76.76,39,13,3,Average,67.5,10,9,Not Promoted,Active
12380,Ravi Patel,employee12380@company.com,Engineering,Senior Software Engineer,Mumbai,Full-Time,MCA,2019-01-12,45287,47,15.6,81.52,18,12,4,Good,86.63,8,14,Promoted,Active
12381,Vijay Kumar,employee12381@company.com,Marketing,Data Analyst,Hyderabad,Contract,M.Com,2019-10-02,144693,30,9.0,98.2,19,5,4,Good,59.35,9,23,Not Promoted,Active
12382,Ravi Kumar,employee12382@company.com,Marketing,Data Analyst,Bangalore,Full-Time,B.Tech,2022-03-02,50887,48,11.8,95.81,20,0,4,Good,57.54,38,13,Not Promoted,Active
12383,Swetha Menon,employee12383@company.com,HR,Senior Software Engineer,Pune,Full-Time,MCA,2019-03-17,126640,41,1.5,98.38,19,0,5,Excellent,72.4,30,15,Not Promoted,Active
12384,Pooja Nair,employee12384@company.com,Finance,HR Executive,Mumbai,Full-Time,BBA,2022-10-08,149370,31,16.2,73.62,91,7,3,Average,48.83,31,28,Promoted,Active
12385,Meena Patel,employee12385@company.com,Finance,Senior Software Engineer,Pune,Full-Time,M.Sc,2021-04-18,42802,40,6.2,70.84,46,12,3,Average,104.6,30,6,Promoted,Active
12386,Suresh Das,employee12386@company.com,Engineering,Marketing Executive,Pune,Full-Time,M.Com,2018-08-29,98135,39,11.6,73.3,90,7,4,Good,106.11,7,24,Promoted,Active
12387,Aakash Kumar,employee12387@company.com,Engineering,Operations Analyst,Mumbai,Full-Time,B.Tech,2022-12-15,34650,30,16.5,97.43,43,11,3,Average,74.13,39,7,Not Promoted,Active
12388,Anjali Kumar,employee12388@company.com,Sales,Marketing Executive,Mumbai,Full-Time,B.E,2024-12-23,44843,35,14.7,74.72,88,8,4,Good,58.6,4,24,Not Promoted,Active
12389,Suresh Mishra,employee12389@company.com,Engineering,HR Executive,Hyderabad,Full-Time,MBA,2018-01-23,79056,38,11.7,87.18,1,12,4,Good,75.59,30,7,Promoted,Inactive
12390,Vijay Kumar,employee12390@company.com,Marketing,HR Executive,Coimbatore,Part-Time,B.E,2025-05-03,55232,27,12.8,76.83,42,7,4,Good,51.5,6,12,Promoted,Active
12391,Rohan Reddy,employee12391@company.com,Marketing,Senior Software Engineer,Bangalore,Full-Time,B.Tech,2021-04-18,65080,50,16.6,70.62,56,13,3,Average,70.86,13,18,Not Promoted,Active
12392,Rohan Pillai,employee12392@company.com,Finance,Senior Software Engineer,Chennai,Contract,B.Com,2023-03-03,130646,34,14.7,72.54,87,1,3,Average,49.79,24,9,Not Promoted,Active
12393,Kavya Iyer,employee12393@company.com,Marketing,Sales Executive,Bangalore,Contract,B.Com,2018-06-24,68527,50,11.2,91.29,96,13,3,Average,90.9,20,0,Not Promoted,Inactive
12394,Ajay Das,employee12394@company.com,Finance,Support Associate,Chennai,Contract,MBA,2018-07-17,67297,47,12.0,75.47,18,10,2,Needs Improvement,62.92,28,26,Not Promoted,Active
12395,Nisha Verma,employee12395@company.com,Customer Support,Marketing Executive,Mumbai,Full-Time,B.Tech,2018-04-09,53268,37,3.1,76.87,89,4,5,Excellent,78.84,30,21,Not Promoted,Active
12396,Ajay Menon,employee12396@company.com,Customer Support,Data Analyst,Pune,Full-Time,MCA,2020-01-15,144936,50,8.7,81.32,63,7,3,Average,45.88,3,27,Not Promoted,Active
12397,Vijay Menon,employee12397@company.com,Finance,Sales Executive,Bangalore,Contract,M.Com,2021-12-21,54185,38,5.8,89.72,45,14,2,Needs Improvement,79.1,40,29,Not Promoted,Active
12398,Priya Kumar,employee12398@company.com,Operations,Project Manager,Pune,Full-Time,B.E,2019-03-29,142769,23,8.1,84.08,40,8,1,Needs Improvement,45.21,28,15,Not Promoted,Active
12399,Rohan Reddy,employee12399@company.com,Finance,Financial Analyst,Bangalore,Full-Time,MCA,2022-11-17,25346,48,12.1,98.34,66,15,4,Good,105.14,0,2,Not Promoted,Inactive
12400,Nisha Rao,employee12400@company.com,IT,Data Analyst,Coimbatore,Full-Time,M.Sc,2019-05-14,74268,50,3.1,83.03,90,12,4,Good,77.58,31,2,Not Promoted,Active
12401,Karthik Rao,employee12401@company.com,IT,Project Manager,Delhi,Full-Time,B.E,2018-05-21,68418,41,0.8,75.97,13,5,3,Average,51.5,0,5,Not Promoted,Active
12402,Manoj Kumar,employee12402@company.com,IT,Sales Executive,Bangalore,Full-Time,MBA,2022-09-11,34612,40,7.4,86.08,19,14,2,Needs Improvement,67.17,3,25,Promoted,Active
12403,Arun Mishra,employee12403@company.com,IT,Software Engineer,Pune,Part-Time,BBA,2025-09-21,67814,42,6.1,83.53,34,3,3,Average,47.99,19,11,Not Promoted,Active
12404,Rahul Nair,employee12404@company.com,HR,Sales Executive,Delhi,Full-Time,MBA,2024-02-01,110002,41,7.9,93.61,86,8,3,Average,79.51,39,24,Promoted,Active
12405,Suresh Singh,employee12405@company.com,Sales,Sales Executive,Hyderabad,Full-Time,M.Sc,2024-10-03,137013,44,16.8,98.05,24,15,4,Good,52.95,36,29,Promoted,Active
12406,Anjali Das,employee12406@company.com,Sales,Sales Executive,Coimbatore,Full-Time,MBA,2019-11-07,26631,41,12.9,95.09,3,11,4,Good,75.75,13,4,Not Promoted,Active
12407,Ajay Reddy,employee12407@company.com,Finance,Senior Software Engineer,Mumbai,Full-Time,BBA,2022-01-03,92535,27,6.2,81.67,56,3,3,Average,64.86,13,15,Not Promoted,Active
12408,Aakash Kumar,employee12408@company.com,Customer Support,Marketing Executive,Hyderabad,Full-Time,M.Sc,2025-01-23,82211,28,3.6,76.48,1,5,3,Average,94.5,1,16,Not Promoted,Active
12409,Ajay Singh,employee12409@company.com,Marketing,Sales Executive,Hyderabad,Full-Time,MCA,2020-07-06,40452,42,11.3,97.43,65,11,5,Excellent,76.35,20,9,Promoted,Active
12410,Ajay Patel,employee12410@company.com,IT,Senior Software Engineer,Bangalore,Full-Time,MCA,2022-12-28,114189,42,12.0,81.58,88,14,3,Average,100.13,28,6,Not Promoted,Active
12411,Pooja Joshi,employee12411@company.com,Sales,Project Manager,Mumbai,Full-Time,MBA,2024-08-05,103105,50,9.0,93.11,86,14,4,Good,106.19,11,29,Not Promoted,Active
12412,Suresh Verma,employee12412@company.com,Sales,Support Associate,Coimbatore,Full-Time,MCA,2024-10-29,65900,54,4.2,99.69,20,4,2,Needs Improvement,108.02,17,24,Not Promoted,Active
12413,Rahul Nair,employee12413@company.com,IT,Marketing Executive,Delhi,Full-Time,MBA,2025-02-16,47482,49,1.0,87.32,88,0,3,Average,61.91,37,9,Not Promoted,Active
12414,Nisha Patel,employee12414@company.com,Customer Support,Project Manager,Bangalore,Full-Time,BBA,2019-12-09,148686,30,5.1,84.4,90,3,1,Needs Improvement,94.89,40,1,Not Promoted,Active
12415,Pooja Kumar,employee12415@company.com,HR,HR Executive,Chennai,Full-Time,MCA,2022-09-27,130307,25,8.5,91.0,51,9,4,Good,73.48,31,14,Not Promoted,Active
12416,Priya Gupta,employee12416@company.com,HR,Data Analyst,Bangalore,Full-Time,MBA,2023-02-24,124995,54,14.3,75.82,74,2,5,Excellent,72.7,40,24,Not Promoted,Active
12417,Suresh Menon,employee12417@company.com,Engineering,Financial Analyst,Delhi,Full-Time,M.Com,2019-07-15,60472,30,15.4,84.65,77,7,3,Average,101.43,21,20,Not Promoted,Active
12418,Pooja Iyer,employee12418@company.com,Sales,HR Executive,Pune,Full-Time,BBA,2020-09-23,112460,29,7.7,79.37,80,6,1,Needs Improvement,54.47,35,28,Not Promoted,Active
12419,Vijay Singh,employee12419@company.com,Engineering,Operations Analyst,Coimbatore,Full-Time,M.Com,2018-02-28,143123,52,14.4,74.93,14,12,1,Needs Improvement,76.06,11,16,Not Promoted,Inactive
12420,Pooja Das,employee12420@company.com,HR,Support Associate,Coimbatore,Full-Time,M.Sc,2021-04-05,66170,25,17.9,88.3,45,9,3,Average,83.54,20,30,Not Promoted,Active
12421,Anjali Gupta,employee12421@company.com,Operations,Operations Analyst,Bangalore,Full-Time,B.E,2020-08-24,116802,55,13.0,87.27,30,14,3,Average,49.3,7,3,Not Promoted,Active
12422,Karthik Pillai,employee12422@company.com,IT,Software Engineer,Chennai,Contract,M.Sc,2022-06-13,92313,31,13.3,92.84,61,0,1,Needs Improvement,101.19,27,7,Not Promoted,Active
12423,Sneha Iyer,employee12423@company.com,Customer Support,Software Engineer,Bangalore,Contract,B.E,2022-12-12,105379,36,16.4,96.19,33,10,4,Good,65.43,21,18,Not Promoted,Active
12424,Rohan Patel,employee12424@company.com,Sales,Sales Executive,Delhi,Full-Time,M.Sc,2018-09-20,60915,47,6.4,76.61,35,7,3,Average,87.69,15,20,Not Promoted,Active
12425,Kavya Sharma,employee12425@company.com,IT,Support Associate,Coimbatore,Full-Time,MBA,2021-12-25,120554,40,0.7,93.39,43,6,3,Average,105.33,11,1,Promoted,Active
12426,Rohan Das,employee12426@company.com,HR,Project Manager,Chennai,Part-Time,B.E,2024-02-22,33057,21,17.8,81.02,62,14,5,Excellent,91.78,16,20,Not Promoted,Active
12427,Rahul Verma,employee12427@company.com,IT,HR Executive,Mumbai,Contract,MCA,2018-12-20,43883,46,9.1,88.86,76,11,2,Needs Improvement,102.59,20,15,Not Promoted,Active
12428,Pooja Reddy,employee12428@company.com,HR,Support Associate,Delhi,Full-Time,MBA,2020-07-29,74838,31,14.2,95.51,17,1,5,Excellent,49.52,6,13,Not Promoted,Active
12429,Priya Reddy,employee12429@company.com,Customer Support,HR Executive,Coimbatore,Full-Time,M.Com,2018-02-16,85014,35,14.7,77.69,80,9,3,Average,77.03,19,11,Not Promoted,Active
12430,Karthik Reddy,employee12430@company.com,HR,Financial Analyst,Bangalore,Full-Time,B.Com,2020-01-23,46450,38,7.5,88.03,44,11,5,Excellent,81.71,35,8,Not Promoted,Active
12431,Priya Mishra,employee12431@company.com,IT,Project Manager,Coimbatore,Full-Time,M.Com,2021-08-25,50505,44,10.0,84.41,38,13,4,Good,89.79,40,11,Promoted,Active
12432,Priya Singh,employee12432@company.com,Customer Support,Operations Analyst,Chennai,Full-Time,B.Tech,2018-08-18,86457,48,9.9,93.72,91,13,4,Good,52.6,12,2,Not Promoted,Active
12433,Rohan Rao,employee12433@company.com,HR,HR Executive,Delhi,Full-Time,M.Com,2023-04-09,50890,45,4.4,90.92,25,3,5,Excellent,87.69,40,22,Not Promoted,Active
12434,Dinesh Singh,employee12434@company.com,Engineering,Financial Analyst,Mumbai,Full-Time,B.Tech,2020-01-27,76985,43,2.6,93.09,77,14,3,Average,54.49,28,12,Promoted,Active
12435,Arun Rao,employee12435@company.com,Operations,Support Associate,Pune,Part-Time,B.E,2024-06-21,133269,31,10.0,78.64,100,1,5,Excellent,49.39,36,5,Not Promoted,Active
12436,Ajay Das,employee12436@company.com,Finance,Financial Analyst,Hyderabad,Full-Time,M.Com,2020-02-01,60013,53,2.6,91.13,74,8,3,Average,75.51,7,1,Not Promoted,Active
12437,Kavya Das,employee12437@company.com,IT,Data Analyst,Chennai,Full-Time,B.Com,2021-01-05,58953,36,6.6,88.17,95,12,3,Average,84.02,19,29,Promoted,Active
12438,Anjali Gupta,employee12438@company.com,Finance,Financial Analyst,Pune,Full-Time,MCA,2023-10-11,27464,43,3.8,83.7,23,7,3,Average,107.28,9,6,Not Promoted,Active
12439,Ravi Reddy,employee12439@company.com,IT,Financial Analyst,Mumbai,Full-Time,M.Com,2018-08-26,99111,26,12.9,81.35,57,0,4,Good,90.41,14,25,Not Promoted,Active
12440,Aakash Mishra,employee12440@company.com,HR,Sales Executive,Pune,Contract,MCA,2018-03-19,137839,44,15.8,79.95,94,0,2,Needs Improvement,83.44,11,19,Not Promoted,Active
12441,Aakash Patel,employee12441@company.com,HR,Software Engineer,Bangalore,Full-Time,M.Com,2025-08-13,71825,26,10.6,70.29,49,7,4,Good,58.95,15,13,Not Promoted,Active
12442,Suresh Nair,employee12442@company.com,Customer Support,Operations Analyst,Hyderabad,Full-Time,M.Com,2025-02-19,54566,30,7.7,75.09,71,4,4,Good,54.88,7,5,Not Promoted,Active
12443,Aakash Singh,employee12443@company.com,Sales,Data Analyst,Chennai,Full-Time,BBA,2025-05-21,119035,42,17.9,71.77,38,0,4,Good,84.47,19,22,Not Promoted,Active
12444,Karthik Gupta,employee12444@company.com,Operations,Data Analyst,Delhi,Full-Time,MCA,2023-06-08,26521,43,0.9,95.45,71,10,4,Good,59.49,13,8,Not Promoted,Active
12445,Anjali Singh,employee12445@company.com,Engineering,Software Engineer,Coimbatore,Full-Time,MCA,2020-11-18,42363,25,5.8,95.8,30,3,3,Average,90.93,36,6,Not Promoted,Active
12446,Manoj Menon,employee12446@company.com,Sales,Marketing Executive,Mumbai,Full-Time,MBA,2021-03-04,105938,48,5.4,95.39,82,1,3,Average,52.44,25,18,Not Promoted,Active
12447,Anjali Verma,employee12447@company.com,Finance,HR Executive,Hyderabad,Full-Time,M.Com,2018-12-17,111097,29,6.7,94.54,35,15,3,Average,67.08,37,24,Not Promoted,Active
12448,Suresh Verma,employee12448@company.com,HR,Financial Analyst,Mumbai,Full-Time,M.Com,2020-07-01,94146,48,4.5,76.64,38,12,3,Average,95.25,40,15,Promoted,Active
12449,Divya Singh,employee12449@company.com,Sales,Support Associate,Coimbatore,Full-Time,BBA,2018-12-16,147159,45,5.1,84.75,95,8,2,Needs Improvement,99.02,28,12,Promoted,Active
12450,Ajay Rao,employee12450@company.com,HR,Financial Analyst,Pune,Contract,B.Com,2021-07-28,96236,47,5.0,97.24,20,9,3,Average,67.44,12,5,Not Promoted,Active
12451,Swetha Das,employee12451@company.com,IT,Support Associate,Mumbai,Part-Time,MCA,2024-11-28,36462,44,9.4,92.79,22,5,3,Average,58.44,33,3,Not Promoted,Active
12452,Kavya Gupta,employee12452@company.com,Sales,Financial Analyst,Mumbai,Contract,BBA,2018-10-19,98109,36,7.3,70.05,53,10,5,Excellent,107.28,21,11,Not Promoted,Active
12453,Nisha Kumar,employee12453@company.com,Finance,Data Analyst,Pune,Part-Time,MCA,2021-04-27,76105,22,11.7,83.78,35,8,4,Good,94.47,25,25,Promoted,Active
12454,Rahul Verma,employee12454@company.com,Customer Support,Marketing Executive,Pune,Part-Time,B.Tech,2019-04-13,79698,22,9.5,70.32,14,0,3,Average,97.46,33,20,Not Promoted,Active
12455,Divya Nair,employee12455@company.com,Sales,Software Engineer,Coimbatore,Full-Time,B.Tech,2021-06-19,132980,25,3.7,78.42,1,0,4,Good,59.48,23,9,Not Promoted,Inactive
12456,Ajay Patel,employee12456@company.com,HR,Project Manager,Hyderabad,Full-Time,MCA,2024-06-11,107803,41,14.7,83.07,75,10,2,Needs Improvement,72.59,20,15,Not Promoted,Active
12457,Anjali Iyer,employee12457@company.com,Marketing,Senior Software Engineer,Chennai,Full-Time,B.Com,2021-04-22,52103,30,8.8,96.79,69,3,3,Average,49.43,30,0,Not Promoted,Active
12458,Rohan Patel,employee12458@company.com,Marketing,Operations Analyst,Pune,Full-Time,BBA,2024-11-30,144511,38,3.2,89.63,37,1,4,Good,52.11,11,11,Not Promoted,Active
12459,Meena Verma,employee12459@company.com,Customer Support,Project Manager,Hyderabad,Full-Time,B.E,2024-11-01,41507,46,3.4,80.87,64,14,3,Average,59.36,23,19,Not Promoted,Active
12460,Aakash Verma,employee12460@company.com,Customer Support,Operations Analyst,Coimbatore,Full-Time,M.Com,2018-08-18,121783,40,14.4,84.72,49,14,3,Average,64.71,20,29,Not Promoted,Active
12461,Suresh Verma,employee12461@company.com,Operations,HR Executive,Mumbai,Contract,B.E,2020-11-30,88101,41,12.8,94.52,89,0,5,Excellent,109.82,3,18,Promoted,Active
12462,Aakash Mishra,employee12462@company.com,Customer Support,Software Engineer,Mumbai,Full-Time,B.Com,2020-03-03,123829,22,9.4,78.99,86,5,5,Excellent,72.44,24,21,Promoted,Active
12463,Suresh Singh,employee12463@company.com,HR,Support Associate,Delhi,Contract,B.E,2025-06-14,141774,53,5.9,88.45,0,7,4,Good,90.36,7,24,Not Promoted,Active
12464,Rohan Singh,employee12464@company.com,Engineering,Project Manager,Bangalore,Full-Time,B.Tech,2020-04-03,73326,43,8.6,77.87,20,0,4,Good,103.79,35,28,Not Promoted,Active
12465,Karthik Reddy,employee12465@company.com,IT,Project Manager,Pune,Full-Time,MBA,2022-08-21,35347,51,11.6,84.4,56,10,4,Good,60.99,33,18,Not Promoted,Active
12466,Aakash Rao,employee12466@company.com,Sales,Operations Analyst,Coimbatore,Full-Time,B.E,2020-04-15,113331,24,15.9,70.74,18,10,3,Average,54.41,26,29,Not Promoted,Active
12467,Priya Verma,employee12467@company.com,Customer Support,Project Manager,Hyderabad,Full-Time,MBA,2024-07-22,31099,23,10.2,95.57,28,9,3,Average,60.81,27,27,Not Promoted,Active
12468,Ravi Iyer,employee12468@company.com,Marketing,Support Associate,Delhi,Full-Time,B.E,2023-08-20,100104,30,5.3,71.45,49,9,1,Needs Improvement,102.36,28,20,Promoted,Active
12469,Rahul Sharma,employee12469@company.com,IT,Software Engineer,Hyderabad,Full-Time,BBA,2018-03-28,29406,52,1.2,76.73,89,5,3,Average,88.27,28,17,Not Promoted,Active
12470,Divya Verma,employee12470@company.com,Engineering,HR Executive,Chennai,Full-Time,B.Com,2025-02-05,53037,47,3.6,80.01,33,0,4,Good,74.34,9,8,Not Promoted,Active
12471,Anjali Rao,employee12471@company.com,HR,Senior Software Engineer,Delhi,Full-Time,MBA,2025-12-30,127439,39,11.9,88.75,80,14,3,Average,98.32,31,23,Promoted,Active
12472,Divya Pillai,employee12472@company.com,IT,Software Engineer,Coimbatore,Full-Time,B.E,2021-09-24,82178,21,3.3,91.6,81,13,5,Excellent,60.39,7,25,Not Promoted,Active
12473,Pooja Reddy,employee12473@company.com,HR,Sales Executive,Hyderabad,Full-Time,B.Com,2025-07-25,29876,46,8.9,72.41,53,7,5,Excellent,60.55,16,3,Not Promoted,Active
12474,Aakash Kumar,employee12474@company.com,Engineering,HR Executive,Pune,Full-Time,M.Sc,2018-01-04,115692,33,12.7,71.3,31,5,4,Good,81.87,11,10,Not Promoted,Active
12475,Aakash Iyer,employee12475@company.com,Engineering,Project Manager,Hyderabad,Full-Time,M.Sc,2021-05-05,55871,55,5.9,93.97,3,13,4,Good,96.35,25,23,Promoted,Active
12476,Vijay Patel,employee12476@company.com,Operations,Support Associate,Bangalore,Full-Time,MCA,2023-01-19,108913,22,12.2,91.36,29,0,5,Excellent,61.87,2,15,Not Promoted,Active
12477,Swetha Mishra,employee12477@company.com,Sales,Marketing Executive,Mumbai,Full-Time,BBA,2022-03-02,121442,42,10.7,94.95,94,8,2,Needs Improvement,58.65,10,25,Not Promoted,Active
12478,Swetha Patel,employee12478@company.com,IT,Project Manager,Mumbai,Part-Time,M.Sc,2024-05-09,127829,48,8.2,90.3,17,0,4,Good,75.81,13,19,Not Promoted,Active
12479,Suresh Menon,employee12479@company.com,Engineering,Data Analyst,Delhi,Full-Time,B.Tech,2023-06-01,137631,22,16.2,92.53,68,8,2,Needs Improvement,53.72,6,1,Not Promoted,Active
12480,Rohan Rao,employee12480@company.com,Sales,Data Analyst,Hyderabad,Full-Time,M.Com,2022-01-14,69895,31,12.6,81.37,95,13,4,Good,93.61,25,8,Not Promoted,Active
12481,Nisha Rao,employee12481@company.com,IT,Marketing Executive,Hyderabad,Full-Time,B.Com,2021-02-04,148336,46,6.8,87.71,28,2,3,Average,82.53,36,17,Not Promoted,Active
12482,Rohan Patel,employee12482@company.com,HR,Senior Software Engineer,Hyderabad,Part-Time,B.Com,2020-05-30,68760,48,14.6,94.16,11,7,5,Excellent,78.32,32,16,Not Promoted,Active
12483,Priya Nair,employee12483@company.com,Engineering,Data Analyst,Hyderabad,Full-Time,B.Tech,2021-11-02,71306,46,13.4,75.16,14,7,5,Excellent,101.7,31,16,Not Promoted,Active
12484,Aakash Mishra,employee12484@company.com,HR,Senior Software Engineer,Bangalore,Full-Time,MBA,2023-05-30,100179,37,14.4,82.68,78,6,2,Needs Improvement,92.62,37,13,Not Promoted,Active
12485,Dinesh Nair,employee12485@company.com,IT,HR Executive,Pune,Part-Time,B.E,2020-07-24,41587,23,11.7,92.21,98,11,3,Average,54.7,19,12,Not Promoted,Inactive
12486,Ravi Gupta,employee12486@company.com,Operations,Marketing Executive,Bangalore,Full-Time,MBA,2023-02-22,101554,34,7.1,85.98,52,1,5,Excellent,72.33,9,18,Not Promoted,Active
12487,Manoj Reddy,employee12487@company.com,HR,Senior Software Engineer,Coimbatore,Full-Time,BBA,2022-10-17,29213,36,6.6,90.45,34,2,3,Average,65.88,14,25,Not Promoted,Active
12488,Swetha Reddy,employee12488@company.com,Finance,Sales Executive,Coimbatore,Full-Time,B.Com,2018-01-02,35044,48,11.9,78.79,51,4,5,Excellent,97.13,14,22,Not Promoted,Active
12489,Ajay Das,employee12489@company.com,Finance,Senior Software Engineer,Bangalore,Full-Time,MCA,2021-02-18,112843,48,2.8,70.97,52,12,4,Good,91.74,5,5,Not Promoted,Active
12490,Aakash Reddy,employee12490@company.com,Sales,Financial Analyst,Bangalore,Full-Time,M.Sc,2022-06-27,69425,45,14.8,70.87,13,4,3,Average,75.68,24,11,Not Promoted,Active
12491,Sneha Das,employee12491@company.com,Customer Support,HR Executive,Mumbai,Full-Time,B.E,2018-05-29,129669,29,7.0,98.28,17,1,3,Average,98.54,0,12,Not Promoted,Active
12492,Anjali Mishra,employee12492@company.com,Finance,Sales Executive,Coimbatore,Full-Time,M.Sc,2018-06-01,46376,31,11.5,98.34,37,0,3,Average,71.65,5,30,Not Promoted,Active
12493,Vijay Reddy,employee12493@company.com,Finance,Marketing Executive,Bangalore,Contract,M.Sc,2023-04-24,47590,41,9.2,76.34,85,4,4,Good,97.23,12,2,Promoted,Inactive
12494,Manoj Reddy,employee12494@company.com,Operations,Operations Analyst,Hyderabad,Full-Time,M.Com,2024-06-11,68403,22,9.6,74.42,37,4,3,Average,47.08,10,15,Not Promoted,Active
12495,Nisha Rao,employee12495@company.com,Operations,Project Manager,Bangalore,Full-Time,M.Sc,2023-08-06,51628,54,13.4,70.54,54,11,4,Good,53.75,23,20,Not Promoted,Active
12496,Rohan Verma,employee12496@company.com,Customer Support,Support Associate,Hyderabad,Full-Time,BBA,2022-08-30,114421,33,11.5,76.94,10,2,3,Average,94.14,19,9,Promoted,Active
12497,Sneha Das,employee12497@company.com,Marketing,Data Analyst,Delhi,Full-Time,BBA,2023-01-26,130763,25,4.9,80.03,66,7,4,Good,52.44,25,21,Not Promoted,Active
12498,Meena Kumar,employee12498@company.com,Customer Support,Financial Analyst,Coimbatore,Full-Time,BBA,2019-04-20,27192,31,1.8,77.24,52,5,5,Excellent,89.44,24,9,Not Promoted,Active
12499,Rohan Reddy,employee12499@company.com,Marketing,Financial Analyst,Pune,Full-Time,M.Com,2021-10-19,46433,49,15.2,93.92,77,1,5,Excellent,92.03,11,17,Not Promoted,Active
12500,Meena Joshi,employee12500@company.com,Operations,Operations Analyst,Mumbai,Full-Time,B.E,2020-03-17,109629,48,16.0,92.48,43,1,3,Average,88.04,8,2,Promoted,Active
12501,Nisha Menon,employee12501@company.com,Marketing,Project Manager,Pune,Part-Time,BBA,2020-12-30,149062,48,3.4,72.43,24,3,4,Good,98.19,35,12,Not Promoted,Active
12502,Ajay Nair,employee12502@company.com,Operations,Project Manager,Delhi,Contract,B.Com,2022-07-22,55617,25,5.9,90.92,61,14,4,Good,78.26,8,15,Not Promoted,Active
12503,Arun Mishra,employee12503@company.com,Marketing,Data Analyst,Pune,Full-Time,MCA,2023-09-12,142516,40,5.4,85.62,13,12,4,Good,103.31,32,3,Not Promoted,Active
12504,Ajay Mishra,employee12504@company.com,HR,Senior Software Engineer,Mumbai,Contract,B.Tech,2021-03-26,132454,30,16.9,73.96,46,13,5,Excellent,82.02,39,23,Not Promoted,Active
12505,Vijay Joshi,employee12505@company.com,Operations,Marketing Executive,Hyderabad,Full-Time,M.Sc,2021-09-15,56682,52,4.1,92.19,94,5,3,Average,78.01,33,28,Promoted,Inactive
12506,Ravi Nair,employee12506@company.com,Customer Support,Project Manager,Delhi,Full-Time,MCA,2025-09-26,127378,49,3.4,72.58,88,11,2,Needs Improvement,78.11,23,10,Not Promoted,Active
12507,Rahul Joshi,employee12507@company.com,Sales,Project Manager,Delhi,Full-Time,M.Sc,2022-09-27,145638,22,3.7,75.31,54,8,4,Good,104.29,32,16,Not Promoted,Active
12508,Manoj Menon,employee12508@company.com,Sales,Support Associate,Hyderabad,Full-Time,M.Sc,2023-06-20,35250,21,13.3,74.48,82,12,3,Average,60.84,32,24,Not Promoted,Active
12509,Dinesh Gupta,employee12509@company.com,Operations,Sales Executive,Hyderabad,Full-Time,MBA,2025-10-13,57836,40,16.0,98.17,11,15,4,Good,90.18,28,0,Not Promoted,Active
12510,Suresh Kumar,employee12510@company.com,Finance,Sales Executive,Mumbai,Full-Time,MCA,2022-04-12,137319,21,7.4,90.94,6,7,5,Excellent,60.77,37,11,Not Promoted,Active
12511,Aakash Iyer,employee12511@company.com,Engineering,Support Associate,Coimbatore,Contract,MCA,2021-06-04,92173,24,2.9,82.34,48,7,2,Needs Improvement,50.99,12,2,Not Promoted,Inactive
12512,Swetha Menon,employee12512@company.com,Sales,Software Engineer,Bangalore,Full-Time,MBA,2019-01-02,128967,35,10.8,94.67,13,14,5,Excellent,106.99,17,18,Promoted,Active
12513,Divya Reddy,employee12513@company.com,Customer Support,Marketing Executive,Coimbatore,Full-Time,B.Tech,2022-12-06,131697,50,4.2,76.48,28,13,3,Average,53.43,34,8,Not Promoted,Active
12514,Vijay Menon,employee12514@company.com,Finance,Project Manager,Chennai,Full-Time,B.Tech,2023-07-30,131761,26,1.6,97.93,46,1,4,Good,89.6,1,18,Not Promoted,Active
12515,Ajay Singh,employee12515@company.com,Sales,Data Analyst,Bangalore,Full-Time,M.Com,2024-04-28,31251,21,16.0,90.91,13,13,4,Good,72.6,24,18,Not Promoted,Inactive
12516,Ajay Iyer,employee12516@company.com,Engineering,Marketing Executive,Coimbatore,Contract,BBA,2025-05-17,126429,27,15.7,86.79,86,10,5,Excellent,99.41,5,30,Not Promoted,Active
12517,Karthik Reddy,employee12517@company.com,IT,Operations Analyst,Bangalore,Full-Time,M.Sc,2023-07-17,81246,25,17.6,93.84,50,3,1,Needs Improvement,95.26,24,17,Promoted,Inactive
12518,Sneha Sharma,employee12518@company.com,IT,Financial Analyst,Pune,Full-Time,BBA,2019-06-22,147193,27,8.8,89.34,13,5,3,Average,54.34,19,19,Promoted,Active
12519,Vijay Gupta,employee12519@company.com,Operations,Project Manager,Chennai,Full-Time,B.Tech,2022-04-04,146021,23,5.6,96.61,86,13,4,Good,75.41,13,10,Promoted,Active
12520,Kavya Pillai,employee12520@company.com,Engineering,Software Engineer,Hyderabad,Full-Time,B.E,2023-08-26,58006,32,14.0,94.87,7,5,4,Good,46.79,3,23,Not Promoted,Active
12521,Anjali Iyer,employee12521@company.com,Customer Support,Data Analyst,Bangalore,Full-Time,M.Com,2023-11-23,111966,35,3.7,75.93,76,14,4,Good,72.92,7,21,Not Promoted,Active
12522,Swetha Kumar,employee12522@company.com,Customer Support,Marketing Executive,Coimbatore,Full-Time,BBA,2020-03-01,121598,40,4.8,77.19,99,11,2,Needs Improvement,90.51,33,0,Promoted,Active
12523,Dinesh Mishra,employee12523@company.com,Sales,HR Executive,Mumbai,Full-Time,B.Com,2021-05-11,65785,41,5.0,71.95,64,9,3,Average,60.09,27,20,Promoted,Active
12524,Pooja Sharma,employee12524@company.com,HR,Financial Analyst,Bangalore,Full-Time,M.Com,2025-07-30,123594,52,17.2,76.61,36,5,3,Average,97.65,1,28,Not Promoted,Active
12525,Priya Sharma,employee12525@company.com,Finance,Project Manager,Hyderabad,Full-Time,M.Sc,2023-05-03,31464,32,13.3,80.3,89,14,4,Good,48.46,16,11,Not Promoted,Active
12526,Rahul Rao,employee12526@company.com,Engineering,Marketing Executive,Coimbatore,Full-Time,MCA,2022-08-29,92344,27,2.8,70.86,67,7,3,Average,47.25,3,10,Not Promoted,Active
12527,Meena Menon,employee12527@company.com,Sales,Marketing Executive,Bangalore,Full-Time,MCA,2020-12-18,35281,51,2.1,79.45,15,7,3,Average,46.78,33,9,Not Promoted,Active
12528,Priya Nair,employee12528@company.com,Operations,Data Analyst,Delhi,Full-Time,M.Com,2020-10-05,75106,21,15.2,93.15,88,13,5,Excellent,63.2,26,10,Not Promoted,Active
12529,Ravi Patel,employee12529@company.com,Engineering,Financial Analyst,Pune,Contract,MBA,2018-02-17,120429,31,14.5,95.21,82,12,1,Needs Improvement,75.36,18,7,Not Promoted,Active
12530,Rohan Verma,employee12530@company.com,Finance,Sales Executive,Pune,Full-Time,M.Sc,2019-10-22,146720,54,12.2,70.27,19,6,5,Excellent,51.98,27,16,Not Promoted,Active
12531,Nisha Das,employee12531@company.com,Marketing,Sales Executive,Bangalore,Part-Time,B.Tech,2021-12-06,119840,39,3.9,70.21,89,12,4,Good,109.79,37,5,Not Promoted,Active
12532,Swetha Nair,employee12532@company.com,Operations,HR Executive,Pune,Contract,MCA,2025-10-19,125234,31,8.9,74.39,95,4,4,Good,109.97,33,26,Not Promoted,Active
12533,Aakash Kumar,employee12533@company.com,Sales,Senior Software Engineer,Mumbai,Full-Time,MCA,2018-04-24,130293,53,11.0,96.18,66,5,3,Average,78.79,31,6,Not Promoted,Active
12534,Aakash Joshi,employee12534@company.com,HR,Support Associate,Chennai,Full-Time,B.E,2024-06-01,70040,53,16.8,84.08,70,5,1,Needs Improvement,81.92,40,28,Not Promoted,Active
12535,Nisha Gupta,employee12535@company.com,Engineering,Project Manager,Bangalore,Full-Time,M.Sc,2019-03-14,148163,28,3.5,99.49,31,13,4,Good,105.24,30,30,Not Promoted,Active
12536,Aakash Patel,employee12536@company.com,Marketing,Data Analyst,Mumbai,Full-Time,B.Tech,2024-05-02,33998,28,9.5,96.62,68,2,4,Good,95.04,5,30,Not Promoted,Active
12537,Manoj Nair,employee12537@company.com,Operations,Project Manager,Delhi,Full-Time,M.Sc,2018-06-11,39517,54,3.3,96.7,84,14,4,Good,55.92,5,4,Not Promoted,Inactive
12538,Nisha Iyer,employee12538@company.com,Sales,Data Analyst,Mumbai,Full-Time,MCA,2019-05-19,131083,47,8.3,73.85,29,10,2,Needs Improvement,96.51,27,3,Promoted,Active
12539,Swetha Patel,employee12539@company.com,IT,Sales Executive,Mumbai,Full-Time,MBA,2020-11-25,79282,49,4.0,84.26,19,12,4,Good,60.01,7,29,Not Promoted,Active
12540,Sneha Patel,employee12540@company.com,Customer Support,Data Analyst,Delhi,Full-Time,MCA,2025-03-19,67866,34,15.1,99.81,57,2,4,Good,72.97,0,6,Promoted,Active
12541,Divya Menon,employee12541@company.com,Sales,Financial Analyst,Hyderabad,Contract,B.Tech,2024-11-10,138384,54,5.0,74.47,28,11,4,Good,79.61,15,15,Not Promoted,Active
12542,Sneha Iyer,employee12542@company.com,IT,Senior Software Engineer,Bangalore,Full-Time,B.E,2020-10-02,47969,21,7.8,87.23,23,6,4,Good,91.6,18,24,Not Promoted,Active
12543,Ravi Menon,employee12543@company.com,IT,HR Executive,Bangalore,Contract,BBA,2022-07-29,125980,29,7.6,80.33,0,5,4,Good,54.76,17,3,Not Promoted,Active
12544,Ajay Mishra,employee12544@company.com,Operations,Software Engineer,Bangalore,Full-Time,BBA,2021-10-26,40783,30,15.7,81.64,88,4,4,Good,49.95,29,2,Not Promoted,Active
12545,Karthik Reddy,employee12545@company.com,Sales,Sales Executive,Chennai,Full-Time,B.Tech,2022-02-18,143259,50,13.8,96.72,26,10,2,Needs Improvement,101.3,15,13,Not Promoted,Active
12546,Suresh Nair,employee12546@company.com,Customer Support,Software Engineer,Mumbai,Full-Time,M.Sc,2024-05-08,56107,38,1.5,87.64,88,5,3,Average,98.74,32,25,Not Promoted,Inactive
12547,Nisha Verma,employee12547@company.com,Sales,Software Engineer,Bangalore,Contract,M.Sc,2023-07-03,70631,37,1.7,92.76,20,5,2,Needs Improvement,79.01,27,3,Not Promoted,Active
12548,Manoj Nair,employee12548@company.com,IT,Operations Analyst,Pune,Full-Time,MBA,2019-04-25,28759,26,10.1,90.2,16,3,3,Average,88.05,15,20,Not Promoted,Active
12549,Dinesh Iyer,employee12549@company.com,Finance,Senior Software Engineer,Hyderabad,Full-Time,B.E,2020-08-14,39789,31,8.0,85.87,91,11,3,Average,91.75,10,8,Not Promoted,Active
12550,Anjali Reddy,employee12550@company.com,Marketing,Support Associate,Delhi,Part-Time,BBA,2018-06-08,119181,44,5.3,93.75,31,10,2,Needs Improvement,75.97,5,10,Not Promoted,Active
12551,Rohan Nair,employee12551@company.com,HR,Marketing Executive,Delhi,Full-Time,B.Tech,2020-01-25,100346,53,14.4,99.12,43,4,3,Average,61.72,13,0,Not Promoted,Inactive
12552,Aakash Iyer,employee12552@company.com,Sales,Financial Analyst,Chennai,Full-Time,MBA,2023-01-11,38214,53,2.8,99.0,97,12,2,Needs Improvement,76.29,35,8,Promoted,Active
12553,Arun Singh,employee12553@company.com,Marketing,Data Analyst,Coimbatore,Contract,MBA,2018-07-23,95657,38,17.5,93.68,21,6,4,Good,106.8,21,24,Promoted,Active
12554,Swetha Joshi,employee12554@company.com,Marketing,Project Manager,Delhi,Part-Time,M.Com,2025-10-13,54482,25,0.9,84.62,41,10,5,Excellent,99.46,39,7,Promoted,Active
12555,Pooja Patel,employee12555@company.com,Engineering,Support Associate,Hyderabad,Full-Time,MCA,2019-05-27,57472,51,2.6,74.89,82,10,2,Needs Improvement,75.26,22,14,Not Promoted,Active
12556,Dinesh Mishra,employee12556@company.com,Finance,Project Manager,Coimbatore,Full-Time,M.Sc,2023-06-11,136857,36,5.9,71.33,61,0,5,Excellent,59.66,30,28,Not Promoted,Active
12557,Ravi Menon,employee12557@company.com,Marketing,HR Executive,Mumbai,Contract,B.E,2018-04-26,99536,22,9.4,76.94,47,11,4,Good,102.82,27,25,Not Promoted,Active
12558,Ajay Gupta,employee12558@company.com,Sales,HR Executive,Delhi,Contract,B.E,2019-01-27,73187,29,4.3,80.21,7,12,3,Average,86.49,18,23,Not Promoted,Active
12559,Priya Reddy,employee12559@company.com,Operations,Financial Analyst,Coimbatore,Full-Time,MCA,2025-06-28,56087,22,13.4,73.9,1,9,2,Needs Improvement,71.31,21,7,Not Promoted,Active
12560,Dinesh Pillai,employee12560@company.com,Operations,Data Analyst,Coimbatore,Part-Time,M.Sc,2025-08-05,143474,40,6.8,76.74,4,11,4,Good,52.26,0,19,Not Promoted,Inactive
12561,Pooja Iyer,employee12561@company.com,Engineering,Data Analyst,Delhi,Full-Time,M.Sc,2024-08-13,25941,37,1.2,72.51,27,5,4,Good,93.86,2,28,Not Promoted,Active
12562,Sneha Das,employee12562@company.com,Marketing,Sales Executive,Pune,Full-Time,B.Tech,2021-05-23,147919,45,15.9,85.71,3,4,4,Good,65.6,7,6,Not Promoted,Active
12563,Swetha Menon,employee12563@company.com,Sales,Data Analyst,Mumbai,Full-Time,M.Com,2022-03-15,124642,39,17.0,73.79,52,5,2,Needs Improvement,84.41,12,30,Not Promoted,Active
12564,Karthik Verma,employee12564@company.com,Sales,Marketing Executive,Bangalore,Full-Time,B.E,2025-03-01,144340,28,11.3,92.28,99,0,2,Needs Improvement,82.03,0,13,Not Promoted,Active
12565,Ajay Kumar,employee12565@company.com,IT,Support Associate,Hyderabad,Full-Time,MBA,2020-01-11,26321,31,14.6,79.98,0,3,3,Average,90.48,28,17,Not Promoted,Active
12566,Nisha Mishra,employee12566@company.com,Finance,Support Associate,Delhi,Full-Time,B.E,2024-07-02,108574,33,2.6,90.16,78,7,3,Average,79.95,12,2,Not Promoted,Active
12567,Meena Reddy,employee12567@company.com,Customer Support,Project Manager,Pune,Full-Time,M.Com,2018-02-06,88467,33,5.2,96.48,76,3,3,Average,85.98,28,30,Not Promoted,Active
12568,Ravi Gupta,employee12568@company.com,HR,Operations Analyst,Hyderabad,Full-Time,MCA,2020-09-12,70972,29,6.2,72.58,94,13,3,Average,50.3,29,14,Not Promoted,Active
12569,Ravi Das,employee12569@company.com,Customer Support,Financial Analyst,Coimbatore,Full-Time,B.Com,2024-08-24,93604,25,17.3,99.67,80,14,4,Good,88.24,15,23,Not Promoted,Active
12570,Manoj Verma,employee12570@company.com,Engineering,Financial Analyst,Chennai,Contract,MCA,2025-10-14,111658,38,9.5,89.36,5,15,5,Excellent,57.62,40,19,Not Promoted,Active
12571,Priya Singh,employee12571@company.com,IT,Marketing Executive,Pune,Part-Time,MBA,2022-03-16,64361,34,0.6,71.6,87,12,3,Average,70.48,33,30,Not Promoted,Active
12572,Dinesh Mishra,employee12572@company.com,HR,Data Analyst,Coimbatore,Full-Time,B.E,2019-01-04,66354,54,7.2,79.42,54,9,5,Excellent,78.31,39,25,Not Promoted,Active
12573,Pooja Pillai,employee12573@company.com,Customer Support,Operations Analyst,Chennai,Contract,MCA,2024-03-21,91327,42,0.6,96.59,51,7,3,Average,89.65,2,26,Promoted,Active
12574,Nisha Gupta,employee12574@company.com,Sales,Sales Executive,Delhi,Full-Time,MBA,2023-05-12,85977,53,4.7,87.89,76,10,3,Average,93.26,28,5,Promoted,Inactive
12575,Suresh Verma,employee12575@company.com,Operations,Sales Executive,Pune,Full-Time,BBA,2020-03-24,72191,44,8.5,78.62,84,7,3,Average,90.82,29,27,Not Promoted,Active
12576,Aakash Pillai,employee12576@company.com,IT,Support Associate,Bangalore,Contract,M.Sc,2022-10-03,80828,49,6.2,98.21,23,1,4,Good,51.18,33,14,Not Promoted,Active
12577,Arun Pillai,employee12577@company.com,Customer Support,Marketing Executive,Coimbatore,Full-Time,B.Tech,2021-01-28,35136,33,1.1,93.62,61,5,5,Excellent,70.15,3,13,Not Promoted,Active
12578,Manoj Das,employee12578@company.com,Engineering,Software Engineer,Hyderabad,Full-Time,BBA,2021-01-03,40747,47,2.5,92.07,55,6,4,Good,63.24,7,10,Not Promoted,Active
12579,Ajay Pillai,employee12579@company.com,Marketing,Software Engineer,Hyderabad,Full-Time,BBA,2025-08-03,91279,21,10.1,96.65,85,6,3,Average,70.9,17,7,Not Promoted,Active
12580,Arun Sharma,employee12580@company.com,Engineering,Data Analyst,Coimbatore,Full-Time,MBA,2025-07-13,97060,27,12.7,93.09,92,0,4,Good,87.05,21,7,Promoted,Inactive
12581,Anjali Mishra,employee12581@company.com,Engineering,Support Associate,Coimbatore,Full-Time,B.E,2021-10-23,104402,24,7.6,78.6,23,3,2,Needs Improvement,57.54,9,4,Not Promoted,Active
12582,Kavya Mishra,employee12582@company.com,Engineering,Marketing Executive,Mumbai,Contract,B.Tech,2023-10-12,64342,30,13.3,87.52,75,13,5,Excellent,77.64,13,15,Promoted,Active
12583,Swetha Nair,employee12583@company.com,Marketing,Software Engineer,Pune,Full-Time,B.Tech,2022-07-06,90046,55,3.4,95.27,19,6,4,Good,102.52,30,26,Not Promoted,Active
12584,Nisha Gupta,employee12584@company.com,HR,Senior Software Engineer,Pune,Contract,BBA,2023-07-25,106851,36,2.6,75.43,33,5,3,Average,92.52,34,29,Not Promoted,Inactive
12585,Pooja Gupta,employee12585@company.com,Sales,Project Manager,Coimbatore,Contract,B.Tech,2022-08-06,120447,47,15.2,74.89,14,14,4,Good,92.15,1,30,Promoted,Active
12586,Priya Das,employee12586@company.com,Operations,HR Executive,Chennai,Full-Time,B.Com,2023-11-17,70332,40,6.4,74.77,50,12,4,Good,100.17,1,6,Not Promoted,Active
12587,Arun Das,employee12587@company.com,HR,Project Manager,Pune,Full-Time,B.Com,2025-09-25,57961,30,8.1,75.83,3,11,2,Needs Improvement,70.95,34,0,Not Promoted,Active
12588,Nisha Mishra,employee12588@company.com,Customer Support,HR Executive,Hyderabad,Full-Time,B.Tech,2018-03-16,131198,53,17.1,73.1,52,2,4,Good,94.37,33,30,Not Promoted,Active
12589,Ravi Kumar,employee12589@company.com,Customer Support,Senior Software Engineer,Pune,Full-Time,BBA,2022-12-19,94810,27,7.9,95.13,13,9,3,Average,48.82,28,4,Not Promoted,Active
12590,Manoj Menon,employee12590@company.com,Operations,Senior Software Engineer,Mumbai,Full-Time,MCA,2024-02-10,54838,42,0.6,94.55,64,9,4,Good,48.67,5,2,Not Promoted,Active
12591,Anjali Mishra,employee12591@company.com,Customer Support,Marketing Executive,Mumbai,Contract,BBA,2021-06-26,39332,37,16.9,74.54,32,0,4,Good,66.57,3,12,Not Promoted,Active
12592,Pooja Patel,employee12592@company.com,Finance,Operations Analyst,Coimbatore,Full-Time,MCA,2023-06-03,143585,29,0.7,91.17,49,4,4,Good,57.8,0,19,Not Promoted,Active
12593,Vijay Nair,employee12593@company.com,Operations,Financial Analyst,Hyderabad,Full-Time,MCA,2024-11-21,88001,30,12.1,88.81,62,10,4,Good,78.71,34,16,Promoted,Active
12594,Arun Joshi,employee12594@company.com,Marketing,Software Engineer,Hyderabad,Full-Time,B.E,2023-12-28,115329,51,6.2,78.29,49,7,4,Good,56.91,25,0,Not Promoted,Active
12595,Rohan Joshi,employee12595@company.com,Customer Support,Marketing Executive,Hyderabad,Full-Time,B.Tech,2023-04-11,61350,51,8.7,76.82,92,14,2,Needs Improvement,108.41,28,18,Not Promoted,Active
12596,Dinesh Verma,employee12596@company.com,Customer Support,Operations Analyst,Pune,Full-Time,MCA,2023-06-09,144771,25,10.1,77.52,73,13,4,Good,100.32,10,3,Not Promoted,Active
12597,Ravi Menon,employee12597@company.com,IT,Financial Analyst,Pune,Contract,B.Tech,2024-08-03,105954,38,7.6,91.92,35,2,3,Average,108.86,3,12,Promoted,Active
12598,Arun Rao,employee12598@company.com,IT,Marketing Executive,Bangalore,Part-Time,MBA,2022-04-26,73473,26,14.1,79.58,77,4,3,Average,97.5,21,18,Not Promoted,Active
12599,Anjali Mishra,employee12599@company.com,IT,Data Analyst,Delhi,Full-Time,MCA,2022-01-09,136148,48,16.8,78.34,85,14,3,Average,106.82,32,17,Not Promoted,Active
12600,Nisha Verma,employee12600@company.com,Operations,Financial Analyst,Coimbatore,Full-Time,BBA,2020-09-06,65897,44,2.0,70.67,96,8,2,Needs Improvement,68.93,33,10,Not Promoted,Active
12601,Divya Das,employee12601@company.com,Marketing,Project Manager,Delhi,Full-Time,MBA,2021-06-09,36682,25,14.5,97.25,91,13,4,Good,77.36,30,22,Not Promoted,Active
12602,Pooja Singh,employee12602@company.com,Operations,Financial Analyst,Chennai,Full-Time,MBA,2022-06-30,46727,48,2.8,92.58,70,7,2,Needs Improvement,60.59,9,25,Not Promoted,Inactive
12603,Nisha Menon,employee12603@company.com,Engineering,Project Manager,Pune,Full-Time,MCA,2018-10-27,81669,23,1.9,84.18,99,10,4,Good,86.33,34,8,Not Promoted,Active
12604,Aakash Reddy,employee12604@company.com,Sales,Sales Executive,Bangalore,Full-Time,M.Com,2019-03-02,68775,38,17.2,98.29,99,8,3,Average,96.23,27,30,Not Promoted,Active
12605,Anjali Das,employee12605@company.com,Marketing,HR Executive,Bangalore,Full-Time,MBA,2024-01-18,81941,24,9.1,78.81,49,14,1,Needs Improvement,77.42,22,26,Not Promoted,Active
12606,Karthik Gupta,employee12606@company.com,Marketing,Project Manager,Mumbai,Full-Time,MCA,2019-02-05,94439,52,3.2,90.24,40,12,4,Good,64.26,11,2,Not Promoted,Active
12607,Manoj Rao,employee12607@company.com,Engineering,Senior Software Engineer,Pune,Full-Time,M.Sc,2021-11-02,37115,52,10.5,79.15,97,4,2,Needs Improvement,78.0,28,15,Promoted,Active
12608,Aakash Singh,employee12608@company.com,Operations,Data Analyst,Bangalore,Full-Time,MBA,2023-06-06,75937,39,5.1,79.44,100,12,3,Average,49.09,1,24,Not Promoted,Active
12609,Dinesh Verma,employee12609@company.com,Operations,Software Engineer,Mumbai,Full-Time,B.E,2023-04-26,70132,49,8.6,95.34,69,2,4,Good,91.87,12,23,Promoted,Active
12610,Ravi Kumar,employee12610@company.com,IT,Sales Executive,Chennai,Full-Time,B.Com,2021-07-04,98498,53,11.4,93.61,98,12,2,Needs Improvement,74.35,35,20,Promoted,Active
12611,Ravi Reddy,employee12611@company.com,Marketing,Sales Executive,Mumbai,Full-Time,B.Com,2020-01-11,87038,22,15.7,78.82,26,10,4,Good,103.39,25,29,Not Promoted,Active
12612,Arun Singh,employee12612@company.com,IT,Support Associate,Chennai,Full-Time,B.Com,2020-05-11,37025,31,0.6,72.44,29,8,1,Needs Improvement,105.01,16,26,Promoted,Active
12613,Rahul Singh,employee12613@company.com,Sales,Marketing Executive,Delhi,Part-Time,M.Sc,2019-05-09,120439,53,4.2,80.73,31,3,3,Average,53.16,32,27,Not Promoted,Active
12614,Arun Nair,employee12614@company.com,Finance,Marketing Executive,Delhi,Full-Time,M.Com,2024-12-11,83526,21,2.2,92.8,82,0,4,Good,109.75,21,21,Not Promoted,Active
12615,Arun Gupta,employee12615@company.com,IT,Marketing Executive,Hyderabad,Full-Time,B.Tech,2021-04-20,41907,37,2.2,73.02,21,14,3,Average,108.04,1,16,Not Promoted,Active
12616,Priya Joshi,employee12616@company.com,Operations,Financial Analyst,Hyderabad,Contract,MBA,2025-01-17,93832,36,17.1,90.16,84,10,2,Needs Improvement,85.76,9,12,Not Promoted,Active
12617,Swetha Mishra,employee12617@company.com,Customer Support,Software Engineer,Coimbatore,Full-Time,M.Sc,2025-08-16,81108,22,16.9,96.69,68,14,3,Average,98.65,38,5,Not Promoted,Active
12618,Ajay Rao,employee12618@company.com,HR,HR Executive,Mumbai,Full-Time,B.E,2024-08-02,45863,24,13.6,75.38,20,1,3,Average,46.2,25,24,Not Promoted,Active
12619,Vijay Verma,employee12619@company.com,Finance,Project Manager,Coimbatore,Full-Time,M.Com,2025-02-25,131015,52,11.8,95.87,55,15,4,Good,108.08,29,6,Not Promoted,Active
12620,Kavya Reddy,employee12620@company.com,Sales,Marketing Executive,Hyderabad,Full-Time,M.Sc,2018-03-31,30685,27,15.3,71.54,83,7,3,Average,74.66,21,8,Not Promoted,Active
12621,Kavya Reddy,employee12621@company.com,Customer Support,Sales Executive,Pune,Full-Time,B.Com,2018-03-05,31647,49,1.5,90.01,30,15,4,Good,104.13,10,20,Not Promoted,Active
12622,Swetha Sharma,employee12622@company.com,Operations,Project Manager,Mumbai,Full-Time,M.Com,2021-01-16,55145,29,2.6,93.73,100,1,5,Excellent,70.03,21,29,Not Promoted,Active
12623,Meena Das,employee12623@company.com,Finance,Software Engineer,Bangalore,Full-Time,M.Sc,2020-11-22,148248,55,6.0,83.34,58,5,3,Average,96.23,23,4,Promoted,Active
12624,Anjali Rao,employee12624@company.com,Engineering,Sales Executive,Pune,Full-Time,B.E,2020-12-31,65562,25,15.1,76.11,69,11,5,Excellent,72.17,28,4,Not Promoted,Active
12625,Anjali Reddy,employee12625@company.com,Operations,Senior Software Engineer,Coimbatore,Contract,MCA,2022-04-29,128894,41,8.8,97.74,94,4,3,Average,68.58,9,21,Not Promoted,Active
12626,Aakash Verma,employee12626@company.com,IT,Software Engineer,Mumbai,Full-Time,M.Com,2024-04-19,45767,37,9.3,70.6,42,8,5,Excellent,106.54,33,14,Not Promoted,Active
12627,Rohan Patel,employee12627@company.com,Customer Support,Financial Analyst,Coimbatore,Full-Time,B.Com,2023-11-25,123702,34,4.5,86.65,87,7,2,Needs Improvement,90.44,24,29,Not Promoted,Active
12628,Dinesh Mishra,employee12628@company.com,Operations,Marketing Executive,Delhi,Full-Time,B.Tech,2019-05-29,141839,52,11.8,81.19,53,0,4,Good,99.61,20,30,Not Promoted,Active
12629,Karthik Verma,employee12629@company.com,Customer Support,Operations Analyst,Chennai,Full-Time,M.Sc,2018-05-16,30430,35,16.0,83.83,17,2,3,Average,80.32,38,30,Not Promoted,Active
12630,Swetha Joshi,employee12630@company.com,Sales,Data Analyst,Coimbatore,Part-Time,B.Com,2025-04-30,28880,41,6.3,86.1,54,13,3,Average,104.69,12,3,Promoted,Active
12631,Karthik Iyer,employee12631@company.com,HR,Sales Executive,Hyderabad,Full-Time,M.Sc,2024-09-22,90662,34,11.3,86.04,28,11,4,Good,93.1,1,9,Not Promoted,Active
12632,Anjali Rao,employee12632@company.com,IT,Support Associate,Hyderabad,Full-Time,B.Com,2018-05-01,141775,36,6.3,76.11,60,4,4,Good,49.69,5,29,Not Promoted,Active
12633,Suresh Das,employee12633@company.com,IT,Support Associate,Hyderabad,Full-Time,B.Com,2022-02-10,85487,21,14.4,90.39,50,11,1,Needs Improvement,94.85,0,29,Not Promoted,Active
12634,Divya Menon,employee12634@company.com,Customer Support,Data Analyst,Mumbai,Full-Time,M.Sc,2025-10-18,108690,38,8.8,70.57,75,7,3,Average,46.22,27,8,Promoted,Active
12635,Sneha Reddy,employee12635@company.com,Sales,HR Executive,Pune,Full-Time,M.Com,2020-04-03,64793,54,6.4,70.64,11,6,4,Good,98.89,21,6,Not Promoted,Active
12636,Ravi Gupta,employee12636@company.com,Sales,HR Executive,Chennai,Full-Time,B.E,2021-01-22,138584,46,7.9,84.35,92,1,4,Good,66.57,10,14,Not Promoted,Active
12637,Anjali Mishra,employee12637@company.com,Finance,Data Analyst,Hyderabad,Contract,B.Com,2019-05-20,135549,41,2.1,86.26,60,13,5,Excellent,83.89,38,18,Not Promoted,Active
12638,Priya Kumar,employee12638@company.com,HR,Operations Analyst,Pune,Full-Time,BBA,2023-08-17,82590,21,15.7,78.25,70,11,4,Good,93.71,4,9,Not Promoted,Inactive
12639,Meena Gupta,employee12639@company.com,Operations,Financial Analyst,Coimbatore,Full-Time,MCA,2022-06-12,96461,47,17.3,86.55,15,6,5,Excellent,86.4,17,6,Not Promoted,Active
12640,Karthik Gupta,employee12640@company.com,Finance,Software Engineer,Bangalore,Full-Time,M.Com,2024-02-17,77470,31,8.9,85.48,11,4,4,Good,88.7,19,26,Not Promoted,Active
12641,Suresh Mishra,employee12641@company.com,Operations,Operations Analyst,Delhi,Full-Time,B.E,2024-11-09,137951,34,4.4,80.48,61,5,3,Average,103.02,11,2,Not Promoted,Active
12642,Manoj Singh,employee12642@company.com,Operations,Project Manager,Bangalore,Full-Time,B.Tech,2022-10-10,92617,48,12.1,89.55,84,7,2,Needs Improvement,69.31,20,2,Not Promoted,Active
12643,Dinesh Sharma,employee12643@company.com,Operations,Marketing Executive,Chennai,Full-Time,BBA,2024-08-30,88616,47,8.4,98.74,67,4,4,Good,80.56,26,19,Not Promoted,Active
12644,Aakash Kumar,employee12644@company.com,Finance,HR Executive,Hyderabad,Contract,B.Com,2020-03-13,125361,42,4.9,84.72,59,15,4,Good,56.37,40,27,Not Promoted,Inactive
12645,Dinesh Reddy,employee12645@company.com,IT,Sales Executive,Bangalore,Full-Time,MBA,2025-12-23,95823,41,1.2,93.58,80,8,2,Needs Improvement,75.39,33,17,Promoted,Active
12646,Vijay Pillai,employee12646@company.com,Sales,HR Executive,Delhi,Contract,M.Com,2018-10-05,63671,44,16.1,77.43,27,0,3,Average,54.75,17,23,Promoted,Active
12647,Meena Das,employee12647@company.com,IT,Support Associate,Pune,Full-Time,MCA,2022-01-11,30335,39,14.4,92.86,63,4,5,Excellent,86.18,33,12,Promoted,Active
12648,Anjali Singh,employee12648@company.com,HR,Sales Executive,Pune,Full-Time,B.Tech,2020-04-06,93525,44,15.0,89.47,94,0,4,Good,66.08,1,11,Not Promoted,Active
12649,Vijay Singh,employee12649@company.com,Finance,Project Manager,Bangalore,Full-Time,B.Tech,2020-08-02,130879,46,8.2,89.19,71,0,3,Average,100.84,13,16,Not Promoted,Active
12650,Pooja Pillai,employee12650@company.com,Engineering,Project Manager,Coimbatore,Full-Time,B.Tech,2023-10-01,137367,45,13.7,96.79,49,0,3,Average,67.33,38,25,Not Promoted,Active
12651,Aakash Verma,employee12651@company.com,HR,Marketing Executive,Coimbatore,Full-Time,M.Com,2021-11-29,118709,49,10.7,77.0,25,14,3,Average,63.64,0,16,Promoted,Inactive
12652,Aakash Mishra,employee12652@company.com,Sales,Senior Software Engineer,Hyderabad,Full-Time,B.E,2024-09-09,96257,30,7.1,81.05,39,4,3,Average,76.93,27,10,Not Promoted,Active
12653,Nisha Menon,employee12653@company.com,Sales,Support Associate,Delhi,Full-Time,MBA,2020-02-18,81230,31,15.2,72.49,54,8,3,Average,56.4,40,16,Not Promoted,Active
12654,Kavya Reddy,employee12654@company.com,Marketing,Data Analyst,Chennai,Contract,BBA,2025-07-04,138681,44,18.0,91.78,30,1,2,Needs Improvement,58.25,26,19,Not Promoted,Active
12655,Pooja Pillai,employee12655@company.com,HR,HR Executive,Hyderabad,Full-Time,MCA,2018-07-30,107259,44,16.2,95.32,82,5,4,Good,95.9,29,16,Promoted,Active
12656,Suresh Joshi,employee12656@company.com,Engineering,Marketing Executive,Mumbai,Full-Time,B.E,2020-06-08,27728,32,14.1,82.18,70,4,3,Average,77.32,21,18,Not Promoted,Active
12657,Ajay Mishra,employee12657@company.com,IT,Marketing Executive,Bangalore,Full-Time,B.Com,2023-07-19,108511,27,13.6,80.7,4,11,4,Good,58.41,11,6,Not Promoted,Active
12658,Suresh Mishra,employee12658@company.com,Customer Support,Senior Software Engineer,Mumbai,Full-Time,MBA,2024-05-06,114763,37,11.9,89.76,12,13,4,Good,47.05,0,18,Not Promoted,Inactive
12659,Sneha Menon,employee12659@company.com,Engineering,Project Manager,Bangalore,Full-Time,B.E,2025-02-05,47167,55,15.4,72.27,17,6,3,Average,75.32,32,27,Not Promoted,Active
12660,Divya Reddy,employee12660@company.com,HR,Support Associate,Chennai,Part-Time,B.Com,2020-10-03,60929,26,9.1,78.82,81,6,4,Good,93.27,40,1,Not Promoted,Active
12661,Dinesh Mishra,employee12661@company.com,Finance,Sales Executive,Hyderabad,Full-Time,M.Sc,2022-06-26,100036,32,3.7,80.99,49,2,3,Average,67.83,0,28,Not Promoted,Active
12662,Divya Reddy,employee12662@company.com,Sales,Support Associate,Delhi,Full-Time,MBA,2020-04-24,98711,35,13.9,85.56,83,5,5,Excellent,61.12,4,29,Not Promoted,Active
12663,Dinesh Menon,employee12663@company.com,Sales,Support Associate,Coimbatore,Full-Time,M.Com,2020-10-12,62397,52,16.6,84.3,86,14,3,Average,70.76,4,9,Not Promoted,Active
12664,Meena Nair,employee12664@company.com,HR,HR Executive,Coimbatore,Full-Time,MCA,2019-02-02,87248,43,6.5,76.26,35,2,4,Good,107.34,6,30,Not Promoted,Active
12665,Suresh Singh,employee12665@company.com,Engineering,Sales Executive,Hyderabad,Part-Time,M.Sc,2021-09-06,72536,27,14.2,86.22,51,15,4,Good,72.51,19,28,Not Promoted,Active
12666,Karthik Reddy,employee12666@company.com,HR,Operations Analyst,Bangalore,Full-Time,MCA,2025-11-01,97437,51,5.3,97.78,32,15,3,Average,61.88,25,5,Not Promoted,Active
12667,Meena Mishra,employee12667@company.com,Operations,Sales Executive,Coimbatore,Full-Time,B.Com,2019-10-01,101426,49,17.0,70.81,63,1,2,Needs Improvement,82.0,5,15,Promoted,Active
12668,Divya Joshi,employee12668@company.com,HR,Marketing Executive,Pune,Full-Time,B.E,2019-05-08,101851,48,12.5,90.41,70,4,4,Good,97.7,25,7,Not Promoted,Active
12669,Ajay Gupta,employee12669@company.com,Operations,Senior Software Engineer,Mumbai,Full-Time,MBA,2022-06-18,105962,32,10.5,88.74,68,3,4,Good,46.45,2,3,Promoted,Active
12670,Sneha Mishra,employee12670@company.com,Engineering,Support Associate,Delhi,Full-Time,B.Com,2023-12-16,56316,47,14.1,97.73,95,12,3,Average,81.28,38,27,Not Promoted,Active
12671,Rahul Pillai,employee12671@company.com,Finance,Sales Executive,Delhi,Full-Time,B.Com,2023-10-23,60065,24,14.7,89.36,72,3,4,Good,99.36,13,19,Not Promoted,Active
12672,Priya Sharma,employee12672@company.com,Finance,Marketing Executive,Coimbatore,Full-Time,M.Com,2022-02-08,145138,41,16.1,88.75,29,15,3,Average,59.02,13,10,Not Promoted,Active
12673,Vijay Menon,employee12673@company.com,IT,Software Engineer,Hyderabad,Contract,B.Com,2024-11-04,105775,29,16.3,93.09,95,3,4,Good,104.91,19,17,Not Promoted,Active
12674,Rohan Joshi,employee12674@company.com,HR,Project Manager,Hyderabad,Full-Time,MBA,2022-01-25,105286,54,1.4,78.03,67,7,3,Average,82.55,8,20,Not Promoted,Active
12675,Karthik Gupta,employee12675@company.com,Engineering,Senior Software Engineer,Bangalore,Part-Time,B.Tech,2024-10-21,48674,41,2.7,87.87,88,12,5,Excellent,78.59,5,14,Not Promoted,Active
12676,Dinesh Joshi,employee12676@company.com,Engineering,Financial Analyst,Pune,Full-Time,MBA,2019-03-24,104049,43,15.0,85.58,21,13,3,Average,107.64,1,25,Not Promoted,Active
12677,Rohan Patel,employee12677@company.com,IT,Data Analyst,Mumbai,Full-Time,MBA,2021-01-30,149933,44,17.1,83.15,58,0,3,Average,53.43,37,15,Not Promoted,Active
12678,Priya Gupta,employee12678@company.com,Customer Support,Marketing Executive,Pune,Full-Time,M.Com,2019-07-13,144632,30,5.9,72.38,7,2,2,Needs Improvement,93.11,40,28,Not Promoted,Active
12679,Sneha Mishra,employee12679@company.com,Engineering,Support Associate,Delhi,Full-Time,M.Com,2020-08-27,51085,26,0.7,78.78,65,8,2,Needs Improvement,98.21,32,7,Promoted,Active
12680,Kavya Kumar,employee12680@company.com,Marketing,Senior Software Engineer,Pune,Full-Time,MCA,2020-07-25,63086,41,6.1,78.4,36,2,4,Good,76.76,4,16,Not Promoted,Active
12681,Rahul Gupta,employee12681@company.com,Finance,Project Manager,Coimbatore,Full-Time,M.Sc,2024-05-19,143495,49,7.2,91.73,98,0,3,Average,45.42,12,1,Not Promoted,Active
12682,Divya Reddy,employee12682@company.com,Sales,Sales Executive,Bangalore,Full-Time,MCA,2025-09-08,139700,41,13.8,97.62,100,12,4,Good,79.08,14,16,Not Promoted,Active
12683,Pooja Mishra,employee12683@company.com,Operations,Software Engineer,Pune,Contract,B.Com,2021-05-12,88493,42,1.3,76.92,55,15,1,Needs Improvement,54.98,33,14,Not Promoted,Active
12684,Priya Patel,employee12684@company.com,Marketing,Financial Analyst,Mumbai,Full-Time,BBA,2018-03-27,78186,55,4.2,72.24,60,4,3,Average,81.57,8,19,Not Promoted,Inactive
12685,Priya Iyer,employee12685@company.com,Sales,Project Manager,Delhi,Full-Time,MCA,2021-09-09,145218,25,16.1,100.0,85,3,3,Average,93.01,25,6,Not Promoted,Active
12686,Sneha Das,employee12686@company.com,Marketing,Software Engineer,Chennai,Full-Time,M.Com,2023-05-03,73248,35,3.2,90.74,64,9,1,Needs Improvement,79.52,29,10,Not Promoted,Active
12687,Nisha Menon,employee12687@company.com,IT,Data Analyst,Delhi,Full-Time,B.Com,2024-01-21,51156,39,13.8,96.59,41,12,2,Needs Improvement,86.0,21,18,Not Promoted,Active
12688,Nisha Menon,employee12688@company.com,IT,Senior Software Engineer,Chennai,Part-Time,B.Tech,2020-05-26,110353,36,6.8,74.32,96,7,3,Average,51.76,24,23,Not Promoted,Active
12689,Meena Reddy,employee12689@company.com,Operations,Operations Analyst,Mumbai,Full-Time,B.E,2018-07-25,95169,43,12.1,94.02,48,10,3,Average,51.31,39,5,Not Promoted,Active
12690,Arun Gupta,employee12690@company.com,Finance,HR Executive,Delhi,Contract,M.Com,2023-04-16,125355,24,1.8,94.4,67,11,3,Average,100.31,3,17,Not Promoted,Inactive
12691,Kavya Iyer,employee12691@company.com,Customer Support,Senior Software Engineer,Delhi,Contract,M.Sc,2021-12-23,28876,41,5.5,74.54,8,10,4,Good,48.21,27,8,Not Promoted,Active
12692,Arun Patel,employee12692@company.com,Engineering,Financial Analyst,Delhi,Full-Time,BBA,2024-01-05,96444,44,7.9,74.84,7,8,4,Good,63.48,36,24,Promoted,Active
12693,Pooja Rao,employee12693@company.com,Operations,Operations Analyst,Delhi,Full-Time,M.Com,2020-03-01,80282,46,15.5,78.86,57,9,1,Needs Improvement,105.95,9,15,Not Promoted,Active
12694,Suresh Das,employee12694@company.com,Customer Support,Operations Analyst,Bangalore,Full-Time,B.Tech,2021-08-06,96963,22,10.4,76.5,85,4,3,Average,74.83,8,12,Not Promoted,Active
12695,Aakash Gupta,employee12695@company.com,Sales,Data Analyst,Hyderabad,Full-Time,M.Sc,2020-08-04,70777,28,1.3,99.26,53,0,5,Excellent,88.85,35,22,Not Promoted,Inactive
12696,Pooja Menon,employee12696@company.com,Engineering,HR Executive,Delhi,Full-Time,M.Com,2023-06-17,73119,29,14.5,80.89,84,3,4,Good,59.41,0,25,Not Promoted,Active
12697,Divya Das,employee12697@company.com,Marketing,Operations Analyst,Bangalore,Full-Time,MCA,2022-03-26,92359,22,1.5,92.84,47,2,4,Good,62.58,29,7,Not Promoted,Active
12698,Suresh Singh,employee12698@company.com,Operations,Marketing Executive,Mumbai,Full-Time,MCA,2019-07-11,143118,34,16.9,94.15,53,5,3,Average,78.09,10,25,Promoted,Active
12699,Divya Mishra,employee12699@company.com,Customer Support,Project Manager,Delhi,Full-Time,MCA,2025-09-09,126044,40,4.2,81.58,27,14,4,Good,86.48,24,16,Promoted,Inactive
12700,Arun Sharma,employee12700@company.com,HR,Operations Analyst,Pune,Full-Time,BBA,2018-01-30,125092,22,9.0,90.48,100,1,4,Good,107.43,10,13,Not Promoted,Active
12701,Swetha Pillai,employee12701@company.com,HR,Operations Analyst,Delhi,Full-Time,B.Tech,2022-01-11,141640,24,1.8,73.23,65,4,4,Good,82.34,40,21,Not Promoted,Active
12702,Manoj Das,employee12702@company.com,Finance,Project Manager,Coimbatore,Full-Time,B.Com,2024-03-22,40641,55,10.3,81.91,80,7,5,Excellent,51.24,4,8,Not Promoted,Inactive
12703,Vijay Joshi,employee12703@company.com,Customer Support,Sales Executive,Delhi,Contract,BBA,2021-11-10,101432,34,9.2,99.02,30,10,2,Needs Improvement,68.85,26,5,Promoted,Active
12704,Pooja Pillai,employee12704@company.com,Operations,Data Analyst,Chennai,Full-Time,M.Com,2024-10-12,83295,41,7.7,75.06,12,4,1,Needs Improvement,60.87,22,15,Not Promoted,Active
12705,Arun Joshi,employee12705@company.com,Sales,Operations Analyst,Pune,Full-Time,M.Com,2019-06-13,103451,35,1.1,81.57,58,4,4,Good,61.54,18,2,Not Promoted,Active
12706,Meena Joshi,employee12706@company.com,HR,Operations Analyst,Delhi,Full-Time,MCA,2020-11-17,110340,40,15.9,93.72,81,7,4,Good,77.85,2,1,Not Promoted,Active
12707,Priya Patel,employee12707@company.com,Finance,HR Executive,Delhi,Full-Time,B.Com,2018-05-06,44411,26,14.5,89.96,87,10,2,Needs Improvement,65.58,7,7,Not Promoted,Active
12708,Rohan Singh,employee12708@company.com,Operations,Software Engineer,Delhi,Part-Time,BBA,2020-03-23,28101,48,11.6,88.95,30,4,3,Average,63.81,35,26,Not Promoted,Inactive
12709,Rahul Verma,employee12709@company.com,Finance,Sales Executive,Bangalore,Full-Time,M.Com,2024-12-21,53536,22,10.5,95.6,32,3,1,Needs Improvement,107.92,14,3,Not Promoted,Active
12710,Anjali Das,employee12710@company.com,Sales,Support Associate,Mumbai,Part-Time,BBA,2019-10-16,129177,48,12.7,70.87,52,9,3,Average,82.96,12,11,Promoted,Active
12711,Swetha Iyer,employee12711@company.com,HR,Sales Executive,Chennai,Full-Time,MBA,2018-05-18,28588,54,3.0,93.13,94,8,4,Good,62.02,29,30,Not Promoted,Active
12712,Pooja Rao,employee12712@company.com,Engineering,Project Manager,Delhi,Contract,B.Tech,2021-09-22,39709,34,16.8,96.48,90,1,4,Good,62.93,40,0,Not Promoted,Active
12713,Arun Iyer,employee12713@company.com,HR,HR Executive,Mumbai,Full-Time,B.E,2020-01-11,110765,29,5.5,70.49,35,0,3,Average,97.72,9,23,Not Promoted,Active
12714,Nisha Pillai,employee12714@company.com,HR,Data Analyst,Chennai,Contract,MBA,2024-03-11,112657,43,12.0,86.77,84,3,3,Average,102.62,33,28,Not Promoted,Active
12715,Priya Menon,employee12715@company.com,Customer Support,Senior Software Engineer,Chennai,Contract,M.Sc,2018-10-18,116259,55,11.1,80.46,68,9,1,Needs Improvement,89.14,29,16,Not Promoted,Active
12716,Priya Patel,employee12716@company.com,IT,HR Executive,Coimbatore,Full-Time,B.E,2024-08-15,102245,42,11.6,71.52,74,11,3,Average,73.04,24,17,Not Promoted,Active
12717,Suresh Menon,employee12717@company.com,Customer Support,Financial Analyst,Chennai,Contract,MBA,2025-01-21,26417,25,15.9,82.53,97,2,4,Good,94.7,5,16,Promoted,Active
12718,Pooja Menon,employee12718@company.com,HR,Project Manager,Delhi,Full-Time,MBA,2025-07-02,45293,49,5.7,89.32,33,8,5,Excellent,105.93,36,23,Not Promoted,Active
12719,Pooja Rao,employee12719@company.com,Marketing,Software Engineer,Bangalore,Full-Time,M.Sc,2022-08-21,78897,55,13.6,97.57,60,2,4,Good,55.8,16,15,Not Promoted,Active
12720,Nisha Reddy,employee12720@company.com,IT,Financial Analyst,Delhi,Full-Time,BBA,2022-11-27,69649,54,11.0,88.62,59,2,1,Needs Improvement,101.01,35,2,Not Promoted,Active
12721,Sneha Verma,employee12721@company.com,Engineering,Financial Analyst,Delhi,Contract,M.Sc,2019-07-03,60540,24,1.8,95.7,2,9,5,Excellent,100.17,39,8,Not Promoted,Active
12722,Divya Gupta,employee12722@company.com,Operations,Data Analyst,Mumbai,Full-Time,MBA,2021-08-12,87251,29,7.7,73.65,5,12,4,Good,68.82,31,26,Promoted,Active
12723,Kavya Sharma,employee12723@company.com,Customer Support,Support Associate,Hyderabad,Full-Time,B.Tech,2025-09-22,144863,34,15.2,76.32,19,6,4,Good,63.97,21,11,Not Promoted,Active
12724,Karthik Nair,employee12724@company.com,IT,Senior Software Engineer,Hyderabad,Full-Time,B.E,2024-10-02,80427,25,6.0,99.11,3,12,3,Average,81.75,32,6,Not Promoted,Active
12725,Arun Joshi,employee12725@company.com,IT,Operations Analyst,Coimbatore,Contract,B.Com,2024-08-05,85172,47,8.9,96.62,100,11,3,Average,62.7,21,5,Promoted,Active
12726,Aakash Reddy,employee12726@company.com,Customer Support,Marketing Executive,Hyderabad,Full-Time,B.Com,2021-01-03,117281,31,9.1,77.06,52,1,3,Average,54.45,35,10,Not Promoted,Active
12727,Meena Joshi,employee12727@company.com,Customer Support,Operations Analyst,Mumbai,Full-Time,MCA,2021-10-27,60017,50,11.3,88.63,70,10,2,Needs Improvement,106.95,17,5,Not Promoted,Inactive
12728,Swetha Rao,employee12728@company.com,IT,Financial Analyst,Pune,Full-Time,BBA,2025-02-27,139383,54,16.0,80.88,61,15,3,Average,76.94,27,25,Not Promoted,Active
12729,Aakash Joshi,employee12729@company.com,Finance,Sales Executive,Coimbatore,Full-Time,BBA,2025-07-28,45242,44,3.5,84.06,80,7,3,Average,75.7,12,16,Not Promoted,Active
12730,Manoj Sharma,employee12730@company.com,Engineering,Marketing Executive,Mumbai,Full-Time,BBA,2025-08-06,88429,36,9.3,95.83,37,5,3,Average,53.2,17,23,Not Promoted,Active
12731,Rahul Gupta,employee12731@company.com,Marketing,Data Analyst,Chennai,Full-Time,M.Com,2022-03-25,141313,50,7.9,92.07,35,15,4,Good,77.77,22,9,Promoted,Active
12732,Sneha Singh,employee12732@company.com,Sales,Senior Software Engineer,Delhi,Full-Time,B.Tech,2021-02-03,93285,44,5.7,77.15,33,11,3,Average,93.28,34,26,Not Promoted,Active
12733,Ajay Rao,employee12733@company.com,HR,Data Analyst,Pune,Part-Time,BBA,2024-08-11,122544,23,16.6,79.48,5,10,2,Needs Improvement,61.12,17,2,Not Promoted,Active
12734,Nisha Sharma,employee12734@company.com,Engineering,Project Manager,Chennai,Full-Time,MCA,2019-02-06,109525,49,0.6,78.69,65,11,5,Excellent,68.98,9,18,Not Promoted,Active
12735,Priya Patel,employee12735@company.com,Customer Support,Software Engineer,Coimbatore,Full-Time,MCA,2022-11-16,125151,32,2.6,93.42,17,13,5,Excellent,56.63,1,2,Not Promoted,Active
12736,Vijay Patel,employee12736@company.com,IT,Financial Analyst,Delhi,Full-Time,B.Tech,2023-11-21,137457,47,13.3,84.7,26,15,4,Good,68.08,13,26,Not Promoted,Inactive
12737,Dinesh Patel,employee12737@company.com,Sales,Sales Executive,Delhi,Full-Time,B.Tech,2020-02-26,146895,49,5.1,98.52,38,8,5,Excellent,100.98,31,24,Promoted,Active
12738,Ravi Pillai,employee12738@company.com,Customer Support,Data Analyst,Coimbatore,Full-Time,MBA,2024-06-30,33770,22,13.2,94.5,50,7,4,Good,60.41,29,20,Not Promoted,Active
12739,Suresh Patel,employee12739@company.com,Finance,Marketing Executive,Chennai,Full-Time,B.Tech,2019-01-08,26136,49,15.1,76.34,18,3,5,Excellent,46.92,18,1,Not Promoted,Active
12740,Vijay Verma,employee12740@company.com,Sales,Financial Analyst,Mumbai,Part-Time,B.Com,2018-12-04,36602,29,5.0,93.58,95,7,2,Needs Improvement,79.85,4,19,Not Promoted,Active
12741,Pooja Nair,employee12741@company.com,IT,Senior Software Engineer,Hyderabad,Full-Time,B.Tech,2020-11-22,126437,48,3.9,85.18,87,3,3,Average,82.67,31,22,Promoted,Active
12742,Rohan Pillai,employee12742@company.com,Engineering,Sales Executive,Pune,Full-Time,M.Sc,2021-12-16,35466,43,3.0,77.61,33,10,3,Average,66.38,9,27,Not Promoted,Active
12743,Swetha Joshi,employee12743@company.com,Operations,Support Associate,Coimbatore,Full-Time,MBA,2021-07-16,35413,33,4.0,80.9,88,14,3,Average,86.7,4,30,Promoted,Active
12744,Suresh Mishra,employee12744@company.com,Engineering,Support Associate,Coimbatore,Full-Time,B.E,2023-05-23,71075,25,5.2,99.16,23,4,2,Needs Improvement,47.46,13,25,Not Promoted,Active
12745,Sneha Nair,employee12745@company.com,Engineering,Marketing Executive,Delhi,Full-Time,MCA,2021-01-01,26157,52,15.7,84.52,24,10,4,Good,67.14,38,0,Promoted,Active
12746,Rahul Patel,employee12746@company.com,Marketing,Software Engineer,Bangalore,Contract,BBA,2023-02-25,32452,48,14.0,91.59,75,9,4,Good,54.4,18,17,Promoted,Active
12747,Anjali Nair,employee12747@company.com,Sales,Support Associate,Delhi,Full-Time,B.Tech,2021-04-19,102586,35,0.5,84.31,93,10,4,Good,59.94,10,7,Not Promoted,Active
12748,Ajay Mishra,employee12748@company.com,Customer Support,Financial Analyst,Hyderabad,Full-Time,M.Sc,2023-04-05,51225,44,15.8,81.15,69,14,2,Needs Improvement,69.86,34,23,Promoted,Active
12749,Suresh Patel,employee12749@company.com,IT,Senior Software Engineer,Delhi,Part-Time,M.Sc,2023-08-01,65043,52,1.9,93.89,29,6,4,Good,77.07,38,18,Not Promoted,Active
12750,Kavya Joshi,employee12750@company.com,Customer Support,Software Engineer,Bangalore,Full-Time,MCA,2022-09-29,39478,41,12.0,95.45,96,5,4,Good,51.06,37,4,Promoted,Active
12751,Swetha Reddy,employee12751@company.com,IT,Operations Analyst,Coimbatore,Full-Time,B.E,2023-01-05,119776,25,3.2,72.16,78,4,3,Average,51.59,21,23,Not Promoted,Active
12752,Dinesh Verma,employee12752@company.com,HR,Senior Software Engineer,Mumbai,Full-Time,M.Com,2018-02-01,112333,48,1.6,78.37,92,15,4,Good,88.81,29,9,Not Promoted,Active
12753,Nisha Menon,employee12753@company.com,Operations,Financial Analyst,Delhi,Full-Time,MBA,2023-05-23,62140,52,13.8,85.24,53,1,3,Average,71.27,29,29,Not Promoted,Active
12754,Meena Mishra,employee12754@company.com,HR,Financial Analyst,Pune,Full-Time,MCA,2025-04-21,30611,43,8.7,79.49,77,13,3,Average,56.47,10,30,Not Promoted,Active
12755,Kavya Iyer,employee12755@company.com,Engineering,Project Manager,Mumbai,Full-Time,B.Tech,2024-02-01,108506,36,11.0,93.51,24,14,5,Excellent,60.27,21,30,Not Promoted,Active
12756,Rohan Joshi,employee12756@company.com,Operations,Software Engineer,Bangalore,Full-Time,M.Com,2018-01-15,149838,30,7.9,73.44,4,14,3,Average,91.8,9,8,Not Promoted,Active
12757,Swetha Singh,employee12757@company.com,Marketing,Senior Software Engineer,Chennai,Part-Time,M.Com,2018-04-17,55166,49,1.7,93.93,1,4,3,Average,48.36,18,26,Not Promoted,Active
12758,Karthik Nair,employee12758@company.com,HR,Software Engineer,Delhi,Contract,B.E,2019-04-14,43707,47,13.4,88.54,79,14,5,Excellent,78.07,14,17,Not Promoted,Active
12759,Rahul Kumar,employee12759@company.com,Marketing,Marketing Executive,Coimbatore,Full-Time,MCA,2018-07-21,25233,55,14.9,78.68,62,9,4,Good,68.42,34,30,Not Promoted,Active
12760,Aakash Rao,employee12760@company.com,Customer Support,HR Executive,Coimbatore,Part-Time,MCA,2023-03-27,83609,44,1.2,80.33,53,6,2,Needs Improvement,97.72,34,25,Promoted,Inactive
12761,Ravi Kumar,employee12761@company.com,Engineering,Software Engineer,Mumbai,Full-Time,B.Com,2022-11-30,122537,43,7.1,75.49,37,10,2,Needs Improvement,96.36,0,23,Promoted,Active
12762,Aakash Sharma,employee12762@company.com,Finance,Support Associate,Delhi,Contract,B.Com,2021-11-09,65684,23,10.3,77.58,16,12,1,Needs Improvement,89.8,17,18,Not Promoted,Active
12763,Suresh Iyer,employee12763@company.com,Finance,Financial Analyst,Pune,Full-Time,B.Com,2020-07-05,90567,34,11.1,91.52,30,5,4,Good,70.01,25,24,Not Promoted,Active
12764,Kavya Rao,employee12764@company.com,Operations,Project Manager,Delhi,Full-Time,MCA,2018-12-02,53014,24,10.6,81.28,0,5,3,Average,86.03,17,4,Not Promoted,Active
12765,Priya Nair,employee12765@company.com,Operations,Operations Analyst,Mumbai,Full-Time,MCA,2022-08-12,116483,52,12.6,90.62,5,15,2,Needs Improvement,86.59,40,20,Not Promoted,Active
12766,Aakash Das,employee12766@company.com,HR,Project Manager,Hyderabad,Full-Time,B.Com,2023-11-23,33951,40,17.4,85.42,94,15,5,Excellent,66.59,17,10,Promoted,Active
12767,Dinesh Joshi,employee12767@company.com,Finance,Senior Software Engineer,Mumbai,Full-Time,MBA,2024-02-29,93739,37,7.3,74.36,69,4,4,Good,102.2,17,19,Not Promoted,Active
12768,Priya Kumar,employee12768@company.com,Sales,Marketing Executive,Bangalore,Full-Time,M.Sc,2018-03-06,129198,49,10.2,84.97,35,13,3,Average,109.02,31,23,Not Promoted,Active
12769,Divya Rao,employee12769@company.com,Sales,Marketing Executive,Mumbai,Full-Time,M.Sc,2019-07-07,92330,52,12.7,92.69,7,13,4,Good,65.44,37,0,Not Promoted,Active
12770,Vijay Gupta,employee12770@company.com,Customer Support,Operations Analyst,Coimbatore,Full-Time,M.Sc,2018-08-12,136384,24,10.9,78.93,92,14,4,Good,97.08,26,11,Not Promoted,Active
12771,Arun Iyer,employee12771@company.com,Sales,Software Engineer,Pune,Full-Time,BBA,2024-08-24,87831,44,7.3,89.44,72,8,2,Needs Improvement,77.56,28,5,Promoted,Active
12772,Aakash Reddy,employee12772@company.com,Customer Support,Software Engineer,Mumbai,Contract,B.Tech,2024-04-21,91297,22,11.4,75.97,85,0,3,Average,75.14,40,22,Not Promoted,Active
12773,Nisha Menon,employee12773@company.com,Finance,Senior Software Engineer,Mumbai,Full-Time,B.Tech,2023-07-09,53936,34,11.9,74.07,9,3,4,Good,70.13,19,23,Not Promoted,Active
12774,Pooja Iyer,employee12774@company.com,Sales,Senior Software Engineer,Pune,Full-Time,MBA,2021-08-14,88702,54,10.7,80.81,23,15,3,Average,63.98,34,19,Promoted,Active
12775,Meena Das,employee12775@company.com,Marketing,Sales Executive,Mumbai,Full-Time,B.E,2024-01-28,40574,22,4.1,81.68,62,6,4,Good,104.77,22,11,Not Promoted,Inactive
12776,Karthik Sharma,employee12776@company.com,IT,Software Engineer,Coimbatore,Part-Time,M.Sc,2019-09-05,143768,26,9.4,92.83,39,15,3,Average,93.15,11,24,Not Promoted,Active
12777,Aakash Joshi,employee12777@company.com,Operations,Senior Software Engineer,Pune,Full-Time,M.Sc,2019-10-14,123585,42,16.0,83.8,1,0,2,Needs Improvement,73.65,34,30,Promoted,Active
12778,Rahul Rao,employee12778@company.com,Engineering,Marketing Executive,Coimbatore,Part-Time,B.Tech,2019-12-19,29071,25,15.7,72.44,19,12,3,Average,93.85,35,11,Promoted,Active
12779,Ajay Reddy,employee12779@company.com,HR,HR Executive,Coimbatore,Full-Time,MCA,2025-11-19,102631,42,13.6,89.02,80,11,3,Average,91.71,27,2,Not Promoted,Active
12780,Priya Rao,employee12780@company.com,Customer Support,Financial Analyst,Coimbatore,Full-Time,M.Com,2021-10-19,46009,31,12.7,84.08,32,10,3,Average,62.38,36,23,Not Promoted,Active
12781,Swetha Das,employee12781@company.com,Marketing,Software Engineer,Bangalore,Full-Time,MCA,2025-11-06,53631,51,3.2,79.95,13,14,2,Needs Improvement,56.45,19,25,Not Promoted,Active
12782,Anjali Kumar,employee12782@company.com,Sales,Sales Executive,Pune,Full-Time,BBA,2023-10-22,47362,49,8.5,94.07,95,3,4,Good,99.36,34,14,Promoted,Active
12783,Aakash Verma,employee12783@company.com,Engineering,Financial Analyst,Bangalore,Full-Time,B.Tech,2020-12-19,55700,53,2.4,74.63,53,5,5,Excellent,97.74,6,30,Not Promoted,Active
12784,Karthik Gupta,employee12784@company.com,Engineering,Support Associate,Bangalore,Full-Time,BBA,2024-11-07,72105,42,14.8,97.4,54,9,4,Good,109.8,33,10,Promoted,Active
12785,Sneha Kumar,employee12785@company.com,IT,HR Executive,Pune,Full-Time,BBA,2024-07-11,56232,47,5.6,80.02,36,7,4,Good,46.26,5,9,Not Promoted,Active
12786,Rahul Mishra,employee12786@company.com,HR,Project Manager,Mumbai,Full-Time,MBA,2019-10-30,66775,28,13.9,83.83,87,6,3,Average,80.12,18,20,Not Promoted,Active
12787,Aakash Kumar,employee12787@company.com,Marketing,Software Engineer,Delhi,Full-Time,B.E,2018-01-14,78711,26,14.8,97.88,83,15,5,Excellent,90.59,7,27,Not Promoted,Active
12788,Aakash Joshi,employee12788@company.com,HR,Project Manager,Hyderabad,Full-Time,B.Tech,2021-12-10,42854,45,16.1,92.84,5,11,3,Average,82.87,29,20,Not Promoted,Active
12789,Aakash Patel,employee12789@company.com,Customer Support,Sales Executive,Delhi,Full-Time,MBA,2023-09-06,93823,54,13.7,72.23,32,8,5,Excellent,91.18,1,22,Promoted,Active
12790,Kavya Singh,employee12790@company.com,Customer Support,Software Engineer,Coimbatore,Full-Time,M.Com,2020-12-09,143947,29,10.4,87.35,49,14,5,Excellent,53.92,15,20,Not Promoted,Active
12791,Meena Verma,employee12791@company.com,Operations,Sales Executive,Pune,Full-Time,B.Com,2024-02-13,71782,51,11.0,79.31,91,6,4,Good,45.1,23,22,Not Promoted,Active
12792,Ravi Rao,employee12792@company.com,Finance,Data Analyst,Mumbai,Part-Time,M.Com,2020-02-10,47090,39,6.1,85.25,74,2,5,Excellent,51.05,24,15,Not Promoted,Active
12793,Ravi Singh,employee12793@company.com,Customer Support,Sales Executive,Bangalore,Full-Time,M.Com,2025-06-07,52161,21,3.6,92.29,99,15,4,Good,69.7,12,24,Not Promoted,Active
12794,Ravi Gupta,employee12794@company.com,Sales,Senior Software Engineer,Chennai,Full-Time,M.Sc,2020-09-16,41894,44,2.8,84.89,83,9,3,Average,66.38,8,11,Promoted,Active
12795,Anjali Pillai,employee12795@company.com,Engineering,Senior Software Engineer,Hyderabad,Contract,B.E,2019-06-22,137389,54,3.7,72.13,69,3,3,Average,101.81,29,15,Not Promoted,Active
12796,Rahul Gupta,employee12796@company.com,Marketing,Project Manager,Delhi,Full-Time,B.Tech,2023-07-14,131265,37,16.8,85.9,71,2,4,Good,50.43,8,4,Not Promoted,Active
12797,Meena Das,employee12797@company.com,Marketing,Data Analyst,Mumbai,Full-Time,BBA,2020-07-24,71300,54,3.4,70.72,82,8,2,Needs Improvement,73.78,39,17,Not Promoted,Active
12798,Nisha Reddy,employee12798@company.com,IT,Sales Executive,Coimbatore,Full-Time,B.Com,2024-08-15,115666,55,13.2,80.45,78,14,4,Good,107.26,6,9,Promoted,Active
12799,Pooja Joshi,employee12799@company.com,Engineering,Support Associate,Hyderabad,Full-Time,MBA,2023-11-04,69665,33,3.7,84.34,85,10,5,Excellent,77.69,15,5,Not Promoted,Active
12800,Priya Nair,employee12800@company.com,IT,Project Manager,Coimbatore,Full-Time,B.Com,2024-01-17,64552,45,17.6,89.34,50,10,3,Average,53.61,37,24,Not Promoted,Active
12801,Manoj Pillai,employee12801@company.com,IT,Financial Analyst,Chennai,Full-Time,B.Tech,2024-10-08,90288,32,6.9,85.19,65,7,4,Good,63.93,31,28,Not Promoted,Active
12802,Pooja Sharma,employee12802@company.com,Engineering,Senior Software Engineer,Chennai,Full-Time,B.E,2023-03-18,83650,41,7.7,74.56,60,9,5,Excellent,85.74,28,28,Not Promoted,Active
12803,Swetha Joshi,employee12803@company.com,HR,Financial Analyst,Chennai,Full-Time,B.Tech,2022-10-02,118254,21,7.6,97.97,27,12,5,Excellent,45.78,39,28,Not Promoted,Active
12804,Dinesh Singh,employee12804@company.com,Sales,Financial Analyst,Delhi,Full-Time,MBA,2021-11-15,137500,26,14.8,89.51,99,8,5,Excellent,107.93,14,13,Promoted,Active
12805,Priya Reddy,employee12805@company.com,HR,Data Analyst,Coimbatore,Part-Time,B.Com,2024-05-11,79645,31,4.3,79.51,99,9,4,Good,81.85,10,13,Not Promoted,Active
12806,Priya Gupta,employee12806@company.com,Sales,Project Manager,Pune,Full-Time,M.Com,2021-08-05,139946,36,15.0,98.98,43,9,5,Excellent,90.77,8,8,Not Promoted,Active
12807,Pooja Patel,employee12807@company.com,Marketing,Marketing Executive,Hyderabad,Full-Time,B.Tech,2023-07-31,64356,42,12.0,96.48,81,1,4,Good,77.43,15,27,Not Promoted,Active
12808,Rahul Joshi,employee12808@company.com,Customer Support,Project Manager,Pune,Full-Time,BBA,2018-09-15,67184,31,4.4,74.3,11,4,3,Average,107.27,24,15,Not Promoted,Active
12809,Karthik Iyer,employee12809@company.com,Customer Support,Marketing Executive,Coimbatore,Full-Time,MCA,2020-08-20,75817,46,1.6,89.66,82,4,3,Average,83.3,31,12,Not Promoted,Active
12810,Kavya Pillai,employee12810@company.com,HR,Sales Executive,Chennai,Full-Time,B.E,2021-05-28,149283,46,14.1,86.8,56,6,4,Good,88.03,9,13,Not Promoted,Active
12811,Suresh Patel,employee12811@company.com,HR,Marketing Executive,Mumbai,Full-Time,B.E,2025-01-18,59633,41,4.3,75.78,25,3,3,Average,100.95,9,20,Not Promoted,Active
12812,Sneha Iyer,employee12812@company.com,HR,Software Engineer,Chennai,Full-Time,B.Com,2019-06-17,73720,46,16.1,77.0,24,3,4,Good,101.0,29,10,Not Promoted,Active
12813,Ajay Nair,employee12813@company.com,Finance,Sales Executive,Pune,Full-Time,M.Com,2023-02-13,91301,35,2.8,86.91,91,7,4,Good,46.83,19,1,Not Promoted,Active
12814,Pooja Pillai,employee12814@company.com,Operations,Marketing Executive,Chennai,Full-Time,MBA,2021-10-15,122694,55,11.3,79.64,14,0,3,Average,63.41,40,21,Not Promoted,Active
12815,Dinesh Rao,employee12815@company.com,Engineering,Support Associate,Coimbatore,Full-Time,M.Com,2022-07-12,49640,31,12.6,95.04,73,5,4,Good,61.01,33,27,Not Promoted,Active
12816,Meena Iyer,employee12816@company.com,Sales,Financial Analyst,Chennai,Full-Time,BBA,2018-04-23,126753,29,12.0,72.93,97,8,4,Good,45.43,0,19,Promoted,Active
12817,Arun Reddy,employee12817@company.com,Customer Support,Sales Executive,Pune,Full-Time,B.Com,2021-07-23,76857,43,6.0,97.42,76,12,3,Average,101.99,31,19,Not Promoted,Active
12818,Nisha Reddy,employee12818@company.com,Sales,Financial Analyst,Pune,Full-Time,M.Com,2024-04-23,30765,24,15.8,95.22,79,12,1,Needs Improvement,65.61,39,28,Promoted,Active
12819,Manoj Gupta,employee12819@company.com,HR,Operations Analyst,Coimbatore,Full-Time,B.Com,2018-11-25,105997,50,14.0,92.16,52,12,1,Needs Improvement,67.55,30,18,Promoted,Active
12820,Kavya Mishra,employee12820@company.com,Finance,Project Manager,Mumbai,Full-Time,M.Com,2025-09-25,105872,48,9.4,77.88,94,15,3,Average,51.48,10,11,Not Promoted,Active
12821,Anjali Menon,employee12821@company.com,HR,Marketing Executive,Pune,Full-Time,B.Tech,2018-02-20,55761,45,11.1,91.45,64,14,5,Excellent,109.33,40,16,Not Promoted,Active
12822,Aakash Nair,employee12822@company.com,Sales,Financial Analyst,Coimbatore,Full-Time,B.E,2022-08-29,62742,42,10.4,83.16,53,1,3,Average,98.71,18,30,Promoted,Active
12823,Vijay Reddy,employee12823@company.com,Operations,Marketing Executive,Mumbai,Full-Time,B.Com,2018-08-09,139883,45,17.1,89.01,86,4,4,Good,82.17,6,8,Promoted,Active
12824,Ajay Rao,employee12824@company.com,Customer Support,Financial Analyst,Bangalore,Full-Time,B.Com,2025-10-01,26383,46,16.2,79.38,77,9,3,Average,95.18,28,21,Promoted,Active
12825,Karthik Gupta,employee12825@company.com,Operations,Support Associate,Coimbatore,Contract,B.E,2025-03-28,88235,49,4.6,95.08,38,9,3,Average,95.51,37,25,Promoted,Active
12826,Manoj Das,employee12826@company.com,Engineering,HR Executive,Bangalore,Full-Time,MCA,2021-06-07,40458,52,5.1,71.22,93,8,4,Good,87.69,35,10,Not Promoted,Active
12827,Manoj Joshi,employee12827@company.com,Marketing,Support Associate,Pune,Full-Time,MCA,2018-08-10,27435,46,17.7,90.74,50,14,4,Good,56.31,32,11,Not Promoted,Inactive
12828,Suresh Pillai,employee12828@company.com,Finance,Senior Software Engineer,Chennai,Full-Time,MBA,2020-07-31,53736,48,4.6,94.86,19,10,2,Needs Improvement,91.82,35,2,Not Promoted,Active
12829,Dinesh Singh,employee12829@company.com,Operations,Marketing Executive,Hyderabad,Full-Time,B.Com,2020-12-13,54992,40,17.2,89.39,63,11,3,Average,82.03,25,16,Not Promoted,Active
12830,Nisha Verma,employee12830@company.com,Finance,Support Associate,Chennai,Full-Time,B.Tech,2022-07-13,124754,22,11.9,75.76,88,3,1,Needs Improvement,92.06,28,5,Not Promoted,Active
12831,Swetha Mishra,employee12831@company.com,HR,Software Engineer,Pune,Full-Time,M.Com,2023-05-13,82566,43,1.4,78.55,10,14,3,Average,80.32,28,3,Not Promoted,Active
12832,Ravi Nair,employee12832@company.com,Marketing,Marketing Executive,Mumbai,Part-Time,B.Tech,2021-07-20,65692,25,6.4,85.45,89,8,4,Good,107.16,34,12,Not Promoted,Active
12833,Suresh Patel,employee12833@company.com,Sales,Data Analyst,Coimbatore,Full-Time,B.Com,2024-02-24,139358,41,8.8,79.88,51,7,2,Needs Improvement,85.76,2,16,Not Promoted,Active
12834,Priya Rao,employee12834@company.com,Operations,Project Manager,Chennai,Full-Time,MBA,2023-12-16,48442,42,15.1,70.15,84,8,3,Average,82.29,4,9,Not Promoted,Active
12835,Karthik Kumar,employee12835@company.com,Operations,Project Manager,Bangalore,Part-Time,BBA,2022-06-16,48700,31,6.3,71.22,53,12,3,Average,99.78,32,19,Not Promoted,Active
12836,Vijay Rao,employee12836@company.com,IT,Senior Software Engineer,Delhi,Full-Time,BBA,2020-10-29,128932,50,5.9,93.03,68,12,5,Excellent,69.65,10,30,Not Promoted,Inactive
12837,Dinesh Singh,employee12837@company.com,Customer Support,Software Engineer,Pune,Full-Time,BBA,2020-09-13,107361,48,16.6,72.51,6,12,5,Excellent,65.53,5,17,Promoted,Inactive
12838,Ajay Das,employee12838@company.com,Sales,Senior Software Engineer,Chennai,Full-Time,B.Com,2018-08-15,116549,37,1.9,97.84,11,1,2,Needs Improvement,77.71,1,13,Not Promoted,Active
12839,Rahul Singh,employee12839@company.com,Operations,Sales Executive,Delhi,Contract,BBA,2025-02-18,52763,41,10.2,83.28,1,9,4,Good,82.99,12,15,Promoted,Active
12840,Pooja Sharma,employee12840@company.com,Operations,Marketing Executive,Chennai,Full-Time,MBA,2023-06-11,120110,45,9.3,92.75,20,4,3,Average,59.33,0,18,Not Promoted,Active
12841,Arun Rao,employee12841@company.com,Sales,Software Engineer,Mumbai,Full-Time,B.E,2024-03-12,72556,44,1.5,73.77,95,14,3,Average,89.35,26,25,Not Promoted,Active
12842,Swetha Joshi,employee12842@company.com,Marketing,Operations Analyst,Mumbai,Full-Time,M.Com,2020-05-04,92903,50,2.0,97.8,68,9,4,Good,97.15,39,14,Promoted,Active
12843,Ravi Iyer,employee12843@company.com,Finance,Financial Analyst,Mumbai,Full-Time,BBA,2024-10-08,29865,55,7.2,71.01,90,8,5,Excellent,82.53,14,25,Not Promoted,Active
12844,Aakash Nair,employee12844@company.com,Sales,Data Analyst,Delhi,Full-Time,BBA,2022-01-15,66842,41,2.8,71.26,94,4,5,Excellent,78.99,34,22,Not Promoted,Active
12845,Rohan Iyer,employee12845@company.com,Finance,Marketing Executive,Hyderabad,Full-Time,BBA,2024-06-23,64927,26,8.9,71.64,75,11,4,Good,64.15,29,22,Promoted,Active
12846,Manoj Das,employee12846@company.com,Marketing,Data Analyst,Delhi,Full-Time,B.Tech,2024-08-04,74602,41,11.2,73.1,35,3,3,Average,104.12,5,20,Promoted,Active
12847,Dinesh Iyer,employee12847@company.com,Marketing,Software Engineer,Pune,Full-Time,MBA,2020-07-24,146727,28,12.6,84.6,20,7,4,Good,94.04,33,25,Promoted,Active
12848,Manoj Reddy,employee12848@company.com,Engineering,Financial Analyst,Pune,Part-Time,B.Tech,2020-08-15,95734,25,10.1,93.65,52,5,3,Average,76.22,20,12,Not Promoted,Active
12849,Divya Das,employee12849@company.com,HR,Senior Software Engineer,Bangalore,Full-Time,M.Sc,2021-08-12,148622,30,7.1,78.55,18,1,4,Good,87.84,31,1,Not Promoted,Active
12850,Rahul Joshi,employee12850@company.com,IT,Marketing Executive,Bangalore,Contract,B.E,2024-02-24,56076,51,2.8,92.37,2,7,3,Average,66.9,19,28,Not Promoted,Active
12851,Ajay Verma,employee12851@company.com,Marketing,Financial Analyst,Pune,Full-Time,B.Com,2022-05-13,97822,50,4.8,93.22,59,11,4,Good,48.89,34,8,Not Promoted,Active
12852,Anjali Nair,employee12852@company.com,Engineering,Data Analyst,Chennai,Part-Time,MBA,2024-09-11,120817,41,7.8,97.25,80,4,3,Average,58.26,8,12,Not Promoted,Active
12853,Manoj Pillai,employee12853@company.com,Engineering,HR Executive,Pune,Part-Time,M.Com,2025-03-22,149424,47,16.7,74.48,93,6,3,Average,50.17,36,24,Not Promoted,Active
12854,Aakash Kumar,employee12854@company.com,Engineering,Software Engineer,Coimbatore,Full-Time,M.Sc,2018-08-30,44734,55,4.0,74.07,99,3,5,Excellent,78.03,5,24,Not Promoted,Active
12855,Arun Joshi,employee12855@company.com,Marketing,Software Engineer,Hyderabad,Full-Time,MBA,2024-10-12,27829,52,7.7,73.66,72,8,2,Needs Improvement,85.43,9,21,Not Promoted,Active
12856,Dinesh Reddy,employee12856@company.com,Finance,Data Analyst,Bangalore,Full-Time,MCA,2025-04-12,125917,46,13.3,80.78,33,1,4,Good,69.73,8,11,Not Promoted,Active
12857,Pooja Singh,employee12857@company.com,Marketing,Data Analyst,Bangalore,Full-Time,B.Com,2023-08-16,26915,24,12.8,84.68,28,11,3,Average,79.46,32,0,Not Promoted,Active
12858,Anjali Patel,employee12858@company.com,Sales,Sales Executive,Coimbatore,Part-Time,B.Com,2022-12-20,64980,47,17.4,83.85,73,9,1,Needs Improvement,50.55,15,27,Not Promoted,Active
12859,Anjali Verma,employee12859@company.com,HR,Senior Software Engineer,Coimbatore,Full-Time,M.Com,2021-07-20,34440,47,3.8,77.71,56,8,1,Needs Improvement,95.05,31,12,Not Promoted,Active
12860,Vijay Das,employee12860@company.com,HR,Data Analyst,Delhi,Full-Time,M.Com,2022-07-06,140215,26,0.8,88.66,72,3,3,Average,47.13,37,21,Not Promoted,Active
12861,Ravi Nair,employee12861@company.com,Sales,Support Associate,Coimbatore,Full-Time,B.E,2025-07-20,29819,38,6.1,80.15,39,5,5,Excellent,86.24,19,26,Promoted,Active
12862,Vijay Rao,employee12862@company.com,Operations,Project Manager,Bangalore,Full-Time,M.Sc,2018-12-26,98415,46,3.1,80.98,49,4,3,Average,73.17,19,7,Not Promoted,Active
12863,Ajay Menon,employee12863@company.com,Marketing,Project Manager,Pune,Contract,M.Sc,2021-03-10,115352,44,10.1,73.17,74,15,5,Excellent,56.95,2,3,Not Promoted,Inactive
12864,Nisha Verma,employee12864@company.com,Customer Support,Marketing Executive,Bangalore,Full-Time,B.Tech,2022-03-14,57225,27,16.2,87.77,18,2,4,Good,79.0,13,21,Not Promoted,Active
12865,Vijay Das,employee12865@company.com,IT,Operations Analyst,Coimbatore,Contract,BBA,2023-06-24,35334,34,12.5,89.66,21,6,3,Average,95.76,20,10,Not Promoted,Active
12866,Arun Reddy,employee12866@company.com,Engineering,Marketing Executive,Coimbatore,Part-Time,MBA,2019-05-18,131860,33,2.9,92.74,50,3,4,Good,71.88,7,23,Promoted,Active
12867,Swetha Joshi,employee12867@company.com,Marketing,Sales Executive,Coimbatore,Contract,B.E,2022-05-09,108128,46,2.5,97.12,48,15,4,Good,68.9,23,5,Not Promoted,Active
12868,Vijay Pillai,employee12868@company.com,HR,Financial Analyst,Bangalore,Full-Time,B.Tech,2024-03-24,120367,22,16.5,92.98,51,0,4,Good,54.26,20,12,Not Promoted,Active
12869,Rohan Mishra,employee12869@company.com,IT,Operations Analyst,Coimbatore,Full-Time,M.Sc,2018-04-19,94656,43,9.0,77.07,21,13,3,Average,83.65,31,19,Not Promoted,Active
12870,Nisha Nair,employee12870@company.com,Customer Support,Financial Analyst,Delhi,Full-Time,BBA,2020-01-13,101093,48,16.7,77.07,61,13,3,Average,98.82,16,22,Promoted,Active
12871,Nisha Reddy,employee12871@company.com,Operations,Project Manager,Pune,Full-Time,BBA,2021-09-05,129780,21,13.4,97.45,59,7,5,Excellent,81.49,39,4,Not Promoted,Active
12872,Ravi Pillai,employee12872@company.com,Finance,Project Manager,Chennai,Full-Time,B.E,2020-03-21,27961,52,17.9,93.7,79,2,5,Excellent,55.73,3,26,Not Promoted,Active
12873,Kavya Gupta,employee12873@company.com,Finance,Project Manager,Coimbatore,Full-Time,MCA,2020-02-25,103385,32,15.7,93.47,80,5,5,Excellent,87.98,22,12,Promoted,Active
12874,Dinesh Verma,employee12874@company.com,Customer Support,Data Analyst,Bangalore,Full-Time,M.Com,2018-08-16,111696,55,7.7,91.59,6,11,3,Average,46.96,35,26,Not Promoted,Active
12875,Rahul Singh,employee12875@company.com,Marketing,Sales Executive,Bangalore,Full-Time,M.Com,2020-05-01,57545,46,13.8,78.02,52,1,4,Good,99.47,21,16,Not Promoted,Active
12876,Rahul Singh,employee12876@company.com,Marketing,Support Associate,Coimbatore,Full-Time,B.Com,2020-04-07,100875,51,8.7,95.42,30,8,3,Average,104.9,24,18,Promoted,Active
12877,Rohan Reddy,employee12877@company.com,IT,Marketing Executive,Bangalore,Full-Time,BBA,2019-01-14,76569,32,4.6,74.29,3,3,3,Average,83.81,3,18,Not Promoted,Active
12878,Swetha Rao,employee12878@company.com,IT,Financial Analyst,Coimbatore,Full-Time,MBA,2022-05-26,26616,49,4.7,80.5,92,6,3,Average,102.32,9,0,Not Promoted,Active
12879,Rohan Pillai,employee12879@company.com,Operations,HR Executive,Hyderabad,Full-Time,MBA,2023-07-19,148915,25,7.5,80.39,6,14,4,Good,50.49,23,3,Not Promoted,Active
12880,Suresh Reddy,employee12880@company.com,Marketing,Marketing Executive,Pune,Full-Time,MBA,2024-08-29,99447,55,2.5,86.8,93,8,3,Average,59.84,34,1,Not Promoted,Active
12881,Kavya Iyer,employee12881@company.com,HR,Software Engineer,Coimbatore,Part-Time,B.E,2023-12-01,78834,27,3.6,83.9,2,12,3,Average,65.62,13,11,Promoted,Active
12882,Nisha Nair,employee12882@company.com,Finance,Senior Software Engineer,Bangalore,Full-Time,B.E,2024-05-27,50549,36,9.3,83.79,24,10,4,Good,95.26,19,25,Promoted,Inactive
12883,Kavya Gupta,employee12883@company.com,Operations,Operations Analyst,Hyderabad,Full-Time,MBA,2021-02-02,97361,52,17.2,86.61,33,2,3,Average,76.48,13,0,Promoted,Active
12884,Aakash Pillai,employee12884@company.com,Engineering,Financial Analyst,Chennai,Full-Time,B.Com,2023-06-10,43230,37,10.6,82.46,32,12,2,Needs Improvement,67.64,38,11,Not Promoted,Active
12885,Manoj Das,employee12885@company.com,IT,Sales Executive,Chennai,Full-Time,B.Tech,2018-10-18,141059,41,7.6,77.5,94,2,2,Needs Improvement,55.27,8,12,Not Promoted,Active
12886,Karthik Patel,employee12886@company.com,Engineering,Project Manager,Delhi,Full-Time,MCA,2025-06-17,75618,47,4.7,89.92,87,2,5,Excellent,97.69,33,5,Not Promoted,Active
12887,Manoj Gupta,employee12887@company.com,HR,Software Engineer,Coimbatore,Full-Time,B.E,2018-03-01,139676,35,3.9,93.72,37,13,4,Good,46.33,19,6,Promoted,Inactive
12888,Anjali Menon,employee12888@company.com,Marketing,Senior Software Engineer,Delhi,Full-Time,MBA,2021-08-28,33882,43,12.0,84.37,3,14,3,Average,66.92,2,28,Promoted,Active
12889,Ravi Pillai,employee12889@company.com,Sales,Financial Analyst,Delhi,Full-Time,M.Com,2018-04-16,123391,28,15.3,89.48,47,4,4,Good,60.78,11,19,Not Promoted,Active
12890,Manoj Menon,employee12890@company.com,IT,Support Associate,Hyderabad,Full-Time,B.E,2025-04-24,106844,45,7.5,86.06,73,9,4,Good,53.39,38,4,Not Promoted,Active
12891,Manoj Reddy,employee12891@company.com,Operations,Project Manager,Chennai,Full-Time,B.Tech,2023-11-07,142200,31,10.1,71.77,88,5,3,Average,56.18,11,8,Not Promoted,Active
12892,Ravi Patel,employee12892@company.com,Sales,Financial Analyst,Delhi,Full-Time,B.E,2025-08-21,69808,41,12.9,82.69,100,2,4,Good,77.1,21,12,Not Promoted,Active
12893,Rohan Patel,employee12893@company.com,HR,HR Executive,Mumbai,Part-Time,B.Tech,2020-06-18,115605,30,1.5,70.3,60,9,4,Good,72.69,34,13,Not Promoted,Active
12894,Nisha Joshi,employee12894@company.com,Engineering,HR Executive,Delhi,Full-Time,B.Tech,2024-10-28,140933,29,6.6,89.86,64,15,4,Good,78.69,39,7,Promoted,Active
12895,Pooja Sharma,employee12895@company.com,Customer Support,Sales Executive,Chennai,Part-Time,B.E,2021-12-23,47500,21,13.3,85.24,80,8,2,Needs Improvement,92.3,30,15,Not Promoted,Active
12896,Karthik Nair,employee12896@company.com,Finance,HR Executive,Mumbai,Full-Time,B.Tech,2020-10-03,106410,42,12.5,73.8,70,0,5,Excellent,103.0,6,13,Not Promoted,Active
12897,Meena Rao,employee12897@company.com,Customer Support,Support Associate,Hyderabad,Full-Time,BBA,2023-05-24,34333,26,1.4,86.27,77,6,4,Good,52.7,8,28,Promoted,Active
12898,Meena Menon,employee12898@company.com,Customer Support,Sales Executive,Coimbatore,Full-Time,B.E,2018-11-02,78383,50,4.7,96.95,60,10,3,Average,50.37,36,17,Not Promoted,Active
12899,Pooja Rao,employee12899@company.com,Customer Support,Operations Analyst,Coimbatore,Full-Time,B.E,2025-04-16,91513,54,12.4,80.21,0,8,3,Average,65.82,21,29,Not Promoted,Active
12900,Pooja Mishra,employee12900@company.com,HR,Support Associate,Mumbai,Full-Time,B.Com,2018-07-21,51810,33,5.2,99.47,5,4,1,Needs Improvement,80.51,8,9,Not Promoted,Active
12901,Nisha Pillai,employee12901@company.com,Finance,Sales Executive,Chennai,Full-Time,M.Com,2020-11-12,50117,42,14.8,98.78,73,2,2,Needs Improvement,51.49,15,18,Not Promoted,Active
12902,Kavya Verma,employee12902@company.com,HR,Support Associate,Bangalore,Full-Time,BBA,2019-04-16,97258,26,1.0,93.56,20,12,4,Good,91.54,20,15,Promoted,Active
12903,Suresh Gupta,employee12903@company.com,Customer Support,HR Executive,Mumbai,Full-Time,MCA,2024-06-14,106206,44,3.8,94.41,66,14,1,Needs Improvement,81.15,8,8,Not Promoted,Active
12904,Arun Kumar,employee12904@company.com,IT,Operations Analyst,Chennai,Full-Time,BBA,2020-01-03,38217,41,5.4,82.32,82,9,3,Average,93.65,11,20,Not Promoted,Inactive
12905,Pooja Joshi,employee12905@company.com,Customer Support,Support Associate,Delhi,Full-Time,B.Tech,2025-01-27,149282,43,16.7,82.08,27,3,4,Good,68.26,26,0,Promoted,Active
12906,Vijay Iyer,employee12906@company.com,IT,Operations Analyst,Bangalore,Full-Time,BBA,2019-01-11,66770,25,14.4,98.63,65,7,2,Needs Improvement,71.07,8,8,Not Promoted,Active
12907,Aakash Gupta,employee12907@company.com,Operations,Senior Software Engineer,Hyderabad,Full-Time,B.E,2024-12-21,111427,27,16.0,80.99,26,11,5,Excellent,97.49,26,23,Not Promoted,Active
12908,Pooja Singh,employee12908@company.com,Customer Support,Support Associate,Coimbatore,Full-Time,B.Tech,2025-05-07,126796,23,8.2,72.91,31,13,3,Average,62.36,27,25,Not Promoted,Active
12909,Sneha Pillai,employee12909@company.com,Sales,Marketing Executive,Hyderabad,Contract,B.E,2018-05-22,70272,33,14.9,74.58,11,14,3,Average,69.79,34,13,Promoted,Active
12910,Rahul Menon,employee12910@company.com,HR,Project Manager,Pune,Full-Time,MCA,2024-04-26,122350,32,15.4,91.31,64,2,3,Average,45.88,37,6,Promoted,Active
12911,Aakash Nair,employee12911@company.com,Customer Support,HR Executive,Hyderabad,Contract,M.Sc,2022-09-18,95461,26,7.5,81.49,45,14,3,Average,81.1,31,28,Not Promoted,Active
12912,Dinesh Gupta,employee12912@company.com,HR,Financial Analyst,Pune,Full-Time,B.E,2023-03-23,108053,54,17.9,75.98,39,4,1,Needs Improvement,100.35,40,22,Not Promoted,Active
12913,Divya Das,employee12913@company.com,Engineering,Operations Analyst,Hyderabad,Full-Time,B.E,2023-01-14,86724,35,15.4,94.41,92,11,4,Good,46.81,2,23,Promoted,Active
12914,Manoj Kumar,employee12914@company.com,Customer Support,HR Executive,Hyderabad,Full-Time,M.Com,2024-08-22,40218,38,17.5,84.66,8,2,5,Excellent,84.9,8,10,Not Promoted,Active
12915,Aakash Gupta,employee12915@company.com,Sales,Software Engineer,Hyderabad,Full-Time,B.Tech,2018-12-14,62633,23,15.7,87.03,81,14,3,Average,99.95,2,19,Promoted,Active
12916,Rahul Verma,employee12916@company.com,Customer Support,Marketing Executive,Pune,Full-Time,M.Com,2022-05-21,114689,42,14.1,74.62,61,13,4,Good,77.11,35,6,Not Promoted,Active
12917,Sneha Singh,employee12917@company.com,Marketing,HR Executive,Delhi,Full-Time,BBA,2020-04-07,137488,55,17.0,75.78,99,14,4,Good,65.35,12,23,Not Promoted,Active
12918,Rohan Patel,employee12918@company.com,Operations,Project Manager,Pune,Full-Time,BBA,2024-12-28,66528,48,7.8,73.78,15,11,4,Good,109.78,33,26,Not Promoted,Active
12919,Ajay Menon,employee12919@company.com,Engineering,Marketing Executive,Mumbai,Full-Time,M.Com,2024-08-26,77152,32,14.2,85.44,98,14,3,Average,49.21,29,9,Not Promoted,Active
12920,Manoj Pillai,employee12920@company.com,HR,Project Manager,Chennai,Contract,BBA,2019-03-01,34513,21,4.2,93.27,99,5,3,Average,58.68,15,18,Not Promoted,Active
12921,Ravi Joshi,employee12921@company.com,Engineering,HR Executive,Chennai,Part-Time,M.Sc,2022-12-29,65434,50,13.3,91.97,67,11,3,Average,102.54,32,1,Not Promoted,Active
12922,Divya Iyer,employee12922@company.com,Operations,Marketing Executive,Delhi,Full-Time,BBA,2021-12-30,113624,43,14.2,77.84,39,0,4,Good,64.32,34,1,Not Promoted,Active
12923,Rohan Sharma,employee12923@company.com,HR,Financial Analyst,Chennai,Full-Time,M.Sc,2018-11-18,68704,48,13.0,95.55,34,6,4,Good,98.29,15,22,Not Promoted,Active
12924,Ravi Das,employee12924@company.com,HR,Financial Analyst,Hyderabad,Full-Time,M.Com,2024-04-16,121966,25,15.4,73.17,82,14,3,Average,66.66,37,24,Promoted,Active
12925,Manoj Iyer,employee12925@company.com,Marketing,Project Manager,Delhi,Full-Time,M.Com,2022-11-03,103353,30,7.7,73.42,59,14,3,Average,97.78,39,29,Not Promoted,Active
12926,Suresh Das,employee12926@company.com,Customer Support,Project Manager,Chennai,Full-Time,B.Com,2018-06-29,97901,25,10.0,95.48,69,10,5,Excellent,89.57,4,28,Not Promoted,Active
12927,Kavya Gupta,employee12927@company.com,IT,Senior Software Engineer,Pune,Full-Time,B.Tech,2020-09-30,85922,34,0.7,77.33,94,13,4,Good,75.45,7,15,Not Promoted,Active
12928,Aakash Kumar,employee12928@company.com,Operations,Financial Analyst,Mumbai,Full-Time,B.Tech,2022-09-09,129936,44,3.1,91.24,90,5,5,Excellent,78.99,32,11,Not Promoted,Active
12929,Nisha Patel,employee12929@company.com,Sales,Financial Analyst,Bangalore,Full-Time,B.E,2018-01-29,125071,48,11.8,70.27,2,11,4,Good,56.55,29,7,Not Promoted,Active
12930,Aakash Gupta,employee12930@company.com,Operations,Operations Analyst,Mumbai,Full-Time,B.Tech,2023-07-27,125378,41,10.3,72.81,52,5,3,Average,52.53,1,25,Not Promoted,Active
12931,Karthik Gupta,employee12931@company.com,Customer Support,Sales Executive,Chennai,Full-Time,MCA,2020-01-08,149923,32,4.0,88.28,99,2,4,Good,91.6,37,9,Not Promoted,Inactive
12932,Ajay Gupta,employee12932@company.com,Marketing,Support Associate,Delhi,Full-Time,M.Com,2024-02-13,75293,40,4.8,75.47,58,15,4,Good,100.16,37,22,Not Promoted,Active
12933,Vijay Menon,employee12933@company.com,Finance,Operations Analyst,Coimbatore,Part-Time,MBA,2018-02-24,124381,52,6.5,70.85,35,0,2,Needs Improvement,91.93,19,14,Not Promoted,Active
12934,Kavya Rao,employee12934@company.com,Engineering,Project Manager,Chennai,Full-Time,M.Sc,2025-01-05,111519,41,13.0,84.01,65,15,4,Good,104.34,8,15,Not Promoted,Active
12935,Manoj Iyer,employee12935@company.com,Finance,Data Analyst,Pune,Full-Time,B.Tech,2021-12-04,80272,37,11.2,79.92,36,10,4,Good,102.86,0,24,Not Promoted,Active
12936,Meena Joshi,employee12936@company.com,Marketing,Support Associate,Mumbai,Full-Time,M.Sc,2023-08-27,148031,21,1.7,94.07,78,14,3,Average,95.58,1,3,Not Promoted,Active
12937,Nisha Singh,employee12937@company.com,Engineering,Data Analyst,Coimbatore,Full-Time,M.Sc,2018-03-29,95368,48,13.8,94.56,100,0,4,Good,103.38,18,25,Not Promoted,Active
12938,Anjali Sharma,employee12938@company.com,Customer Support,Software Engineer,Pune,Full-Time,MBA,2020-12-17,33670,22,5.1,88.43,86,6,4,Good,55.87,15,28,Not Promoted,Active
12939,Vijay Mishra,employee12939@company.com,Marketing,Project Manager,Pune,Full-Time,BBA,2025-07-14,52809,37,12.3,78.79,43,3,5,Excellent,92.54,40,30,Not Promoted,Active
12940,Vijay Sharma,employee12940@company.com,IT,HR Executive,Bangalore,Full-Time,M.Sc,2019-12-26,43069,34,2.7,83.85,63,13,2,Needs Improvement,93.99,4,22,Promoted,Active
12941,Dinesh Das,employee12941@company.com,Operations,Sales Executive,Pune,Full-Time,MCA,2021-06-07,120447,34,18.0,91.07,50,5,3,Average,55.01,31,4,Not Promoted,Active
12942,Ravi Verma,employee12942@company.com,Customer Support,Data Analyst,Coimbatore,Full-Time,B.Com,2021-03-23,105702,38,1.9,72.08,5,3,4,Good,104.12,19,16,Not Promoted,Active
12943,Ravi Das,employee12943@company.com,Engineering,Support Associate,Pune,Full-Time,B.E,2021-07-20,143179,54,13.5,79.97,96,7,3,Average,45.57,13,9,Promoted,Active
12944,Arun Sharma,employee12944@company.com,Operations,Project Manager,Bangalore,Full-Time,B.E,2020-12-05,124675,21,10.0,94.67,68,11,4,Good,73.25,12,3,Promoted,Active
12945,Aakash Mishra,employee12945@company.com,Finance,Operations Analyst,Hyderabad,Full-Time,B.E,2020-06-13,30459,38,2.0,82.18,20,8,4,Good,46.4,26,0,Not Promoted,Active
12946,Sneha Joshi,employee12946@company.com,Customer Support,Senior Software Engineer,Coimbatore,Full-Time,B.Com,2024-11-04,53476,54,1.0,88.74,56,1,2,Needs Improvement,79.02,34,0,Not Promoted,Active
12947,Priya Pillai,employee12947@company.com,Sales,Marketing Executive,Hyderabad,Full-Time,M.Com,2021-08-22,87289,43,6.8,72.89,27,0,4,Good,71.79,33,6,Not Promoted,Active
12948,Ravi Verma,employee12948@company.com,Operations,Financial Analyst,Coimbatore,Full-Time,M.Sc,2024-10-10,52177,36,14.5,93.31,84,0,4,Good,85.5,15,2,Promoted,Active
12949,Swetha Iyer,employee12949@company.com,HR,Sales Executive,Delhi,Full-Time,MBA,2023-12-06,28423,39,1.2,73.01,23,14,3,Average,94.82,27,15,Not Promoted,Active
12950,Karthik Mishra,employee12950@company.com,Engineering,Sales Executive,Bangalore,Full-Time,B.Tech,2025-06-28,133192,26,12.8,95.85,91,13,5,Excellent,94.96,34,24,Not Promoted,Active
12951,Nisha Joshi,employee12951@company.com,HR,Financial Analyst,Delhi,Contract,M.Com,2020-10-18,86001,44,12.0,73.2,74,12,4,Good,91.94,14,26,Not Promoted,Active
12952,Dinesh Kumar,employee12952@company.com,IT,Financial Analyst,Delhi,Full-Time,B.E,2025-03-12,45360,37,5.1,96.73,62,11,4,Good,51.62,2,15,Not Promoted,Active
12953,Ajay Pillai,employee12953@company.com,Engineering,Financial Analyst,Pune,Full-Time,BBA,2018-09-08,91934,36,1.9,80.91,21,11,4,Good,72.13,26,14,Promoted,Active
12954,Rahul Nair,employee12954@company.com,Customer Support,Senior Software Engineer,Delhi,Full-Time,B.E,2024-09-16,55232,26,16.5,88.74,33,15,3,Average,98.04,26,22,Not Promoted,Inactive
12955,Vijay Reddy,employee12955@company.com,Engineering,Software Engineer,Chennai,Full-Time,M.Sc,2022-11-01,69940,36,5.8,95.4,36,6,5,Excellent,87.53,3,10,Not Promoted,Inactive
12956,Sneha Sharma,employee12956@company.com,IT,Senior Software Engineer,Coimbatore,Full-Time,M.Com,2024-02-26,136918,29,2.4,70.31,40,12,4,Good,89.27,20,21,Not Promoted,Active
12957,Suresh Iyer,employee12957@company.com,Engineering,Operations Analyst,Mumbai,Full-Time,MBA,2021-03-15,30361,49,12.4,77.97,80,13,4,Good,59.75,21,17,Not Promoted,Active
12958,Karthik Sharma,employee12958@company.com,Customer Support,Software Engineer,Chennai,Full-Time,M.Com,2020-12-10,26401,24,4.3,97.25,78,1,5,Excellent,66.13,4,20,Promoted,Active
12959,Suresh Nair,employee12959@company.com,Finance,Marketing Executive,Chennai,Contract,B.Com,2024-06-25,116820,46,8.8,81.65,92,2,3,Average,107.13,40,23,Not Promoted,Active
12960,Pooja Mishra,employee12960@company.com,Sales,Financial Analyst,Pune,Part-Time,B.E,2018-07-18,91948,46,1.4,91.19,97,11,4,Good,100.05,38,19,Promoted,Active
12961,Divya Menon,employee12961@company.com,Sales,Senior Software Engineer,Mumbai,Full-Time,MBA,2022-01-04,47814,34,17.9,74.2,42,3,3,Average,55.72,22,29,Not Promoted,Active
12962,Kavya Reddy,employee12962@company.com,Marketing,HR Executive,Delhi,Full-Time,BBA,2024-01-02,28230,55,8.3,90.35,21,8,3,Average,80.41,22,7,Not Promoted,Active
12963,Divya Nair,employee12963@company.com,IT,Operations Analyst,Mumbai,Full-Time,M.Sc,2020-12-18,130825,44,18.0,72.19,90,9,3,Average,76.88,12,24,Not Promoted,Active
12964,Ajay Iyer,employee12964@company.com,Customer Support,Marketing Executive,Delhi,Full-Time,B.Tech,2022-09-27,129153,28,7.2,91.52,14,1,5,Excellent,73.84,26,23,Not Promoted,Active
12965,Meena Nair,employee12965@company.com,Operations,Marketing Executive,Hyderabad,Full-Time,M.Sc,2023-12-31,133998,45,6.6,79.71,20,15,4,Good,75.59,14,5,Not Promoted,Inactive
12966,Kavya Singh,employee12966@company.com,HR,Support Associate,Bangalore,Full-Time,BBA,2021-01-28,63824,24,16.5,83.98,51,15,4,Good,86.79,11,17,Not Promoted,Active
12967,Pooja Kumar,employee12967@company.com,Operations,Support Associate,Pune,Full-Time,BBA,2019-06-10,144410,35,6.3,74.99,3,13,4,Good,107.86,9,7,Promoted,Active
12968,Dinesh Kumar,employee12968@company.com,HR,Marketing Executive,Delhi,Full-Time,B.E,2023-12-10,147797,36,8.1,88.84,46,9,4,Good,101.9,37,19,Not Promoted,Active
12969,Divya Joshi,employee12969@company.com,Finance,Software Engineer,Delhi,Full-Time,M.Sc,2022-01-28,75416,31,1.9,80.13,17,1,5,Excellent,101.88,27,16,Not Promoted,Active
12970,Sneha Joshi,employee12970@company.com,HR,Project Manager,Mumbai,Full-Time,M.Com,2018-09-22,106715,48,17.2,81.5,70,12,3,Average,90.72,34,28,Not Promoted,Active
12971,Nisha Nair,employee12971@company.com,Operations,Operations Analyst,Pune,Full-Time,MBA,2023-07-23,125563,27,2.0,89.57,79,0,3,Average,46.14,37,4,Promoted,Active
12972,Ravi Joshi,employee12972@company.com,Engineering,Support Associate,Coimbatore,Full-Time,B.E,2025-08-10,140050,44,14.0,75.37,34,15,3,Average,73.63,19,2,Not Promoted,Active
12973,Nisha Menon,employee12973@company.com,Operations,Sales Executive,Delhi,Full-Time,B.Tech,2021-05-28,84989,51,9.9,95.56,75,14,4,Good,78.22,11,18,Promoted,Active
12974,Divya Gupta,employee12974@company.com,Sales,Financial Analyst,Hyderabad,Part-Time,B.Tech,2019-01-31,96812,24,1.6,92.18,6,7,4,Good,99.76,2,6,Not Promoted,Active
12975,Ajay Rao,employee12975@company.com,Customer Support,Operations Analyst,Chennai,Full-Time,MCA,2022-01-20,90291,55,0.5,87.33,40,13,3,Average,104.98,1,11,Not Promoted,Active
12976,Meena Mishra,employee12976@company.com,Sales,Marketing Executive,Delhi,Full-Time,M.Com,2018-04-18,83876,26,16.9,73.85,9,14,1,Needs Improvement,74.35,27,0,Not Promoted,Active
12977,Aakash Joshi,employee12977@company.com,IT,Marketing Executive,Mumbai,Full-Time,B.Com,2025-12-16,80572,53,13.5,90.61,61,12,4,Good,64.53,21,2,Not Promoted,Active
12978,Manoj Patel,employee12978@company.com,Engineering,HR Executive,Coimbatore,Full-Time,BBA,2019-09-28,112304,52,12.5,70.54,64,7,1,Needs Improvement,66.93,34,9,Not Promoted,Active
12979,Aakash Sharma,employee12979@company.com,Operations,Project Manager,Hyderabad,Full-Time,M.Com,2022-01-23,113668,55,8.2,94.13,11,4,4,Good,82.61,8,5,Promoted,Active
12980,Kavya Patel,employee12980@company.com,Engineering,Financial Analyst,Pune,Contract,MBA,2020-07-21,139266,37,4.7,79.11,90,2,5,Excellent,62.87,22,15,Not Promoted,Active
12981,Arun Verma,employee12981@company.com,Engineering,Sales Executive,Delhi,Full-Time,M.Com,2023-04-24,87096,52,12.4,73.52,27,0,3,Average,104.2,16,13,Not Promoted,Inactive
12982,Swetha Verma,employee12982@company.com,Customer Support,Data Analyst,Hyderabad,Full-Time,MBA,2025-09-17,100111,34,11.1,74.93,57,1,3,Average,72.21,13,7,Not Promoted,Active
12983,Sneha Nair,employee12983@company.com,Finance,Support Associate,Hyderabad,Full-Time,MCA,2021-03-31,98367,39,13.2,98.89,55,13,4,Good,109.35,31,5,Not Promoted,Active
12984,Ajay Mishra,employee12984@company.com,HR,HR Executive,Coimbatore,Full-Time,BBA,2018-02-05,74818,44,6.9,93.21,17,8,4,Good,52.12,39,30,Not Promoted,Active
12985,Aakash Reddy,employee12985@company.com,IT,Marketing Executive,Hyderabad,Part-Time,BBA,2019-02-17,88623,31,17.8,77.14,64,7,4,Good,57.21,35,10,Not Promoted,Active
12986,Nisha Kumar,employee12986@company.com,Marketing,Project Manager,Hyderabad,Full-Time,MCA,2019-04-28,93348,27,1.7,98.9,56,9,5,Excellent,78.25,32,3,Promoted,Active
12987,Ravi Verma,employee12987@company.com,Engineering,Software Engineer,Coimbatore,Contract,MCA,2019-08-26,60243,44,1.9,74.2,49,10,2,Needs Improvement,101.44,9,7,Promoted,Inactive
12988,Dinesh Rao,employee12988@company.com,Marketing,HR Executive,Coimbatore,Full-Time,B.Com,2020-12-17,48357,44,16.5,92.01,86,3,4,Good,68.01,12,25,Not Promoted,Active
12989,Karthik Sharma,employee12989@company.com,Customer Support,Project Manager,Coimbatore,Part-Time,MCA,2021-03-09,93636,34,11.8,89.7,80,12,4,Good,99.44,33,4,Not Promoted,Active
12990,Pooja Joshi,employee12990@company.com,HR,Operations Analyst,Hyderabad,Full-Time,M.Com,2018-06-21,138234,44,6.2,94.64,44,2,5,Excellent,72.65,4,9,Promoted,Active
12991,Kavya Gupta,employee12991@company.com,HR,Operations Analyst,Hyderabad,Full-Time,B.Tech,2018-09-17,110321,31,13.8,81.45,61,4,3,Average,100.44,5,21,Not Promoted,Active
12992,Pooja Sharma,employee12992@company.com,Customer Support,Senior Software Engineer,Bangalore,Full-Time,MBA,2018-01-25,62783,28,8.4,82.06,64,7,4,Good,63.03,32,11,Not Promoted,Active
12993,Vijay Kumar,employee12993@company.com,HR,HR Executive,Pune,Full-Time,M.Sc,2018-07-17,76703,35,0.9,88.74,54,13,4,Good,75.67,4,28,Not Promoted,Active
12994,Ajay Kumar,employee12994@company.com,Sales,Operations Analyst,Chennai,Full-Time,MBA,2025-03-11,135395,22,11.9,81.95,37,9,3,Average,63.12,23,16,Promoted,Active
12995,Dinesh Gupta,employee12995@company.com,HR,Marketing Executive,Pune,Full-Time,B.Tech,2019-02-27,141839,44,4.8,71.24,3,5,2,Needs Improvement,58.99,7,19,Not Promoted,Active
12996,Karthik Nair,employee12996@company.com,Marketing,Operations Analyst,Mumbai,Full-Time,BBA,2021-02-15,137542,30,2.5,91.89,14,9,5,Excellent,72.37,17,10,Not Promoted,Active
12997,Arun Iyer,employee12997@company.com,HR,Project Manager,Mumbai,Full-Time,M.Sc,2025-10-10,113557,52,4.4,89.23,20,14,2,Needs Improvement,66.76,24,19,Not Promoted,Active
12998,Manoj Kumar,employee12998@company.com,Operations,Data Analyst,Coimbatore,Full-Time,M.Com,2023-08-16,89882,37,8.8,82.71,20,10,3,Average,96.16,17,27,Not Promoted,Active
12999,Swetha Kumar,employee12999@company.com,Customer Support,Support Associate,Pune,Full-Time,B.Com,2021-01-25,90923,30,1.4,79.08,50,3,3,Average,93.6,35,11,Promoted,Active
13000,Arun Verma,employee13000@company.com,Finance,Marketing Executive,Hyderabad,Full-Time,B.E,2018-03-13,47248,42,16.0,79.62,85,7,5,Excellent,68.31,25,20,Not Promoted,Active
13001,Manoj Menon,employee13001@company.com,Marketing,Financial Analyst,Bangalore,Full-Time,M.Com,2019-03-08,89748,26,10.3,92.23,77,3,4,Good,109.5,19,11,Not Promoted,Inactive
13002,Vijay Menon,employee13002@company.com,Finance,Project Manager,Chennai,Full-Time,MCA,2019-01-15,56454,47,5.6,91.87,34,4,4,Good,108.3,19,16,Promoted,Active
13003,Vijay Kumar,employee13003@company.com,Marketing,Data Analyst,Delhi,Contract,M.Sc,2022-11-29,103728,40,12.5,94.57,3,1,3,Average,104.66,38,19,Not Promoted,Active
13004,Manoj Patel,employee13004@company.com,Engineering,Operations Analyst,Delhi,Full-Time,BBA,2025-02-10,142849,21,14.6,92.87,98,9,4,Good,83.12,39,26,Not Promoted,Active
13005,Suresh Patel,employee13005@company.com,IT,Sales Executive,Hyderabad,Contract,M.Com,2020-03-18,27380,37,11.2,92.74,31,15,4,Good,71.8,23,22,Promoted,Active
13006,Swetha Patel,employee13006@company.com,Operations,Senior Software Engineer,Pune,Full-Time,MBA,2018-02-25,148256,21,4.0,77.55,91,3,4,Good,65.35,19,21,Not Promoted,Active
13007,Sneha Singh,employee13007@company.com,Marketing,Data Analyst,Delhi,Full-Time,MBA,2025-04-16,62103,35,2.4,73.05,11,14,5,Excellent,45.98,3,25,Not Promoted,Active
13008,Swetha Rao,employee13008@company.com,Engineering,Operations Analyst,Pune,Full-Time,B.Com,2021-01-31,138369,21,15.5,92.85,53,9,1,Needs Improvement,86.07,21,4,Not Promoted,Active
13009,Rahul Singh,employee13009@company.com,Operations,Data Analyst,Bangalore,Full-Time,MCA,2024-03-13,119389,37,4.6,72.96,29,13,4,Good,80.96,24,26,Not Promoted,Active
13010,Vijay Pillai,employee13010@company.com,Marketing,Data Analyst,Bangalore,Full-Time,M.Sc,2018-01-21,124584,22,0.9,99.46,8,9,2,Needs Improvement,85.94,20,16,Not Promoted,Active
13011,Anjali Verma,employee13011@company.com,Finance,Project Manager,Coimbatore,Full-Time,B.Com,2024-03-07,25743,38,11.8,96.25,18,2,4,Good,82.44,17,23,Not Promoted,Active
13012,Anjali Sharma,employee13012@company.com,Finance,Sales Executive,Pune,Full-Time,B.Com,2018-10-18,65124,32,3.2,86.0,79,11,3,Average,53.95,8,27,Not Promoted,Active
13013,Dinesh Rao,employee13013@company.com,Customer Support,Operations Analyst,Coimbatore,Contract,B.Tech,2025-07-25,38128,49,17.8,80.57,29,14,3,Average,90.2,8,4,Not Promoted,Active
13014,Swetha Gupta,employee13014@company.com,Marketing,Sales Executive,Hyderabad,Contract,M.Sc,2023-06-18,143174,43,15.7,85.81,64,11,3,Average,68.43,32,29,Not Promoted,Active
13015,Dinesh Rao,employee13015@company.com,Marketing,HR Executive,Coimbatore,Full-Time,B.E,2020-04-14,131327,29,11.1,92.03,44,15,4,Good,78.56,40,12,Not Promoted,Active
13016,Nisha Sharma,employee13016@company.com,Sales,Project Manager,Hyderabad,Full-Time,B.E,2018-07-07,104102,28,15.1,92.69,22,7,3,Average,68.77,6,28,Not Promoted,Active
13017,Ajay Iyer,employee13017@company.com,Operations,Support Associate,Hyderabad,Full-Time,M.Sc,2021-03-20,75220,36,8.7,72.21,75,7,4,Good,46.43,32,13,Promoted,Active
13018,Kavya Iyer,employee13018@company.com,Operations,Support Associate,Delhi,Full-Time,MCA,2023-06-08,83352,43,14.3,94.15,4,13,3,Average,101.98,1,7,Promoted,Active
13019,Nisha Joshi,employee13019@company.com,Operations,Data Analyst,Chennai,Full-Time,B.Com,2024-02-17,146659,49,11.8,89.24,83,6,2,Needs Improvement,54.67,7,13,Not Promoted,Active
13020,Suresh Kumar,employee13020@company.com,Operations,Marketing Executive,Chennai,Full-Time,BBA,2024-09-20,70653,30,1.0,71.22,66,5,4,Good,82.84,32,26,Promoted,Active
13021,Ravi Reddy,employee13021@company.com,IT,Senior Software Engineer,Hyderabad,Full-Time,MBA,2018-08-02,71072,32,17.1,79.39,65,8,3,Average,102.4,34,5,Not Promoted,Active
13022,Rohan Sharma,employee13022@company.com,IT,HR Executive,Pune,Full-Time,B.E,2023-03-30,135792,32,15.6,85.32,42,13,3,Average,59.39,28,6,Not Promoted,Active
13023,Ajay Joshi,employee13023@company.com,Engineering,Project Manager,Bangalore,Full-Time,BBA,2025-02-14,147214,50,17.2,75.65,83,3,4,Good,71.78,31,30,Promoted,Active
13024,Divya Patel,employee13024@company.com,HR,Marketing Executive,Coimbatore,Part-Time,M.Sc,2022-02-10,66302,30,13.3,74.66,1,3,3,Average,69.55,0,25,Not Promoted,Active
13025,Sneha Rao,employee13025@company.com,Marketing,Software Engineer,Mumbai,Full-Time,BBA,2019-08-16,102011,34,7.7,70.43,47,15,2,Needs Improvement,50.8,30,9,Not Promoted,Active
13026,Rahul Das,employee13026@company.com,Marketing,Senior Software Engineer,Bangalore,Full-Time,M.Sc,2018-02-10,107550,24,4.1,97.35,57,5,3,Average,72.53,34,29,Not Promoted,Active
13027,Suresh Nair,employee13027@company.com,Marketing,Support Associate,Bangalore,Full-Time,M.Com,2024-08-14,123601,40,3.6,71.68,39,15,5,Excellent,76.17,39,16,Not Promoted,Active
13028,Meena Sharma,employee13028@company.com,Marketing,Support Associate,Mumbai,Full-Time,B.Tech,2018-01-20,131452,27,3.0,80.98,98,0,4,Good,46.73,38,5,Not Promoted,Active
13029,Manoj Das,employee13029@company.com,Operations,Marketing Executive,Hyderabad,Full-Time,MBA,2020-10-29,56898,50,4.4,76.17,52,1,4,Good,76.73,19,2,Not Promoted,Active
13030,Pooja Kumar,employee13030@company.com,Operations,HR Executive,Bangalore,Full-Time,B.Tech,2020-04-04,132193,44,10.1,92.23,58,1,4,Good,51.1,32,18,Not Promoted,Active
13031,Rohan Iyer,employee13031@company.com,IT,Senior Software Engineer,Mumbai,Full-Time,M.Com,2022-07-18,128620,30,12.5,91.22,67,12,3,Average,103.01,22,18,Not Promoted,Active
13032,Manoj Nair,employee13032@company.com,Finance,Marketing Executive,Coimbatore,Part-Time,B.E,2023-04-21,121080,37,6.0,94.19,62,9,3,Average,87.26,2,21,Not Promoted,Active
13033,Priya Nair,employee13033@company.com,Sales,Software Engineer,Delhi,Full-Time,B.Tech,2023-08-28,42889,41,10.1,88.5,35,3,4,Good,48.67,11,23,Not Promoted,Active
13034,Pooja Reddy,employee13034@company.com,Operations,Project Manager,Pune,Full-Time,MCA,2020-01-18,35952,23,6.5,87.75,39,15,2,Needs Improvement,98.76,7,27,Not Promoted,Inactive
13035,Ajay Das,employee13035@company.com,Operations,Marketing Executive,Pune,Full-Time,B.Tech,2024-06-24,70985,21,12.7,82.21,5,4,3,Average,68.5,40,2,Not Promoted,Active
13036,Anjali Iyer,employee13036@company.com,Customer Support,Data Analyst,Pune,Contract,B.Tech,2025-12-18,76977,38,17.8,89.09,13,12,3,Average,59.67,10,2,Not Promoted,Active
13037,Rahul Iyer,employee13037@company.com,Operations,Operations Analyst,Hyderabad,Full-Time,BBA,2020-08-25,99106,22,12.6,73.46,78,13,3,Average,61.5,25,4,Not Promoted,Active
13038,Nisha Joshi,employee13038@company.com,Finance,Data Analyst,Bangalore,Full-Time,M.Sc,2018-09-09,85139,24,1.5,90.54,100,13,5,Excellent,83.85,22,5,Not Promoted,Active
13039,Pooja Menon,employee13039@company.com,Finance,Senior Software Engineer,Bangalore,Contract,M.Com,2018-12-06,33897,52,8.9,73.12,32,1,2,Needs Improvement,50.3,37,5,Not Promoted,Active
13040,Divya Mishra,employee13040@company.com,IT,Sales Executive,Chennai,Contract,M.Sc,2025-08-30,43798,39,14.0,95.85,18,7,4,Good,48.82,4,22,Not Promoted,Active
13041,Rahul Kumar,employee13041@company.com,Operations,Data Analyst,Pune,Full-Time,MBA,2024-11-14,30656,40,10.0,85.17,75,4,3,Average,85.79,31,28,Not Promoted,Active
13042,Karthik Menon,employee13042@company.com,Engineering,Operations Analyst,Hyderabad,Full-Time,BBA,2022-12-10,50346,27,17.1,85.91,42,7,5,Excellent,108.82,4,22,Not Promoted,Inactive
13043,Swetha Das,employee13043@company.com,Customer Support,Data Analyst,Mumbai,Full-Time,M.Sc,2025-05-02,37193,29,1.5,87.55,53,8,2,Needs Improvement,76.42,14,12,Not Promoted,Active
13044,Anjali Sharma,employee13044@company.com,Sales,Marketing Executive,Hyderabad,Full-Time,MBA,2023-07-17,132590,27,5.6,93.28,72,14,3,Average,71.86,22,26,Not Promoted,Active
13045,Ajay Joshi,employee13045@company.com,Marketing,Operations Analyst,Bangalore,Full-Time,M.Com,2019-02-05,30147,47,4.4,84.35,82,12,4,Good,106.57,27,18,Not Promoted,Active
13046,Pooja Mishra,employee13046@company.com,Operations,Project Manager,Coimbatore,Full-Time,BBA,2024-08-15,102192,41,13.9,82.83,95,10,4,Good,60.66,18,29,Not Promoted,Active
13047,Arun Gupta,employee13047@company.com,IT,Sales Executive,Coimbatore,Full-Time,M.Sc,2024-05-18,127748,55,9.7,78.65,91,8,3,Average,60.64,16,4,Promoted,Active
13048,Nisha Nair,employee13048@company.com,IT,Marketing Executive,Coimbatore,Full-Time,B.Tech,2024-09-03,38429,44,2.9,73.84,91,3,3,Average,103.83,14,0,Not Promoted,Active
13049,Vijay Verma,employee13049@company.com,Engineering,Software Engineer,Pune,Contract,BBA,2018-12-03,130851,52,5.5,75.71,94,9,3,Average,87.05,12,16,Not Promoted,Active
13050,Rohan Patel,employee13050@company.com,Sales,Software Engineer,Chennai,Full-Time,B.Tech,2023-04-08,67191,32,9.6,70.02,60,1,3,Average,48.5,22,1,Not Promoted,Active
13051,Arun Mishra,employee13051@company.com,Customer Support,Senior Software Engineer,Delhi,Full-Time,B.Com,2021-09-30,108366,43,17.9,96.08,99,13,3,Average,88.81,17,11,Promoted,Active
13052,Nisha Reddy,employee13052@company.com,HR,Financial Analyst,Hyderabad,Contract,BBA,2024-05-09,53764,49,6.9,92.95,12,10,3,Average,98.3,22,27,Not Promoted,Active
13053,Nisha Iyer,employee13053@company.com,IT,Data Analyst,Chennai,Full-Time,MCA,2023-02-21,88628,23,3.2,76.56,41,1,3,Average,62.81,15,17,Not Promoted,Active
13054,Karthik Joshi,employee13054@company.com,Finance,Operations Analyst,Coimbatore,Full-Time,B.E,2025-05-11,27402,28,9.2,70.07,96,15,3,Average,69.89,19,6,Promoted,Active
13055,Swetha Reddy,employee13055@company.com,Finance,Marketing Executive,Bangalore,Full-Time,B.E,2021-10-29,30642,54,5.9,84.76,17,11,4,Good,57.85,24,4,Not Promoted,Active
13056,Rohan Reddy,employee13056@company.com,Marketing,Software Engineer,Mumbai,Full-Time,MBA,2025-11-05,108746,34,10.4,82.38,92,4,5,Excellent,86.17,31,28,Not Promoted,Active
13057,Suresh Das,employee13057@company.com,IT,Sales Executive,Hyderabad,Full-Time,M.Com,2023-04-04,32918,52,8.7,93.28,71,9,4,Good,88.17,20,18,Promoted,Active
13058,Ravi Mishra,employee13058@company.com,Customer Support,Financial Analyst,Delhi,Full-Time,BBA,2018-01-06,143535,27,12.6,82.09,85,3,2,Needs Improvement,49.45,0,15,Not Promoted,Active
13059,Dinesh Joshi,employee13059@company.com,Marketing,Sales Executive,Bangalore,Full-Time,B.Tech,2021-12-08,139438,30,16.5,95.92,64,5,2,Needs Improvement,89.05,27,22,Not Promoted,Active
13060,Sneha Sharma,employee13060@company.com,IT,Data Analyst,Pune,Full-Time,M.Sc,2019-08-09,42476,32,4.0,72.88,47,8,5,Excellent,87.8,26,11,Not Promoted,Active
13061,Vijay Joshi,employee13061@company.com,Sales,HR Executive,Hyderabad,Full-Time,MCA,2022-03-02,46061,43,14.9,80.98,94,6,3,Average,47.28,26,18,Not Promoted,Active
13062,Priya Nair,employee13062@company.com,Operations,Financial Analyst,Chennai,Full-Time,B.E,2020-12-15,141408,31,17.1,98.02,83,15,2,Needs Improvement,81.1,35,18,Not Promoted,Active
13063,Suresh Nair,employee13063@company.com,Customer Support,Support Associate,Coimbatore,Full-Time,M.Com,2020-04-01,75034,33,7.0,70.35,35,11,4,Good,84.91,11,19,Not Promoted,Active
13064,Vijay Sharma,employee13064@company.com,IT,HR Executive,Hyderabad,Full-Time,M.Com,2018-08-26,123427,32,2.5,81.72,86,13,4,Good,72.96,14,20,Not Promoted,Active
13065,Kavya Verma,employee13065@company.com,Customer Support,HR Executive,Bangalore,Contract,BBA,2024-12-12,77642,27,14.9,77.79,80,10,4,Good,103.59,19,14,Not Promoted,Inactive
13066,Arun Iyer,employee13066@company.com,HR,Data Analyst,Bangalore,Full-Time,B.Tech,2024-10-24,55429,30,12.8,85.96,44,3,3,Average,66.34,18,23,Not Promoted,Active
13067,Karthik Gupta,employee13067@company.com,Customer Support,Sales Executive,Coimbatore,Full-Time,BBA,2020-05-07,118706,27,4.2,78.36,9,6,1,Needs Improvement,49.37,25,8,Promoted,Active
13068,Nisha Joshi,employee13068@company.com,Customer Support,Project Manager,Chennai,Full-Time,BBA,2024-04-24,63565,47,8.3,96.1,8,1,5,Excellent,88.67,20,28,Promoted,Active
13069,Rohan Verma,employee13069@company.com,Finance,Software Engineer,Delhi,Full-Time,MCA,2023-09-27,123906,27,10.6,98.11,45,4,3,Average,84.34,36,20,Promoted,Active
13070,Aakash Nair,employee13070@company.com,Sales,Operations Analyst,Bangalore,Full-Time,M.Com,2024-12-25,45215,44,3.5,95.47,16,11,4,Good,109.29,9,7,Promoted,Active
13071,Pooja Patel,employee13071@company.com,Operations,Operations Analyst,Hyderabad,Full-Time,B.E,2023-12-27,145148,43,13.0,81.96,66,10,4,Good,60.04,27,18,Promoted,Active
13072,Ajay Kumar,employee13072@company.com,Operations,Marketing Executive,Coimbatore,Full-Time,B.Com,2021-05-10,138613,45,12.6,99.7,32,8,4,Good,70.71,25,26,Promoted,Active
13073,Ajay Das,employee13073@company.com,Finance,Marketing Executive,Delhi,Full-Time,B.E,2024-12-31,66264,53,16.0,92.05,64,10,3,Average,74.98,12,6,Not Promoted,Active
13074,Aakash Patel,employee13074@company.com,Customer Support,HR Executive,Chennai,Full-Time,MCA,2019-10-16,81098,27,10.4,80.67,19,13,3,Average,101.0,24,18,Not Promoted,Active
13075,Ravi Nair,employee13075@company.com,Operations,HR Executive,Bangalore,Full-Time,B.Com,2021-09-01,93764,50,10.6,72.81,65,8,4,Good,71.95,30,27,Not Promoted,Active
13076,Aakash Mishra,employee13076@company.com,Marketing,Project Manager,Coimbatore,Full-Time,M.Sc,2019-04-06,118271,51,11.3,90.01,15,3,5,Excellent,95.19,19,11,Promoted,Inactive
13077,Rahul Verma,employee13077@company.com,Sales,Data Analyst,Bangalore,Full-Time,M.Sc,2025-06-10,34443,41,5.3,91.86,72,7,5,Excellent,55.2,14,25,Not Promoted,Active
13078,Kavya Nair,employee13078@company.com,HR,Software Engineer,Hyderabad,Contract,M.Com,2021-04-13,148816,54,13.8,73.67,13,4,2,Needs Improvement,71.64,17,2,Promoted,Active
13079,Nisha Kumar,employee13079@company.com,Finance,Operations Analyst,Bangalore,Full-Time,B.E,2020-11-28,64276,41,12.1,86.49,0,2,2,Needs Improvement,55.07,39,3,Not Promoted,Active
13080,Vijay Verma,employee13080@company.com,IT,Project Manager,Coimbatore,Contract,B.Tech,2023-07-20,56711,40,15.2,99.61,34,12,5,Excellent,106.73,22,1,Not Promoted,Inactive
13081,Meena Rao,employee13081@company.com,IT,Operations Analyst,Hyderabad,Full-Time,MCA,2019-03-09,69677,54,14.0,79.79,81,5,4,Good,56.55,2,6,Not Promoted,Active
13082,Ajay Menon,employee13082@company.com,IT,Support Associate,Pune,Full-Time,M.Com,2024-12-07,142001,28,11.7,79.06,0,3,5,Excellent,72.24,10,21,Promoted,Active
13083,Dinesh Kumar,employee13083@company.com,Engineering,Marketing Executive,Coimbatore,Full-Time,B.Tech,2022-05-28,84475,52,3.3,97.1,42,12,3,Average,50.35,26,26,Not Promoted,Inactive
13084,Kavya Singh,employee13084@company.com,Sales,Support Associate,Delhi,Full-Time,B.Com,2020-12-17,102011,50,16.6,73.52,68,15,4,Good,104.89,36,2,Promoted,Active
13085,Karthik Joshi,employee13085@company.com,HR,Software Engineer,Hyderabad,Full-Time,M.Sc,2024-12-18,61057,49,6.9,98.01,74,12,4,Good,85.55,11,0,Not Promoted,Inactive
13086,Manoj Singh,employee13086@company.com,Operations,Software Engineer,Mumbai,Full-Time,MBA,2023-07-03,64764,25,17.4,93.38,87,2,4,Good,107.56,32,11,Promoted,Active
13087,Suresh Pillai,employee13087@company.com,HR,Data Analyst,Bangalore,Full-Time,MBA,2025-04-02,29844,50,7.5,81.73,95,3,3,Average,47.75,27,25,Not Promoted,Active
13088,Arun Menon,employee13088@company.com,HR,Financial Analyst,Pune,Full-Time,B.Com,2022-12-14,141886,32,3.1,72.51,54,12,1,Needs Improvement,56.37,5,18,Not Promoted,Active
13089,Rohan Verma,employee13089@company.com,Finance,HR Executive,Delhi,Full-Time,MBA,2021-03-03,132181,47,16.0,70.58,15,0,4,Good,69.7,5,19,Not Promoted,Active
13090,Rohan Das,employee13090@company.com,Sales,Marketing Executive,Chennai,Part-Time,BBA,2019-10-17,127539,33,14.4,81.27,66,9,3,Average,85.39,20,25,Promoted,Active
13091,Suresh Rao,employee13091@company.com,IT,Project Manager,Mumbai,Full-Time,MCA,2022-03-13,49630,30,14.3,91.16,62,7,3,Average,66.42,24,16,Not Promoted,Active
13092,Suresh Reddy,employee13092@company.com,Finance,Data Analyst,Chennai,Full-Time,BBA,2023-06-10,110132,51,2.1,84.63,71,8,5,Excellent,91.27,35,23,Not Promoted,Active
13093,Suresh Sharma,employee13093@company.com,Operations,Project Manager,Coimbatore,Full-Time,M.Com,2025-04-08,45553,36,15.9,92.16,95,5,3,Average,55.73,17,17,Not Promoted,Active
13094,Vijay Patel,employee13094@company.com,HR,Financial Analyst,Mumbai,Contract,M.Com,2018-06-05,126510,46,10.9,90.12,21,4,4,Good,84.04,38,2,Not Promoted,Active
13095,Ravi Mishra,employee13095@company.com,Customer Support,Data Analyst,Pune,Full-Time,MCA,2018-07-20,120204,40,8.7,87.19,55,11,3,Average,70.87,4,12,Not Promoted,Active
13096,Divya Reddy,employee13096@company.com,IT,Sales Executive,Delhi,Full-Time,B.E,2023-05-18,68915,54,16.5,99.02,51,8,4,Good,78.04,22,30,Not Promoted,Active
13097,Rahul Sharma,employee13097@company.com,Engineering,Operations Analyst,Pune,Full-Time,M.Com,2019-05-14,40164,28,12.2,91.85,80,3,5,Excellent,82.03,22,4,Not Promoted,Active
13098,Anjali Kumar,employee13098@company.com,Sales,HR Executive,Pune,Full-Time,M.Sc,2021-11-26,84288,24,2.8,97.44,26,15,2,Needs Improvement,48.89,22,24,Not Promoted,Active
13099,Suresh Joshi,employee13099@company.com,Marketing,HR Executive,Mumbai,Full-Time,MBA,2024-12-10,42025,49,9.6,77.26,63,13,1,Needs Improvement,105.06,34,21,Not Promoted,Active
13100,Rahul Rao,employee13100@company.com,Engineering,HR Executive,Hyderabad,Full-Time,M.Sc,2024-01-17,29839,51,11.6,91.41,44,0,3,Average,96.1,28,18,Not Promoted,Active
13101,Dinesh Kumar,employee13101@company.com,HR,Support Associate,Delhi,Full-Time,MCA,2021-05-19,63937,22,16.2,87.93,66,11,2,Needs Improvement,73.76,4,18,Not Promoted,Active
13102,Sneha Verma,employee13102@company.com,HR,Marketing Executive,Chennai,Full-Time,B.Tech,2023-08-09,98191,45,5.4,97.73,25,12,4,Good,80.59,16,7,Not Promoted,Active
13103,Aakash Menon,employee13103@company.com,HR,Data Analyst,Hyderabad,Full-Time,BBA,2022-01-16,138074,23,14.4,85.31,98,10,5,Excellent,47.11,37,19,Not Promoted,Active
13104,Suresh Mishra,employee13104@company.com,HR,Data Analyst,Hyderabad,Full-Time,B.E,2020-04-10,71660,25,14.5,78.39,12,6,3,Average,77.37,1,15,Promoted,Active
13105,Karthik Gupta,employee13105@company.com,IT,Support Associate,Bangalore,Full-Time,B.Tech,2020-08-29,90597,42,2.7,81.55,80,0,3,Average,72.71,18,4,Not Promoted,Active
13106,Kavya Joshi,employee13106@company.com,Sales,Software Engineer,Coimbatore,Full-Time,M.Sc,2021-08-30,140911,36,0.8,76.56,29,13,3,Average,69.34,2,3,Not Promoted,Active
13107,Karthik Sharma,employee13107@company.com,Engineering,Marketing Executive,Chennai,Contract,MBA,2024-10-14,58260,29,10.7,76.6,92,14,4,Good,98.0,29,26,Not Promoted,Active
13108,Divya Iyer,employee13108@company.com,Finance,Financial Analyst,Mumbai,Full-Time,M.Sc,2021-11-06,121200,29,14.3,84.11,77,11,1,Needs Improvement,56.83,32,24,Not Promoted,Active
13109,Rohan Pillai,employee13109@company.com,IT,Financial Analyst,Coimbatore,Full-Time,B.Tech,2023-07-19,48206,32,10.2,96.78,29,8,4,Good,56.46,22,15,Not Promoted,Active
13110,Swetha Pillai,employee13110@company.com,Sales,HR Executive,Bangalore,Full-Time,MBA,2023-06-02,80763,24,14.7,75.76,100,3,4,Good,78.91,25,23,Promoted,Active
13111,Ravi Kumar,employee13111@company.com,Engineering,Data Analyst,Bangalore,Full-Time,M.Com,2021-09-04,108059,38,11.4,78.64,43,11,4,Good,89.66,29,13,Not Promoted,Active
13112,Priya Verma,employee13112@company.com,Finance,Senior Software Engineer,Coimbatore,Full-Time,B.E,2023-12-05,46874,38,11.9,95.59,47,2,3,Average,46.46,18,12,Not Promoted,Active
13113,Suresh Kumar,employee13113@company.com,HR,Software Engineer,Pune,Full-Time,B.Com,2025-07-07,31794,53,1.0,80.18,8,3,4,Good,80.48,38,22,Not Promoted,Active
13114,Meena Das,employee13114@company.com,Sales,Project Manager,Mumbai,Full-Time,MBA,2018-07-22,42639,23,2.1,98.87,47,0,2,Needs Improvement,64.42,25,19,Not Promoted,Inactive
13115,Arun Verma,employee13115@company.com,HR,HR Executive,Hyderabad,Full-Time,MCA,2023-01-19,60263,37,13.2,78.07,95,5,3,Average,94.2,31,24,Not Promoted,Active
13116,Sneha Nair,employee13116@company.com,Customer Support,Financial Analyst,Delhi,Full-Time,MCA,2020-08-19,142973,32,13.8,83.26,55,6,5,Excellent,75.48,27,26,Not Promoted,Active
13117,Manoj Reddy,employee13117@company.com,Sales,Financial Analyst,Hyderabad,Full-Time,M.Com,2019-04-07,76407,31,10.0,72.87,67,6,4,Good,99.21,8,7,Not Promoted,Inactive
13118,Meena Kumar,employee13118@company.com,Operations,Marketing Executive,Hyderabad,Full-Time,MCA,2023-02-17,66961,37,10.8,99.77,5,4,1,Needs Improvement,70.8,30,23,Not Promoted,Active
13119,Karthik Singh,employee13119@company.com,Marketing,Software Engineer,Pune,Full-Time,B.Tech,2025-07-10,91661,55,11.3,96.7,64,13,3,Average,98.76,14,25,Not Promoted,Active
13120,Priya Reddy,employee13120@company.com,HR,Software Engineer,Hyderabad,Full-Time,M.Com,2022-04-28,110801,26,2.3,94.53,88,9,3,Average,91.57,31,17,Not Promoted,Active
13121,Pooja Patel,employee13121@company.com,HR,Senior Software Engineer,Chennai,Full-Time,MCA,2018-07-20,78257,55,12.2,74.72,66,11,3,Average,98.84,12,4,Not Promoted,Inactive
13122,Ajay Das,employee13122@company.com,HR,Financial Analyst,Hyderabad,Full-Time,B.Tech,2019-05-31,36736,26,8.9,99.08,20,9,3,Average,97.81,21,5,Not Promoted,Inactive
13123,Nisha Patel,employee13123@company.com,Operations,Operations Analyst,Hyderabad,Contract,B.Tech,2022-11-11,58914,52,11.0,97.87,77,4,2,Needs Improvement,76.61,39,5,Not Promoted,Active
13124,Arun Gupta,employee13124@company.com,IT,Marketing Executive,Chennai,Full-Time,B.Tech,2021-05-14,74938,31,10.4,83.07,29,5,3,Average,68.93,10,24,Promoted,Active
13125,Divya Iyer,employee13125@company.com,Finance,Data Analyst,Pune,Full-Time,MCA,2021-09-16,84395,33,13.9,90.45,56,9,4,Good,94.73,32,19,Promoted,Active
13126,Kavya Das,employee13126@company.com,HR,Operations Analyst,Bangalore,Full-Time,BBA,2025-04-07,105338,33,6.1,99.77,54,11,4,Good,68.5,23,22,Not Promoted,Active
13127,Rahul Gupta,employee13127@company.com,HR,Sales Executive,Mumbai,Full-Time,B.Tech,2020-01-14,139946,54,7.0,82.29,1,7,4,Good,50.81,39,24,Not Promoted,Active
13128,Swetha Verma,employee13128@company.com,Engineering,Marketing Executive,Pune,Contract,M.Sc,2020-05-24,89208,23,7.4,73.39,47,8,2,Needs Improvement,100.82,5,20,Promoted,Active
13129,Karthik Gupta,employee13129@company.com,Engineering,Project Manager,Hyderabad,Full-Time,B.E,2024-07-22,104757,52,13.8,96.03,21,13,5,Excellent,70.82,15,26,Not Promoted,Active
13130,Nisha Kumar,employee13130@company.com,IT,Data Analyst,Bangalore,Full-Time,MCA,2024-07-24,94385,24,8.0,84.29,12,5,4,Good,53.62,29,21,Not Promoted,Active
13131,Pooja Singh,employee13131@company.com,IT,Software Engineer,Mumbai,Full-Time,B.Tech,2021-06-29,90285,21,3.6,99.61,88,2,4,Good,87.02,29,16,Not Promoted,Active
13132,Sneha Mishra,employee13132@company.com,Marketing,Data Analyst,Mumbai,Full-Time,B.E,2025-12-15,47814,29,17.7,86.53,42,5,4,Good,102.84,13,28,Not Promoted,Active
13133,Dinesh Rao,employee13133@company.com,Sales,Marketing Executive,Mumbai,Full-Time,M.Sc,2022-06-18,145862,27,9.1,70.88,74,14,5,Excellent,100.96,6,22,Not Promoted,Active
13134,Vijay Menon,employee13134@company.com,HR,Financial Analyst,Chennai,Full-Time,B.Com,2019-01-29,71767,47,2.4,84.75,73,3,4,Good,81.04,2,15,Not Promoted,Active
13135,Aakash Pillai,employee13135@company.com,Sales,Sales Executive,Chennai,Full-Time,B.E,2023-07-10,29616,23,12.2,91.54,48,15,3,Average,50.72,30,4,Promoted,Active
13136,Dinesh Patel,employee13136@company.com,Customer Support,Software Engineer,Bangalore,Full-Time,MCA,2020-09-04,115100,42,13.4,70.78,36,3,4,Good,90.28,9,19,Not Promoted,Active
13137,Manoj Kumar,employee13137@company.com,IT,Operations Analyst,Hyderabad,Full-Time,MCA,2018-06-16,91251,36,9.3,82.4,88,10,4,Good,84.57,32,2,Not Promoted,Active
13138,Suresh Mishra,employee13138@company.com,IT,Support Associate,Coimbatore,Full-Time,B.Tech,2020-09-02,124947,28,11.8,74.67,34,10,4,Good,58.66,37,0,Not Promoted,Active
13139,Pooja Nair,employee13139@company.com,Marketing,Sales Executive,Bangalore,Contract,M.Sc,2023-07-22,90659,25,3.5,89.29,18,6,4,Good,103.54,36,4,Promoted,Active
13140,Sneha Pillai,employee13140@company.com,Finance,Senior Software Engineer,Hyderabad,Full-Time,BBA,2019-03-28,108693,50,6.9,98.72,27,5,2,Needs Improvement,50.63,14,2,Not Promoted,Active
13141,Ajay Pillai,employee13141@company.com,Operations,Support Associate,Pune,Contract,M.Sc,2020-05-09,116033,48,3.3,88.74,56,7,3,Average,69.25,3,23,Not Promoted,Active
13142,Priya Kumar,employee13142@company.com,Operations,Project Manager,Coimbatore,Full-Time,M.Sc,2018-07-29,92713,47,7.3,90.85,60,10,5,Excellent,51.14,36,27,Not Promoted,Active
13143,Manoj Sharma,employee13143@company.com,Operations,Operations Analyst,Mumbai,Full-Time,MCA,2020-02-07,81041,42,10.3,81.9,42,7,4,Good,104.28,3,30,Not Promoted,Active
13144,Priya Pillai,employee13144@company.com,IT,Project Manager,Mumbai,Full-Time,B.Com,2022-05-28,89003,50,8.2,86.89,59,2,4,Good,47.3,9,15,Not Promoted,Active
13145,Swetha Patel,employee13145@company.com,HR,Data Analyst,Chennai,Full-Time,M.Sc,2018-08-02,42887,27,10.9,86.32,9,10,3,Average,72.67,21,15,Not Promoted,Active
13146,Aakash Iyer,employee13146@company.com,Engineering,Financial Analyst,Coimbatore,Full-Time,BBA,2022-12-07,71811,50,9.3,92.79,78,3,3,Average,101.02,30,28,Promoted,Active
13147,Karthik Rao,employee13147@company.com,Marketing,Data Analyst,Pune,Full-Time,M.Com,2022-08-14,40109,33,6.1,95.71,95,1,5,Excellent,61.34,35,3,Not Promoted,Active
13148,Divya Kumar,employee13148@company.com,Finance,Financial Analyst,Delhi,Full-Time,B.E,2020-08-30,128965,42,3.0,89.89,66,0,4,Good,51.83,11,2,Not Promoted,Inactive
13149,Nisha Patel,employee13149@company.com,Customer Support,HR Executive,Pune,Full-Time,M.Com,2021-11-21,81246,31,4.9,99.39,23,6,4,Good,53.26,8,11,Not Promoted,Active
13150,Swetha Menon,employee13150@company.com,Operations,HR Executive,Hyderabad,Full-Time,B.Com,2018-10-31,88387,25,4.0,94.85,73,7,3,Average,71.32,27,16,Not Promoted,Active
13151,Ajay Iyer,employee13151@company.com,Marketing,Project Manager,Pune,Contract,B.E,2025-12-14,116964,42,12.9,73.74,43,11,4,Good,72.86,33,11,Not Promoted,Active
13152,Priya Patel,employee13152@company.com,Engineering,Senior Software Engineer,Coimbatore,Full-Time,B.Tech,2023-01-10,27124,35,14.8,85.22,29,14,3,Average,91.68,4,30,Promoted,Active
13153,Vijay Das,employee13153@company.com,Engineering,Project Manager,Coimbatore,Full-Time,B.E,2020-05-10,126558,51,13.1,97.1,96,7,4,Good,60.47,29,9,Not Promoted,Active
13154,Nisha Joshi,employee13154@company.com,IT,HR Executive,Chennai,Full-Time,B.Tech,2023-01-30,92949,49,11.8,98.32,44,12,3,Average,90.62,15,1,Not Promoted,Active
13155,Suresh Patel,employee13155@company.com,Operations,Support Associate,Hyderabad,Full-Time,MBA,2025-10-26,45771,37,5.9,81.41,88,5,3,Average,109.93,18,9,Promoted,Active
13156,Sneha Kumar,employee13156@company.com,Finance,Support Associate,Bangalore,Full-Time,B.E,2023-12-08,31089,26,12.9,91.77,59,6,4,Good,101.18,13,1,Not Promoted,Active
13157,Nisha Das,employee13157@company.com,Customer Support,Senior Software Engineer,Hyderabad,Full-Time,BBA,2023-02-07,30833,37,11.1,82.32,52,7,5,Excellent,86.31,23,16,Not Promoted,Active
13158,Sneha Iyer,employee13158@company.com,Sales,Senior Software Engineer,Bangalore,Full-Time,B.E,2022-06-22,40748,54,1.3,73.71,24,3,2,Needs Improvement,106.09,10,23,Promoted,Inactive
13159,Meena Patel,employee13159@company.com,Engineering,Senior Software Engineer,Delhi,Full-Time,BBA,2024-10-10,74308,43,16.4,96.54,75,7,4,Good,109.42,12,4,Not Promoted,Inactive
13160,Meena Joshi,employee13160@company.com,Engineering,Project Manager,Hyderabad,Full-Time,M.Com,2022-04-17,67083,50,1.9,97.96,3,5,3,Average,82.07,9,1,Not Promoted,Active
13161,Meena Iyer,employee13161@company.com,Customer Support,Operations Analyst,Mumbai,Full-Time,M.Com,2020-08-02,46387,33,9.3,85.14,91,11,3,Average,62.79,28,23,Not Promoted,Active
13162,Aakash Menon,employee13162@company.com,Engineering,Marketing Executive,Delhi,Full-Time,B.Com,2024-07-05,96289,50,9.5,70.55,83,6,1,Needs Improvement,104.47,38,13,Promoted,Active
13163,Divya Gupta,employee13163@company.com,Finance,Software Engineer,Bangalore,Full-Time,B.Tech,2021-06-03,140605,40,15.1,94.48,73,9,3,Average,99.87,26,9,Not Promoted,Active
13164,Suresh Patel,employee13164@company.com,Customer Support,Senior Software Engineer,Chennai,Full-Time,MCA,2022-10-17,104674,26,16.5,84.31,30,13,4,Good,50.5,0,14,Not Promoted,Active
13165,Priya Singh,employee13165@company.com,HR,Software Engineer,Delhi,Full-Time,M.Com,2025-05-06,129557,51,16.9,72.25,18,6,2,Needs Improvement,105.86,31,4,Not Promoted,Active
13166,Ajay Patel,employee13166@company.com,Operations,Operations Analyst,Delhi,Full-Time,BBA,2019-07-18,26702,39,10.5,75.68,1,7,3,Average,68.8,17,25,Promoted,Active
13167,Suresh Das,employee13167@company.com,Operations,Marketing Executive,Delhi,Full-Time,BBA,2018-06-29,59433,26,12.4,74.56,3,10,5,Excellent,65.94,3,13,Not Promoted,Active
13168,Meena Das,employee13168@company.com,Sales,Senior Software Engineer,Bangalore,Contract,M.Sc,2018-10-17,46773,54,2.0,90.59,78,13,2,Needs Improvement,67.31,15,20,Not Promoted,Active
13169,Vijay Singh,employee13169@company.com,Customer Support,Senior Software Engineer,Bangalore,Full-Time,B.Com,2018-07-06,37425,48,9.0,78.98,37,15,4,Good,65.8,17,17,Not Promoted,Active
13170,Meena Joshi,employee13170@company.com,Sales,Senior Software Engineer,Hyderabad,Contract,B.Tech,2019-05-01,146851,33,16.2,73.83,32,14,3,Average,78.54,20,29,Not Promoted,Active
13171,Aakash Sharma,employee13171@company.com,Customer Support,Support Associate,Mumbai,Contract,BBA,2021-09-22,63575,30,8.5,97.53,17,4,4,Good,82.69,24,23,Promoted,Active
13172,Nisha Iyer,employee13172@company.com,Operations,Operations Analyst,Delhi,Full-Time,B.Tech,2020-02-12,109031,27,1.7,98.7,31,1,3,Average,72.67,9,12,Not Promoted,Inactive
13173,Priya Mishra,employee13173@company.com,HR,Software Engineer,Hyderabad,Full-Time,B.Tech,2023-01-07,45098,38,4.0,74.16,95,7,2,Needs Improvement,71.82,6,12,Promoted,Active
13174,Manoj Sharma,employee13174@company.com,Engineering,Financial Analyst,Hyderabad,Full-Time,MBA,2020-11-23,97519,42,8.0,76.91,76,0,3,Average,92.93,0,2,Not Promoted,Inactive
13175,Manoj Reddy,employee13175@company.com,Customer Support,Financial Analyst,Mumbai,Full-Time,B.Tech,2021-07-23,46494,34,4.7,87.76,79,14,2,Needs Improvement,45.2,32,3,Not Promoted,Active
13176,Manoj Gupta,employee13176@company.com,Sales,Operations Analyst,Hyderabad,Part-Time,BBA,2018-07-01,101752,28,7.4,74.52,32,15,3,Average,106.55,32,4,Not Promoted,Active
13177,Ravi Joshi,employee13177@company.com,IT,Senior Software Engineer,Mumbai,Full-Time,BBA,2021-06-16,135531,32,6.3,74.76,33,15,4,Good,91.44,18,9,Not Promoted,Active
13178,Pooja Joshi,employee13178@company.com,Engineering,Financial Analyst,Chennai,Contract,B.Com,2021-10-03,27397,53,6.1,80.1,50,12,5,Excellent,90.97,6,24,Not Promoted,Inactive
13179,Pooja Pillai,employee13179@company.com,Operations,Software Engineer,Mumbai,Full-Time,B.Tech,2018-05-26,51770,44,2.1,98.48,62,12,4,Good,72.43,40,28,Promoted,Active
13180,Swetha Rao,employee13180@company.com,Finance,Financial Analyst,Pune,Full-Time,BBA,2020-12-03,63222,34,15.9,98.87,77,1,4,Good,107.78,13,1,Not Promoted,Active
13181,Dinesh Iyer,employee13181@company.com,Finance,Software Engineer,Mumbai,Full-Time,MCA,2023-01-14,75707,25,12.6,95.25,46,4,2,Needs Improvement,45.02,37,23,Not Promoted,Active
13182,Swetha Menon,employee13182@company.com,Engineering,Senior Software Engineer,Mumbai,Full-Time,MCA,2019-05-14,106721,39,11.4,90.87,65,3,3,Average,49.97,6,20,Not Promoted,Active
13183,Ravi Iyer,employee13183@company.com,HR,Senior Software Engineer,Coimbatore,Full-Time,BBA,2020-03-13,118737,23,11.1,91.62,12,11,3,Average,97.26,2,26,Promoted,Active
13184,Dinesh Nair,employee13184@company.com,IT,Project Manager,Pune,Full-Time,B.Tech,2023-06-22,101637,21,7.4,84.09,51,10,3,Average,93.02,10,8,Not Promoted,Active
13185,Pooja Menon,employee13185@company.com,Sales,HR Executive,Mumbai,Contract,B.Com,2021-08-11,74033,53,14.9,85.9,92,1,4,Good,62.64,7,8,Promoted,Active
13186,Priya Rao,employee13186@company.com,Customer Support,Support Associate,Bangalore,Full-Time,B.E,2023-07-16,95038,37,16.8,89.03,51,14,4,Good,83.66,25,9,Not Promoted,Active
13187,Pooja Das,employee13187@company.com,Operations,Marketing Executive,Coimbatore,Part-Time,B.Tech,2019-06-15,90879,29,0.6,91.94,42,3,3,Average,79.58,37,11,Not Promoted,Inactive
13188,Ajay Kumar,employee13188@company.com,Finance,Marketing Executive,Hyderabad,Part-Time,B.Com,2024-03-08,103475,51,1.9,72.91,97,6,3,Average,79.26,2,14,Not Promoted,Active
13189,Swetha Menon,employee13189@company.com,Finance,Data Analyst,Hyderabad,Full-Time,M.Com,2021-09-24,92080,55,12.3,76.75,60,4,4,Good,83.71,28,2,Not Promoted,Active
13190,Ajay Reddy,employee13190@company.com,Finance,Support Associate,Chennai,Full-Time,B.Com,2023-08-15,40950,23,4.6,98.89,80,14,4,Good,109.59,11,27,Not Promoted,Active
13191,Karthik Rao,employee13191@company.com,Finance,Senior Software Engineer,Chennai,Full-Time,MBA,2024-06-16,94532,33,16.5,80.05,2,15,3,Average,109.18,17,8,Promoted,Active
13192,Manoj Sharma,employee13192@company.com,Marketing,Marketing Executive,Pune,Full-Time,M.Com,2024-01-19,121081,34,12.2,78.05,93,12,5,Excellent,108.81,6,6,Not Promoted,Active
13193,Ravi Reddy,employee13193@company.com,HR,Software Engineer,Bangalore,Full-Time,MCA,2018-08-04,73787,26,6.9,82.66,67,3,5,Excellent,80.66,29,29,Not Promoted,Active
13194,Anjali Mishra,employee13194@company.com,Sales,Data Analyst,Chennai,Full-Time,MCA,2020-02-25,113768,49,7.8,78.73,94,1,3,Average,65.68,15,24,Not Promoted,Active
13195,Ajay Nair,employee13195@company.com,Operations,Financial Analyst,Hyderabad,Contract,B.E,2025-11-23,85162,29,12.6,72.74,58,1,3,Average,81.41,24,22,Promoted,Active
13196,Manoj Reddy,employee13196@company.com,Operations,Financial Analyst,Chennai,Full-Time,B.E,2022-06-24,115150,43,3.0,76.24,53,0,4,Good,85.47,3,29,Promoted,Active
13197,Divya Singh,employee13197@company.com,Operations,Data Analyst,Chennai,Full-Time,B.Com,2023-06-15,120551,35,16.0,89.2,68,9,5,Excellent,65.24,3,15,Promoted,Active
13198,Sneha Das,employee13198@company.com,Sales,HR Executive,Mumbai,Part-Time,B.Com,2023-06-08,127686,27,0.6,76.7,1,13,5,Excellent,86.13,37,23,Not Promoted,Active
13199,Kavya Mishra,employee13199@company.com,HR,Sales Executive,Chennai,Full-Time,B.Tech,2024-04-18,131350,45,17.6,89.43,67,5,2,Needs Improvement,85.43,0,3,Promoted,Active
13200,Sneha Iyer,employee13200@company.com,Engineering,Software Engineer,Pune,Full-Time,M.Sc,2018-08-16,87926,43,3.4,73.0,43,5,3,Average,103.73,2,29,Not Promoted,Inactive
13201,Ajay Verma,employee13201@company.com,Engineering,Marketing Executive,Hyderabad,Full-Time,M.Sc,2023-05-12,29986,31,13.5,71.26,37,3,4,Good,60.44,27,13,Not Promoted,Active
13202,Sneha Iyer,employee13202@company.com,IT,HR Executive,Pune,Full-Time,B.Tech,2020-06-27,103485,28,1.2,95.85,59,8,4,Good,90.34,10,4,Promoted,Active
13203,Karthik Pillai,employee13203@company.com,Customer Support,Software Engineer,Coimbatore,Full-Time,MCA,2022-07-19,110343,21,8.1,92.8,26,12,3,Average,74.3,36,15,Not Promoted,Active
13204,Ajay Rao,employee13204@company.com,Engineering,Project Manager,Pune,Contract,MBA,2018-10-12,99756,33,11.5,89.98,90,3,4,Good,53.44,1,27,Not Promoted,Active
13205,Divya Singh,employee13205@company.com,Customer Support,Marketing Executive,Delhi,Full-Time,M.Sc,2025-05-20,25235,36,1.7,70.93,14,2,4,Good,65.55,8,21,Not Promoted,Active
13206,Manoj Singh,employee13206@company.com,HR,Project Manager,Bangalore,Full-Time,B.Tech,2023-07-04,32993,33,8.3,77.18,38,10,4,Good,48.72,16,19,Not Promoted,Active
13207,Aakash Das,employee13207@company.com,Finance,Senior Software Engineer,Coimbatore,Full-Time,MCA,2024-08-10,116080,34,5.8,94.37,37,9,4,Good,65.76,31,13,Not Promoted,Active
13208,Suresh Mishra,employee13208@company.com,Customer Support,Support Associate,Coimbatore,Full-Time,B.Com,2022-07-02,39836,33,9.2,74.34,53,8,4,Good,49.49,30,12,Not Promoted,Active
13209,Sneha Sharma,employee13209@company.com,Finance,Senior Software Engineer,Delhi,Contract,BBA,2021-02-01,95760,32,9.3,94.39,62,0,3,Average,105.15,20,23,Not Promoted,Inactive
13210,Nisha Verma,employee13210@company.com,HR,Financial Analyst,Delhi,Full-Time,M.Sc,2021-06-23,108150,48,14.2,87.53,57,12,4,Good,51.61,16,28,Not Promoted,Active
13211,Manoj Mishra,employee13211@company.com,HR,HR Executive,Mumbai,Full-Time,B.Com,2022-08-28,58006,42,2.7,92.21,61,14,3,Average,98.13,16,13,Not Promoted,Active
13212,Rohan Kumar,employee13212@company.com,Sales,Data Analyst,Pune,Contract,B.Tech,2024-02-18,116966,40,1.9,89.34,77,1,4,Good,103.9,26,4,Not Promoted,Active
13213,Ajay Mishra,employee13213@company.com,Sales,Senior Software Engineer,Bangalore,Full-Time,M.Sc,2019-10-06,46308,39,7.5,82.51,17,0,3,Average,75.4,27,18,Not Promoted,Active
13214,Karthik Verma,employee13214@company.com,Marketing,HR Executive,Hyderabad,Full-Time,MBA,2025-08-10,90587,31,16.0,78.76,28,6,4,Good,48.51,38,16,Not Promoted,Active
13215,Vijay Iyer,employee13215@company.com,Operations,Operations Analyst,Hyderabad,Full-Time,MCA,2018-01-26,51731,50,15.5,90.18,70,11,3,Average,83.73,0,29,Not Promoted,Active
13216,Priya Joshi,employee13216@company.com,Marketing,Financial Analyst,Bangalore,Full-Time,B.Com,2023-08-08,100108,46,10.3,94.21,56,12,2,Needs Improvement,60.26,15,0,Not Promoted,Active
13217,Sneha Kumar,employee13217@company.com,Operations,Marketing Executive,Coimbatore,Full-Time,MCA,2019-12-13,91592,35,16.1,71.34,23,15,3,Average,56.48,2,28,Promoted,Active
13218,Sneha Kumar,employee13218@company.com,Finance,HR Executive,Pune,Full-Time,MBA,2025-04-16,115133,50,14.6,81.4,37,0,1,Needs Improvement,81.84,14,29,Not Promoted,Active
13219,Ravi Das,employee13219@company.com,Marketing,Software Engineer,Pune,Full-Time,B.Com,2024-02-19,33498,49,5.4,80.52,5,10,4,Good,68.16,3,29,Not Promoted,Active
13220,Karthik Pillai,employee13220@company.com,Marketing,Marketing Executive,Mumbai,Full-Time,MCA,2024-08-25,70066,52,3.5,86.78,19,10,4,Good,92.47,35,28,Not Promoted,Active
13221,Rahul Joshi,employee13221@company.com,IT,Financial Analyst,Mumbai,Part-Time,BBA,2020-10-22,71718,50,5.8,73.42,41,0,4,Good,83.43,29,23,Not Promoted,Active
13222,Kavya Nair,employee13222@company.com,HR,Senior Software Engineer,Delhi,Full-Time,MBA,2022-06-15,114529,36,4.5,98.0,99,5,3,Average,98.91,28,18,Not Promoted,Active
13223,Meena Singh,employee13223@company.com,Sales,Operations Analyst,Hyderabad,Full-Time,MBA,2020-12-04,43993,38,11.4,86.46,73,5,2,Needs Improvement,48.8,22,10,Not Promoted,Active
13224,Karthik Iyer,employee13224@company.com,Marketing,Project Manager,Mumbai,Part-Time,MBA,2020-07-27,37485,48,10.7,97.71,21,10,1,Needs Improvement,60.27,4,9,Promoted,Inactive
13225,Meena Kumar,employee13225@company.com,Sales,Sales Executive,Bangalore,Full-Time,B.Tech,2018-01-03,94136,39,11.0,94.51,32,15,3,Average,81.85,10,3,Not Promoted,Active
13226,Suresh Singh,employee13226@company.com,Operations,Marketing Executive,Hyderabad,Full-Time,B.E,2022-01-12,108885,31,3.8,75.75,86,11,5,Excellent,102.23,18,22,Not Promoted,Active
13227,Meena Das,employee13227@company.com,Marketing,Marketing Executive,Coimbatore,Full-Time,MCA,2021-03-04,71123,37,14.4,73.97,45,4,3,Average,97.87,7,16,Promoted,Active
13228,Kavya Das,employee13228@company.com,Operations,Data Analyst,Coimbatore,Part-Time,MBA,2021-08-07,71264,41,8.1,95.84,53,3,3,Average,89.17,10,21,Not Promoted,Active
13229,Nisha Menon,employee13229@company.com,Engineering,Senior Software Engineer,Pune,Contract,MCA,2024-05-14,97068,54,8.8,86.08,41,15,2,Needs Improvement,82.31,8,16,Not Promoted,Active
13230,Dinesh Sharma,employee13230@company.com,Engineering,Marketing Executive,Hyderabad,Full-Time,MBA,2018-06-25,70606,53,17.9,70.59,50,7,3,Average,86.04,24,15,Not Promoted,Inactive
13231,Ajay Sharma,employee13231@company.com,Marketing,Data Analyst,Chennai,Contract,MCA,2024-05-18,61346,49,5.4,98.03,67,2,4,Good,58.88,24,18,Promoted,Active
13232,Karthik Sharma,employee13232@company.com,Engineering,Financial Analyst,Hyderabad,Full-Time,B.Com,2021-02-17,128865,24,7.4,84.19,84,0,4,Good,83.69,13,19,Promoted,Active
13233,Priya Menon,employee13233@company.com,Customer Support,Marketing Executive,Mumbai,Part-Time,MCA,2022-12-03,60311,52,12.3,79.03,55,0,3,Average,77.09,30,26,Not Promoted,Active
13234,Kavya Iyer,employee13234@company.com,Finance,Operations Analyst,Bangalore,Full-Time,M.Sc,2024-11-11,140192,31,15.9,85.5,76,4,2,Needs Improvement,69.99,12,30,Not Promoted,Active
13235,Swetha Nair,employee13235@company.com,IT,Software Engineer,Pune,Full-Time,B.E,2020-08-08,148016,46,2.7,94.69,41,2,3,Average,102.7,0,13,Not Promoted,Active
13236,Rohan Pillai,employee13236@company.com,Operations,Sales Executive,Pune,Full-Time,B.Com,2018-12-07,112004,38,13.4,73.31,12,2,3,Average,98.91,29,22,Not Promoted,Active
13237,Vijay Das,employee13237@company.com,HR,Financial Analyst,Mumbai,Full-Time,BBA,2025-07-07,67262,52,16.6,80.77,53,10,3,Average,49.99,8,15,Not Promoted,Active
13238,Pooja Mishra,employee13238@company.com,HR,Project Manager,Mumbai,Full-Time,B.Com,2025-08-05,78166,47,7.9,79.57,11,14,5,Excellent,109.07,39,1,Not Promoted,Active
13239,Pooja Kumar,employee13239@company.com,Finance,Senior Software Engineer,Mumbai,Full-Time,MBA,2018-05-01,64075,36,5.5,95.19,87,1,4,Good,59.95,28,7,Not Promoted,Active
13240,Meena Menon,employee13240@company.com,Engineering,Senior Software Engineer,Chennai,Full-Time,M.Com,2019-07-29,61382,30,12.4,93.35,34,15,4,Good,59.0,30,5,Promoted,Active
13241,Karthik Reddy,employee13241@company.com,Finance,Senior Software Engineer,Bangalore,Full-Time,M.Sc,2023-04-05,103675,54,4.8,82.0,82,8,3,Average,106.35,17,9,Not Promoted,Active
13242,Vijay Sharma,employee13242@company.com,Engineering,Operations Analyst,Chennai,Full-Time,BBA,2022-08-12,128446,53,7.2,89.93,8,10,3,Average,73.91,2,1,Not Promoted,Active
13243,Vijay Pillai,employee13243@company.com,Customer Support,Financial Analyst,Mumbai,Full-Time,B.E,2022-02-25,80223,30,16.2,81.83,12,12,4,Good,97.35,34,29,Not Promoted,Inactive
13244,Meena Singh,employee13244@company.com,HR,Marketing Executive,Bangalore,Full-Time,B.Com,2024-05-12,29806,46,10.8,87.14,21,5,4,Good,63.73,1,29,Not Promoted,Active
13245,Divya Das,employee13245@company.com,Operations,Operations Analyst,Coimbatore,Contract,M.Com,2020-08-26,74658,45,2.2,99.74,39,6,4,Good,101.76,3,18,Not Promoted,Active
13246,Priya Rao,employee13246@company.com,HR,Data Analyst,Coimbatore,Full-Time,M.Com,2023-09-08,54357,22,6.3,86.07,35,1,3,Average,99.1,40,3,Not Promoted,Active
13247,Ajay Menon,employee13247@company.com,IT,Senior Software Engineer,Mumbai,Full-Time,B.Com,2023-01-09,83877,46,11.5,99.66,91,10,4,Good,78.77,14,5,Not Promoted,Active
13248,Sneha Kumar,employee13248@company.com,Marketing,Project Manager,Bangalore,Contract,MBA,2019-11-16,135137,40,8.9,92.42,40,0,3,Average,90.83,16,12,Not Promoted,Active
13249,Ajay Patel,employee13249@company.com,Engineering,Data Analyst,Pune,Full-Time,B.Tech,2024-06-26,78155,23,12.1,73.62,6,7,5,Excellent,107.66,25,0,Not Promoted,Active
13250,Ajay Menon,employee13250@company.com,IT,Sales Executive,Chennai,Full-Time,B.Com,2019-10-05,83051,52,13.8,93.88,93,13,4,Good,74.38,30,4,Promoted,Active
13251,Ravi Mishra,employee13251@company.com,Customer Support,Marketing Executive,Delhi,Full-Time,MBA,2024-07-27,149503,21,8.9,74.84,94,15,4,Good,77.12,29,23,Promoted,Active
13252,Arun Rao,employee13252@company.com,Customer Support,Marketing Executive,Mumbai,Full-Time,B.E,2025-01-23,98147,44,17.8,85.97,54,9,2,Needs Improvement,91.98,22,27,Not Promoted,Inactive
13253,Divya Joshi,employee13253@company.com,Engineering,HR Executive,Mumbai,Full-Time,MBA,2021-01-09,51904,53,16.5,88.4,74,14,4,Good,70.12,29,6,Promoted,Active
13254,Aakash Iyer,employee13254@company.com,Engineering,Project Manager,Hyderabad,Full-Time,M.Com,2021-08-09,101742,55,1.5,96.77,93,3,2,Needs Improvement,107.48,10,13,Not Promoted,Active
13255,Ravi Rao,employee13255@company.com,HR,Operations Analyst,Delhi,Full-Time,M.Sc,2018-10-21,122486,37,5.2,76.31,78,12,3,Average,47.63,32,26,Not Promoted,Active
13256,Kavya Rao,employee13256@company.com,Marketing,Operations Analyst,Pune,Full-Time,M.Sc,2022-03-01,26707,53,5.8,96.28,12,8,2,Needs Improvement,71.22,37,18,Not Promoted,Active
13257,Anjali Patel,employee13257@company.com,HR,Support Associate,Mumbai,Full-Time,B.E,2024-11-10,99029,31,3.7,98.03,98,11,4,Good,91.4,4,29,Not Promoted,Active
13258,Vijay Reddy,employee13258@company.com,IT,Sales Executive,Chennai,Full-Time,BBA,2020-01-17,76596,43,6.0,72.68,98,8,3,Average,72.91,34,10,Not Promoted,Active
13259,Swetha Sharma,employee13259@company.com,IT,Senior Software Engineer,Pune,Full-Time,M.Sc,2020-01-03,99045,52,7.9,96.56,19,12,3,Average,61.85,0,17,Not Promoted,Active
13260,Pooja Sharma,employee13260@company.com,Engineering,HR Executive,Mumbai,Full-Time,B.E,2022-05-01,47290,39,1.4,77.78,57,10,5,Excellent,71.87,3,17,Promoted,Active
13261,Manoj Reddy,employee13261@company.com,Operations,Data Analyst,Chennai,Contract,B.Tech,2025-02-03,109875,32,2.7,72.43,22,11,3,Average,102.3,37,25,Not Promoted,Active
13262,Suresh Joshi,employee13262@company.com,Operations,Marketing Executive,Hyderabad,Full-Time,BBA,2024-08-24,44311,48,2.2,98.76,52,3,4,Good,80.56,36,20,Not Promoted,Active
13263,Ajay Nair,employee13263@company.com,IT,Support Associate,Hyderabad,Contract,B.Tech,2018-11-20,75009,22,1.3,81.77,36,9,3,Average,66.78,6,23,Not Promoted,Active
13264,Ravi Rao,employee13264@company.com,Marketing,Support Associate,Coimbatore,Part-Time,B.Com,2020-12-21,73175,30,8.9,88.69,19,2,1,Needs Improvement,88.65,9,5,Promoted,Active
13265,Pooja Das,employee13265@company.com,Engineering,Sales Executive,Chennai,Full-Time,M.Sc,2025-11-30,27720,39,6.3,86.59,18,4,4,Good,84.77,32,5,Not Promoted,Active
13266,Nisha Joshi,employee13266@company.com,Customer Support,Software Engineer,Pune,Full-Time,MBA,2018-12-28,60790,48,16.9,76.4,17,5,2,Needs Improvement,81.43,13,6,Not Promoted,Active
13267,Ravi Mishra,employee13267@company.com,Operations,Marketing Executive,Chennai,Full-Time,B.Com,2023-10-02,99404,28,2.3,90.09,67,15,3,Average,70.43,35,16,Promoted,Active
13268,Aakash Menon,employee13268@company.com,Operations,Operations Analyst,Delhi,Contract,B.Tech,2019-02-06,106285,43,16.7,71.38,60,9,4,Good,49.69,37,18,Not Promoted,Active
13269,Swetha Pillai,employee13269@company.com,Sales,Data Analyst,Chennai,Full-Time,M.Com,2022-05-06,140066,50,2.0,76.09,71,3,4,Good,85.35,29,26,Promoted,Active
13270,Rohan Verma,employee13270@company.com,Sales,Senior Software Engineer,Hyderabad,Full-Time,B.Tech,2019-11-12,115328,48,11.3,98.34,45,0,4,Good,72.29,25,4,Not Promoted,Active
13271,Sneha Mishra,employee13271@company.com,Operations,Senior Software Engineer,Hyderabad,Full-Time,MBA,2023-03-08,102428,33,4.8,98.61,93,6,3,Average,72.87,30,30,Not Promoted,Active
13272,Kavya Patel,employee13272@company.com,HR,Project Manager,Hyderabad,Full-Time,BBA,2020-09-19,52472,32,15.0,84.48,47,14,1,Needs Improvement,60.22,18,6,Not Promoted,Inactive
13273,Divya Nair,employee13273@company.com,Marketing,Software Engineer,Delhi,Full-Time,BBA,2025-12-26,47442,30,1.6,75.07,19,4,4,Good,61.21,39,5,Not Promoted,Active
13274,Anjali Kumar,employee13274@company.com,Finance,Sales Executive,Mumbai,Contract,M.Com,2025-07-17,48802,37,17.2,82.65,71,1,4,Good,96.18,12,16,Not Promoted,Active
13275,Anjali Rao,employee13275@company.com,Operations,Senior Software Engineer,Coimbatore,Full-Time,M.Sc,2022-01-12,79115,21,1.3,96.31,68,13,4,Good,76.16,22,24,Not Promoted,Active
13276,Anjali Singh,employee13276@company.com,Sales,HR Executive,Delhi,Contract,B.Com,2021-01-11,37721,42,4.7,72.11,33,10,4,Good,52.1,18,28,Promoted,Inactive
13277,Anjali Das,employee13277@company.com,Marketing,Senior Software Engineer,Mumbai,Full-Time,B.Com,2024-08-23,95387,35,8.6,73.84,6,13,4,Good,47.98,15,18,Promoted,Active
13278,Ajay Patel,employee13278@company.com,Marketing,Financial Analyst,Delhi,Full-Time,B.Tech,2025-05-17,60757,36,13.7,96.87,49,8,3,Average,59.61,24,11,Not Promoted,Active
13279,Nisha Rao,employee13279@company.com,Sales,HR Executive,Bangalore,Full-Time,B.Tech,2020-07-21,61598,40,17.1,82.46,52,7,3,Average,76.68,25,6,Not Promoted,Active
13280,Rohan Nair,employee13280@company.com,Engineering,Data Analyst,Mumbai,Full-Time,BBA,2022-12-09,53232,30,8.0,72.5,85,9,4,Good,85.12,20,11,Not Promoted,Active
13281,Karthik Mishra,employee13281@company.com,Marketing,Project Manager,Pune,Full-Time,M.Sc,2023-07-21,63171,46,13.8,74.18,72,6,3,Average,54.34,17,16,Not Promoted,Active
13282,Anjali Gupta,employee13282@company.com,Engineering,Senior Software Engineer,Pune,Full-Time,MCA,2018-03-22,51082,43,13.2,96.47,10,14,3,Average,73.2,8,14,Not Promoted,Active
13283,Kavya Singh,employee13283@company.com,Marketing,Operations Analyst,Coimbatore,Full-Time,BBA,2025-08-10,130154,37,10.5,84.7,75,12,4,Good,49.72,23,15,Not Promoted,Active
13284,Ajay Patel,employee13284@company.com,Sales,HR Executive,Hyderabad,Full-Time,B.Com,2025-01-05,116402,54,12.6,74.89,7,14,5,Excellent,47.45,39,0,Not Promoted,Active
13285,Suresh Patel,employee13285@company.com,IT,Project Manager,Delhi,Full-Time,M.Sc,2025-09-11,26939,42,1.2,96.82,31,8,3,Average,101.12,16,10,Promoted,Active
13286,Priya Joshi,employee13286@company.com,Operations,Support Associate,Chennai,Full-Time,B.Com,2024-12-16,144382,24,8.2,95.36,62,9,2,Needs Improvement,87.79,29,0,Not Promoted,Inactive
13287,Kavya Mishra,employee13287@company.com,HR,Financial Analyst,Hyderabad,Full-Time,B.E,2021-06-13,56989,27,14.3,70.69,54,1,3,Average,95.77,3,12,Not Promoted,Active
13288,Suresh Kumar,employee13288@company.com,Engineering,Financial Analyst,Coimbatore,Full-Time,MBA,2020-01-11,114245,25,8.8,87.43,58,13,4,Good,56.82,27,27,Not Promoted,Active
13289,Kavya Reddy,employee13289@company.com,Finance,Data Analyst,Chennai,Full-Time,B.E,2022-08-08,98251,51,15.8,77.33,62,12,5,Excellent,65.94,40,30,Not Promoted,Active
13290,Sneha Reddy,employee13290@company.com,HR,HR Executive,Delhi,Full-Time,B.E,2018-11-21,98963,39,15.1,85.99,16,2,3,Average,73.85,39,19,Not Promoted,Active
13291,Vijay Joshi,employee13291@company.com,IT,Operations Analyst,Hyderabad,Full-Time,B.Com,2020-12-15,133279,24,15.6,78.38,25,8,2,Needs Improvement,87.77,8,16,Promoted,Active
13292,Dinesh Kumar,employee13292@company.com,Customer Support,Software Engineer,Hyderabad,Full-Time,MCA,2024-06-19,147315,42,2.8,79.48,50,5,5,Excellent,79.76,35,28,Not Promoted,Active
13293,Kavya Rao,employee13293@company.com,IT,Operations Analyst,Pune,Full-Time,BBA,2021-05-19,127499,23,4.8,88.06,32,1,3,Average,80.84,7,15,Not Promoted,Active
13294,Anjali Verma,employee13294@company.com,Marketing,Project Manager,Chennai,Full-Time,BBA,2018-04-13,93322,43,1.0,86.17,25,5,4,Good,55.2,21,29,Not Promoted,Active
13295,Ajay Verma,employee13295@company.com,HR,Senior Software Engineer,Bangalore,Full-Time,M.Sc,2024-10-22,39454,24,17.7,81.86,21,13,5,Excellent,75.86,24,16,Promoted,Active
13296,Nisha Patel,employee13296@company.com,Engineering,Marketing Executive,Bangalore,Full-Time,M.Sc,2020-03-27,26377,44,4.6,73.23,66,13,2,Needs Improvement,98.55,5,24,Not Promoted,Inactive
13297,Rahul Pillai,employee13297@company.com,Engineering,Data Analyst,Hyderabad,Full-Time,MBA,2020-01-17,60523,34,6.9,99.08,94,4,4,Good,78.11,25,13,Not Promoted,Active
13298,Vijay Iyer,employee13298@company.com,IT,Marketing Executive,Delhi,Full-Time,B.Com,2023-09-17,55807,23,5.3,75.24,77,9,2,Needs Improvement,57.98,1,23,Not Promoted,Active
13299,Nisha Nair,employee13299@company.com,HR,HR Executive,Hyderabad,Full-Time,B.E,2020-03-23,43467,41,1.2,88.99,81,4,3,Average,71.87,30,4,Not Promoted,Active
13300,Karthik Das,employee13300@company.com,IT,Software Engineer,Coimbatore,Full-Time,B.E,2021-06-01,62177,46,5.1,72.48,97,4,4,Good,94.06,11,12,Not Promoted,Active
13301,Anjali Sharma,employee13301@company.com,Finance,Financial Analyst,Pune,Full-Time,M.Sc,2021-08-09,37287,21,2.2,90.65,62,1,3,Average,53.77,18,17,Not Promoted,Active
13302,Kavya Verma,employee13302@company.com,IT,Financial Analyst,Coimbatore,Full-Time,M.Sc,2022-09-16,73667,50,7.4,72.85,16,13,5,Excellent,82.73,36,6,Not Promoted,Active
13303,Ajay Rao,employee13303@company.com,HR,Support Associate,Chennai,Full-Time,B.Com,2024-01-12,37838,24,17.4,76.89,40,15,4,Good,107.75,36,27,Not Promoted,Inactive
13304,Dinesh Sharma,employee13304@company.com,Marketing,Project Manager,Coimbatore,Full-Time,B.Tech,2020-11-21,57065,34,12.7,89.41,75,5,3,Average,69.72,0,16,Not Promoted,Active
13305,Karthik Sharma,employee13305@company.com,HR,Project Manager,Hyderabad,Full-Time,B.Tech,2023-04-15,129874,38,12.9,78.49,38,12,3,Average,47.84,9,10,Not Promoted,Active
13306,Anjali Menon,employee13306@company.com,Sales,Operations Analyst,Coimbatore,Full-Time,B.Com,2024-12-11,127916,32,8.4,85.99,32,6,3,Average,86.15,33,24,Promoted,Active
13307,Meena Iyer,employee13307@company.com,HR,Project Manager,Delhi,Full-Time,M.Com,2022-11-21,80259,36,14.7,73.74,31,8,3,Average,48.06,15,16,Not Promoted,Active
13308,Kavya Verma,employee13308@company.com,Finance,Operations Analyst,Bangalore,Full-Time,M.Com,2021-09-18,117812,21,16.4,76.07,20,13,2,Needs Improvement,57.45,40,18,Not Promoted,Active
13309,Karthik Singh,employee13309@company.com,Operations,Operations Analyst,Chennai,Full-Time,B.Tech,2022-11-25,73867,23,17.3,92.01,52,4,3,Average,48.15,6,5,Not Promoted,Inactive
13310,Ajay Joshi,employee13310@company.com,Finance,Senior Software Engineer,Hyderabad,Contract,MBA,2022-08-09,61872,55,2.2,71.05,63,10,3,Average,56.09,12,19,Not Promoted,Active
13311,Ajay Pillai,employee13311@company.com,Finance,Data Analyst,Chennai,Full-Time,MCA,2022-10-31,89870,35,15.9,73.35,77,14,4,Good,100.57,3,17,Promoted,Inactive
13312,Vijay Sharma,employee13312@company.com,IT,Marketing Executive,Pune,Part-Time,B.E,2024-04-06,143237,36,4.4,76.45,65,10,4,Good,92.77,38,20,Not Promoted,Active
13313,Manoj Nair,employee13313@company.com,Finance,Senior Software Engineer,Coimbatore,Full-Time,M.Sc,2024-07-21,143840,37,7.5,70.61,48,4,4,Good,67.22,30,9,Not Promoted,Active
13314,Dinesh Verma,employee13314@company.com,HR,Software Engineer,Bangalore,Full-Time,MBA,2021-10-30,35522,54,6.5,72.86,70,14,1,Needs Improvement,103.31,9,0,Not Promoted,Active
13315,Pooja Joshi,employee13315@company.com,Engineering,Software Engineer,Delhi,Full-Time,M.Sc,2023-08-26,139108,30,12.3,78.44,78,14,3,Average,88.24,11,0,Promoted,Active
13316,Divya Rao,employee13316@company.com,Operations,Software Engineer,Chennai,Full-Time,B.Tech,2019-08-10,54132,31,11.0,72.79,30,8,4,Good,74.1,33,14,Not Promoted,Active
13317,Rohan Reddy,employee13317@company.com,Engineering,Financial Analyst,Bangalore,Full-Time,BBA,2018-09-17,65425,48,2.4,95.98,91,5,3,Average,49.44,27,26,Promoted,Active
13318,Manoj Singh,employee13318@company.com,Customer Support,Financial Analyst,Coimbatore,Full-Time,B.Com,2023-04-03,30478,47,14.2,71.98,40,6,1,Needs Improvement,92.5,4,5,Not Promoted,Active
13319,Sneha Das,employee13319@company.com,Marketing,Data Analyst,Hyderabad,Full-Time,M.Com,2024-08-05,118873,38,8.2,95.83,71,3,4,Good,69.41,27,26,Not Promoted,Active
13320,Ravi Iyer,employee13320@company.com,Customer Support,Software Engineer,Delhi,Full-Time,B.Tech,2021-11-23,84355,50,0.5,94.69,70,3,4,Good,64.68,10,24,Promoted,Active
13321,Ajay Menon,employee13321@company.com,Finance,HR Executive,Delhi,Full-Time,MBA,2024-11-12,76793,33,7.8,73.02,35,0,4,Good,63.74,33,25,Not Promoted,Active
13322,Suresh Gupta,employee13322@company.com,Engineering,HR Executive,Mumbai,Full-Time,MBA,2023-05-01,30025,36,9.5,70.76,73,10,2,Needs Improvement,45.5,14,6,Not Promoted,Active
13323,Kavya Kumar,employee13323@company.com,HR,Support Associate,Chennai,Full-Time,MCA,2022-11-22,32764,22,1.7,71.5,38,4,4,Good,93.27,4,9,Not Promoted,Active
13324,Rohan Rao,employee13324@company.com,IT,Senior Software Engineer,Bangalore,Full-Time,M.Sc,2018-04-10,92648,40,3.1,87.71,93,1,4,Good,54.45,20,3,Not Promoted,Active
13325,Sneha Kumar,employee13325@company.com,IT,Marketing Executive,Chennai,Full-Time,B.Tech,2025-09-03,94036,32,17.9,90.11,40,4,4,Good,78.84,30,13,Not Promoted,Active
13326,Sneha Singh,employee13326@company.com,Marketing,Financial Analyst,Hyderabad,Full-Time,B.E,2024-05-31,120062,49,15.7,88.62,40,4,4,Good,46.05,39,7,Not Promoted,Active
13327,Sneha Kumar,employee13327@company.com,Marketing,Project Manager,Hyderabad,Full-Time,MBA,2020-07-17,56521,28,2.8,86.24,4,3,4,Good,85.81,6,0,Not Promoted,Active
13328,Divya Pillai,employee13328@company.com,HR,Marketing Executive,Coimbatore,Full-Time,B.E,2022-01-07,129291,40,10.7,75.24,84,14,4,Good,69.02,34,29,Not Promoted,Active
13329,Swetha Verma,employee13329@company.com,Marketing,Sales Executive,Delhi,Full-Time,B.E,2018-11-24,65392,55,7.1,95.23,5,12,2,Needs Improvement,86.0,20,28,Not Promoted,Active
13330,Sneha Reddy,employee13330@company.com,Engineering,Data Analyst,Delhi,Full-Time,M.Sc,2021-09-13,53807,51,10.0,79.83,61,11,4,Good,50.84,39,20,Not Promoted,Active
13331,Nisha Nair,employee13331@company.com,Engineering,Data Analyst,Bangalore,Full-Time,B.Com,2025-09-12,87201,36,8.7,99.59,15,9,4,Good,62.31,4,1,Not Promoted,Active
13332,Ajay Iyer,employee13332@company.com,Marketing,Software Engineer,Pune,Full-Time,B.Tech,2020-12-01,99737,43,1.3,81.55,79,12,4,Good,52.17,13,26,Not Promoted,Active
13333,Karthik Das,employee13333@company.com,IT,HR Executive,Chennai,Full-Time,B.Tech,2024-04-08,43013,54,6.0,77.89,87,8,3,Average,86.99,33,18,Not Promoted,Active
13334,Ajay Pillai,employee13334@company.com,HR,Software Engineer,Chennai,Full-Time,B.E,2021-09-27,36311,52,2.7,96.83,18,4,3,Average,52.06,9,9,Not Promoted,Active
13335,Arun Nair,employee13335@company.com,Operations,Marketing Executive,Hyderabad,Part-Time,B.Com,2019-04-04,55627,37,9.1,87.02,82,5,5,Excellent,85.11,17,3,Promoted,Active
13336,Vijay Menon,employee13336@company.com,Marketing,HR Executive,Chennai,Full-Time,BBA,2025-06-07,105483,44,16.4,91.66,36,15,4,Good,53.75,16,16,Not Promoted,Active
13337,Ajay Reddy,employee13337@company.com,HR,Software Engineer,Bangalore,Full-Time,MBA,2021-11-09,34041,55,17.9,82.25,63,13,5,Excellent,106.32,37,15,Not Promoted,Active
13338,Ajay Nair,employee13338@company.com,Finance,Marketing Executive,Mumbai,Full-Time,MBA,2022-02-19,81513,43,17.0,96.61,58,0,4,Good,72.06,31,4,Not Promoted,Active
13339,Swetha Kumar,employee13339@company.com,IT,Sales Executive,Delhi,Full-Time,B.Tech,2018-08-08,96796,28,17.7,97.53,96,11,4,Good,53.23,16,9,Not Promoted,Active
13340,Divya Sharma,employee13340@company.com,Operations,Support Associate,Hyderabad,Full-Time,M.Sc,2020-05-08,48306,43,0.8,83.1,68,4,4,Good,47.72,21,21,Not Promoted,Active
13341,Nisha Rao,employee13341@company.com,Engineering,Senior Software Engineer,Delhi,Full-Time,M.Sc,2024-04-30,68827,41,13.3,77.22,72,11,5,Excellent,66.41,24,10,Not Promoted,Active
13342,Pooja Patel,employee13342@company.com,IT,Support Associate,Delhi,Full-Time,B.E,2023-12-09,114086,39,5.3,89.43,84,8,4,Good,102.94,15,0,Not Promoted,Active
13343,Suresh Gupta,employee13343@company.com,IT,Sales Executive,Delhi,Full-Time,B.Com,2021-07-27,117151,51,15.6,98.64,6,11,4,Good,54.35,29,12,Not Promoted,Active
13344,Nisha Patel,employee13344@company.com,Engineering,Support Associate,Mumbai,Full-Time,B.Com,2019-03-11,36427,27,14.7,88.67,41,10,2,Needs Improvement,96.4,33,19,Not Promoted,Active
13345,Pooja Kumar,employee13345@company.com,Sales,Project Manager,Chennai,Full-Time,MBA,2021-06-23,123782,44,7.9,98.63,24,5,3,Average,72.13,4,1,Not Promoted,Active
13346,Manoj Nair,employee13346@company.com,HR,Financial Analyst,Pune,Full-Time,MBA,2024-12-06,59078,28,8.8,80.31,55,8,4,Good,97.19,32,0,Not Promoted,Active
13347,Dinesh Reddy,employee13347@company.com,Engineering,Financial Analyst,Delhi,Full-Time,M.Sc,2018-10-07,103359,33,5.1,97.45,46,11,3,Average,101.83,4,13,Promoted,Active
13348,Ravi Singh,employee13348@company.com,Finance,Project Manager,Bangalore,Full-Time,M.Com,2025-07-24,56213,23,5.6,73.38,84,12,3,Average,109.86,39,20,Promoted,Active
13349,Dinesh Das,employee13349@company.com,Marketing,Financial Analyst,Delhi,Full-Time,M.Com,2018-03-09,109063,54,17.7,80.77,76,3,3,Average,49.43,2,11,Not Promoted,Active
13350,Pooja Reddy,employee13350@company.com,Finance,Marketing Executive,Delhi,Full-Time,B.E,2022-07-30,87960,33,16.1,84.83,49,1,3,Average,96.76,37,10,Not Promoted,Active
13351,Nisha Iyer,employee13351@company.com,HR,Financial Analyst,Chennai,Full-Time,M.Com,2020-01-13,88741,52,3.9,89.59,84,14,3,Average,49.53,12,0,Not Promoted,Inactive
13352,Karthik Kumar,employee13352@company.com,Engineering,Data Analyst,Coimbatore,Full-Time,B.Com,2021-07-11,123717,55,5.3,78.82,73,8,3,Average,65.46,7,13,Not Promoted,Active
13353,Anjali Iyer,employee13353@company.com,IT,Data Analyst,Bangalore,Full-Time,M.Com,2023-07-06,84000,41,2.4,97.73,87,3,5,Excellent,87.01,29,7,Not Promoted,Active
13354,Rahul Menon,employee13354@company.com,Engineering,HR Executive,Chennai,Full-Time,BBA,2022-09-02,52207,21,17.8,97.1,90,13,4,Good,74.07,4,17,Not Promoted,Active
13355,Anjali Iyer,employee13355@company.com,Sales,Operations Analyst,Delhi,Full-Time,B.Tech,2021-12-17,28936,22,16.4,93.98,32,10,3,Average,81.74,37,4,Not Promoted,Active
13356,Ravi Reddy,employee13356@company.com,HR,Sales Executive,Coimbatore,Contract,B.Tech,2018-10-18,115107,46,10.2,73.43,25,13,2,Needs Improvement,107.8,30,30,Promoted,Active
13357,Rohan Iyer,employee13357@company.com,Operations,Data Analyst,Chennai,Full-Time,MCA,2024-01-26,108314,23,12.6,72.35,99,1,4,Good,98.21,1,30,Not Promoted,Active
13358,Ajay Pillai,employee13358@company.com,Operations,Senior Software Engineer,Chennai,Full-Time,MBA,2022-01-25,76775,44,13.6,84.94,16,0,3,Average,68.64,6,2,Not Promoted,Active
13359,Aakash Kumar,employee13359@company.com,HR,HR Executive,Hyderabad,Full-Time,MBA,2019-07-10,43674,46,4.1,92.96,20,1,4,Good,84.0,15,21,Not Promoted,Active
13360,Karthik Pillai,employee13360@company.com,Marketing,Project Manager,Mumbai,Full-Time,M.Sc,2018-12-19,74790,28,16.9,73.7,1,4,4,Good,48.15,9,5,Not Promoted,Active
13361,Vijay Mishra,employee13361@company.com,Finance,Sales Executive,Coimbatore,Full-Time,B.E,2021-06-17,134940,28,9.7,89.24,78,2,4,Good,74.44,28,23,Promoted,Active
13362,Anjali Pillai,employee13362@company.com,Finance,Sales Executive,Pune,Full-Time,BBA,2023-01-01,39374,38,2.1,85.84,43,12,3,Average,84.55,29,26,Promoted,Active
13363,Rohan Kumar,employee13363@company.com,Marketing,Project Manager,Coimbatore,Full-Time,B.Tech,2018-10-10,121128,38,7.4,91.78,65,5,4,Good,91.46,19,20,Not Promoted,Active
13364,Vijay Patel,employee13364@company.com,Sales,Operations Analyst,Mumbai,Full-Time,MCA,2022-05-25,140040,32,11.0,83.06,70,13,3,Average,103.6,33,4,Not Promoted,Active
13365,Karthik Joshi,employee13365@company.com,IT,Support Associate,Mumbai,Contract,BBA,2019-04-01,134644,22,6.7,90.8,35,3,5,Excellent,63.4,7,20,Promoted,Active
13366,Meena Verma,employee13366@company.com,Customer Support,Support Associate,Bangalore,Full-Time,B.E,2020-10-01,40317,40,12.7,74.79,45,1,4,Good,103.64,33,24,Not Promoted,Active
13367,Ajay Mishra,employee13367@company.com,Customer Support,Software Engineer,Hyderabad,Full-Time,B.E,2024-11-29,54181,23,15.9,76.44,49,12,3,Average,88.0,33,1,Promoted,Active
13368,Rohan Mishra,employee13368@company.com,IT,Software Engineer,Hyderabad,Full-Time,BBA,2023-02-15,36780,54,14.0,97.1,95,6,3,Average,50.05,35,2,Not Promoted,Active
13369,Kavya Kumar,employee13369@company.com,Operations,HR Executive,Chennai,Full-Time,M.Sc,2024-05-21,107059,26,11.7,79.88,66,11,3,Average,69.72,6,30,Not Promoted,Active
13370,Meena Singh,employee13370@company.com,Sales,Software Engineer,Mumbai,Part-Time,M.Com,2023-09-10,131747,30,9.5,99.57,2,10,4,Good,75.98,13,3,Not Promoted,Active
13371,Suresh Verma,employee13371@company.com,Marketing,Software Engineer,Coimbatore,Full-Time,MBA,2024-10-31,99396,44,5.0,71.39,32,5,3,Average,67.91,19,28,Not Promoted,Active
13372,Ajay Sharma,employee13372@company.com,Customer Support,Project Manager,Pune,Part-Time,B.E,2024-03-11,77994,38,8.5,84.88,44,7,4,Good,52.54,36,22,Not Promoted,Active
13373,Kavya Iyer,employee13373@company.com,HR,Support Associate,Bangalore,Full-Time,BBA,2022-10-04,148196,53,5.6,79.75,24,12,3,Average,80.85,32,25,Promoted,Active
13374,Dinesh Rao,employee13374@company.com,Engineering,Software Engineer,Coimbatore,Full-Time,B.E,2024-09-10,45402,27,16.8,99.88,36,9,4,Good,53.56,30,27,Promoted,Active
13375,Nisha Joshi,employee13375@company.com,Finance,Data Analyst,Hyderabad,Full-Time,MBA,2018-12-03,88907,49,16.4,99.7,35,4,4,Good,104.48,32,0,Promoted,Inactive
13376,Pooja Nair,employee13376@company.com,Engineering,Senior Software Engineer,Chennai,Full-Time,M.Sc,2020-08-25,142614,39,3.2,77.06,34,2,4,Good,101.24,25,15,Not Promoted,Active
13377,Nisha Joshi,employee13377@company.com,HR,Data Analyst,Pune,Full-Time,MBA,2025-12-12,48276,45,14.9,78.02,18,3,4,Good,75.89,25,18,Promoted,Active
13378,Aakash Joshi,employee13378@company.com,Finance,Operations Analyst,Mumbai,Full-Time,B.Tech,2020-06-21,97778,37,12.8,92.49,44,4,3,Average,49.4,37,25,Not Promoted,Active
13379,Rahul Reddy,employee13379@company.com,HR,Data Analyst,Coimbatore,Full-Time,MBA,2019-11-03,149889,23,17.6,96.69,82,4,2,Needs Improvement,80.89,15,22,Promoted,Active
13380,Rahul Nair,employee13380@company.com,Marketing,HR Executive,Pune,Part-Time,M.Com,2021-07-27,118057,44,8.6,89.91,96,5,4,Good,83.5,11,7,Not Promoted,Active
13381,Dinesh Verma,employee13381@company.com,Marketing,Software Engineer,Hyderabad,Full-Time,B.Tech,2020-02-08,26052,38,13.1,95.94,17,8,3,Average,102.75,0,1,Not Promoted,Active
13382,Priya Menon,employee13382@company.com,Sales,Software Engineer,Bangalore,Full-Time,M.Sc,2025-04-24,40400,46,9.6,71.9,26,3,3,Average,49.39,19,26,Not Promoted,Active
13383,Ajay Kumar,employee13383@company.com,HR,Project Manager,Coimbatore,Full-Time,BBA,2025-02-19,86980,41,1.7,89.22,93,6,1,Needs Improvement,89.99,1,2,Not Promoted,Active
13384,Swetha Menon,employee13384@company.com,HR,Marketing Executive,Mumbai,Contract,MCA,2022-09-11,110483,31,1.3,91.01,30,6,3,Average,81.58,30,13,Not Promoted,Active
13385,Divya Pillai,employee13385@company.com,Sales,Operations Analyst,Bangalore,Full-Time,B.E,2025-02-08,50699,37,2.6,75.71,38,15,1,Needs Improvement,56.36,17,6,Promoted,Active
13386,Divya Nair,employee13386@company.com,Sales,Data Analyst,Delhi,Full-Time,M.Com,2025-02-14,59111,41,5.7,93.34,66,15,5,Excellent,52.91,9,12,Not Promoted,Active
13387,Ajay Patel,employee13387@company.com,Engineering,Marketing Executive,Pune,Full-Time,M.Com,2019-04-24,107489,24,5.0,98.33,21,14,3,Average,90.11,5,6,Promoted,Active
13388,Swetha Singh,employee13388@company.com,Marketing,Sales Executive,Pune,Full-Time,B.Tech,2020-04-23,119930,52,13.2,96.94,51,5,4,Good,67.09,1,15,Promoted,Active
13389,Anjali Nair,employee13389@company.com,Engineering,Senior Software Engineer,Chennai,Full-Time,B.E,2022-06-14,86065,38,13.0,77.35,9,0,1,Needs Improvement,110.0,15,2,Not Promoted,Active
13390,Aakash Pillai,employee13390@company.com,Marketing,Senior Software Engineer,Mumbai,Full-Time,B.Tech,2023-02-24,147378,48,17.5,79.72,7,8,4,Good,103.11,4,25,Not Promoted,Active
13391,Rohan Joshi,employee13391@company.com,Engineering,Support Associate,Pune,Part-Time,B.Com,2023-10-19,106798,46,5.9,84.99,33,5,3,Average,81.77,37,4,Not Promoted,Active
13392,Karthik Nair,employee13392@company.com,Operations,Software Engineer,Hyderabad,Full-Time,B.Com,2019-05-20,94452,44,16.9,74.75,52,2,5,Excellent,86.71,21,22,Not Promoted,Active
13393,Suresh Joshi,employee13393@company.com,HR,Support Associate,Delhi,Full-Time,B.Tech,2018-04-20,99728,30,11.2,98.62,17,10,5,Excellent,55.33,21,2,Not Promoted,Active
13394,Ravi Patel,employee13394@company.com,Engineering,Project Manager,Hyderabad,Full-Time,B.E,2021-11-06,60691,28,9.2,74.85,11,1,3,Average,103.11,21,23,Not Promoted,Active
13395,Pooja Kumar,employee13395@company.com,Engineering,Operations Analyst,Bangalore,Full-Time,M.Sc,2019-02-01,133732,22,12.2,92.84,63,13,5,Excellent,74.83,0,27,Not Promoted,Active
13396,Priya Menon,employee13396@company.com,Marketing,Operations Analyst,Delhi,Full-Time,B.E,2018-12-17,127849,55,12.8,80.24,56,11,5,Excellent,78.89,35,14,Not Promoted,Inactive
13397,Rohan Sharma,employee13397@company.com,Customer Support,Sales Executive,Delhi,Contract,MBA,2022-04-07,72197,41,3.5,87.21,95,11,4,Good,101.75,12,19,Not Promoted,Active
13398,Rahul Reddy,employee13398@company.com,Marketing,HR Executive,Hyderabad,Contract,M.Sc,2025-10-07,127229,47,13.7,71.42,1,2,4,Good,45.41,11,10,Not Promoted,Active
13399,Arun Rao,employee13399@company.com,HR,Operations Analyst,Pune,Contract,M.Com,2024-10-04,77404,43,13.2,76.15,16,10,3,Average,77.13,12,29,Not Promoted,Inactive
13400,Dinesh Pillai,employee13400@company.com,Sales,Operations Analyst,Hyderabad,Part-Time,BBA,2020-07-10,85736,52,18.0,83.33,51,0,4,Good,85.74,10,22,Not Promoted,Active
13401,Suresh Reddy,employee13401@company.com,HR,Operations Analyst,Mumbai,Full-Time,B.Tech,2023-08-04,48942,46,16.5,90.32,75,2,2,Needs Improvement,55.36,17,17,Not Promoted,Inactive
13402,Rohan Reddy,employee13402@company.com,Customer Support,Senior Software Engineer,Bangalore,Full-Time,M.Sc,2018-04-21,93928,27,12.5,93.33,70,14,2,Needs Improvement,49.44,21,4,Not Promoted,Active
13403,Pooja Singh,employee13403@company.com,IT,HR Executive,Coimbatore,Full-Time,M.Com,2018-07-28,44001,53,13.0,70.9,78,4,5,Excellent,79.77,0,21,Promoted,Inactive
13404,Ravi Kumar,employee13404@company.com,HR,HR Executive,Delhi,Full-Time,M.Sc,2022-11-01,53696,37,17.1,74.57,1,3,3,Average,80.59,3,12,Not Promoted,Active
13405,Aakash Reddy,employee13405@company.com,IT,Financial Analyst,Mumbai,Full-Time,M.Com,2021-04-16,47319,28,17.4,91.89,26,9,4,Good,66.47,8,28,Not Promoted,Active
13406,Aakash Rao,employee13406@company.com,Engineering,Data Analyst,Pune,Full-Time,B.Com,2022-11-21,62123,37,15.0,94.39,25,0,4,Good,102.35,2,0,Not Promoted,Active
13407,Arun Rao,employee13407@company.com,HR,Project Manager,Pune,Full-Time,B.Com,2024-10-08,76165,38,13.9,77.1,24,4,4,Good,64.57,7,26,Not Promoted,Active
13408,Sneha Das,employee13408@company.com,Customer Support,Software Engineer,Hyderabad,Full-Time,MCA,2024-07-03,43311,43,2.4,76.89,11,2,5,Excellent,78.57,8,13,Not Promoted,Active
13409,Arun Menon,employee13409@company.com,IT,Operations Analyst,Chennai,Contract,M.Sc,2023-03-23,52120,32,15.0,72.64,16,9,3,Average,57.14,17,8,Promoted,Active
13410,Pooja Sharma,employee13410@company.com,IT,Operations Analyst,Delhi,Full-Time,M.Sc,2018-01-11,128636,43,4.9,74.51,64,10,2,Needs Improvement,45.73,4,29,Promoted,Active
13411,Arun Menon,employee13411@company.com,Customer Support,Financial Analyst,Delhi,Full-Time,B.Tech,2020-05-05,47642,53,10.4,70.24,94,13,3,Average,72.69,21,8,Not Promoted,Active
13412,Rahul Kumar,employee13412@company.com,HR,Software Engineer,Chennai,Full-Time,MCA,2021-06-12,95083,48,7.6,87.69,39,12,2,Needs Improvement,79.25,36,3,Not Promoted,Active
13413,Aakash Iyer,employee13413@company.com,Operations,HR Executive,Pune,Full-Time,BBA,2024-04-20,54371,43,6.5,97.12,4,13,1,Needs Improvement,94.7,4,20,Promoted,Active
13414,Suresh Sharma,employee13414@company.com,Marketing,Sales Executive,Pune,Full-Time,B.Tech,2022-05-09,130219,27,5.9,74.49,91,6,3,Average,74.17,22,24,Not Promoted,Active
13415,Pooja Kumar,employee13415@company.com,Finance,Senior Software Engineer,Coimbatore,Contract,B.E,2022-02-10,110639,22,15.5,92.54,27,13,4,Good,63.12,15,30,Not Promoted,Active
13416,Suresh Patel,employee13416@company.com,Marketing,Operations Analyst,Coimbatore,Contract,BBA,2018-05-09,139153,21,14.0,87.21,71,9,4,Good,84.28,4,25,Promoted,Active
13417,Ajay Iyer,employee13417@company.com,IT,Project Manager,Delhi,Contract,B.Tech,2018-04-10,102401,24,9.7,98.2,51,13,3,Average,69.78,36,26,Promoted,Active
13418,Priya Gupta,employee13418@company.com,Engineering,Project Manager,Coimbatore,Full-Time,BBA,2018-10-17,90244,28,12.1,93.94,13,10,4,Good,60.17,38,1,Not Promoted,Active
13419,Meena Reddy,employee13419@company.com,HR,Operations Analyst,Coimbatore,Full-Time,M.Sc,2022-05-12,100279,49,17.7,95.58,5,12,3,Average,104.17,2,15,Promoted,Active
13420,Nisha Sharma,employee13420@company.com,HR,Project Manager,Bangalore,Full-Time,B.E,2022-08-04,59450,38,7.5,89.17,17,7,1,Needs Improvement,79.88,25,4,Not Promoted,Active
13421,Sneha Iyer,employee13421@company.com,Engineering,Sales Executive,Delhi,Full-Time,BBA,2021-02-22,107304,51,10.1,94.34,36,4,4,Good,58.03,7,19,Not Promoted,Active
13422,Ravi Verma,employee13422@company.com,HR,Project Manager,Pune,Full-Time,B.E,2023-01-19,111628,26,9.8,80.53,73,9,4,Good,88.61,20,17,Not Promoted,Active
13423,Suresh Sharma,employee13423@company.com,HR,Marketing Executive,Pune,Full-Time,B.Tech,2025-05-17,137033,44,16.9,76.27,63,7,4,Good,97.2,17,1,Not Promoted,Active
13424,Ravi Iyer,employee13424@company.com,Operations,Software Engineer,Coimbatore,Full-Time,B.E,2023-01-02,126340,35,6.7,97.38,98,5,1,Needs Improvement,94.3,4,13,Not Promoted,Active
13425,Ajay Sharma,employee13425@company.com,Finance,Financial Analyst,Bangalore,Full-Time,M.Com,2019-10-27,100994,32,17.8,92.03,34,5,4,Good,83.97,5,14,Not Promoted,Active
13426,Kavya Iyer,employee13426@company.com,Sales,Financial Analyst,Coimbatore,Full-Time,B.E,2021-10-02,48407,34,5.8,72.72,16,4,4,Good,78.78,26,24,Promoted,Active
13427,Nisha Nair,employee13427@company.com,IT,Support Associate,Coimbatore,Full-Time,M.Com,2019-11-29,95188,47,2.4,96.01,90,10,4,Good,95.53,21,9,Not Promoted,Active
13428,Manoj Pillai,employee13428@company.com,Finance,Senior Software Engineer,Mumbai,Contract,M.Com,2018-07-02,29445,33,3.8,80.47,87,9,4,Good,91.03,21,27,Not Promoted,Active
13429,Suresh Das,employee13429@company.com,Marketing,Software Engineer,Mumbai,Full-Time,M.Com,2018-12-17,107309,23,8.0,78.95,9,5,5,Excellent,82.15,37,15,Not Promoted,Active
13430,Meena Verma,employee13430@company.com,Sales,Operations Analyst,Bangalore,Contract,BBA,2022-12-25,138443,36,11.9,88.7,50,13,4,Good,87.75,37,7,Not Promoted,Active
13431,Aakash Gupta,employee13431@company.com,Sales,Marketing Executive,Bangalore,Full-Time,MBA,2021-11-02,56096,32,9.5,87.06,80,0,4,Good,55.96,26,25,Promoted,Active
13432,Sneha Nair,employee13432@company.com,Engineering,Sales Executive,Mumbai,Full-Time,MCA,2025-07-18,142606,34,7.1,86.15,51,7,5,Excellent,46.3,32,25,Promoted,Active
13433,Rahul Nair,employee13433@company.com,HR,Support Associate,Mumbai,Full-Time,M.Sc,2022-01-28,141801,54,10.3,77.65,63,4,4,Good,105.52,30,23,Not Promoted,Active
13434,Divya Reddy,employee13434@company.com,Finance,Senior Software Engineer,Mumbai,Full-Time,MBA,2019-11-09,26142,51,15.2,98.79,32,7,3,Average,105.79,27,23,Not Promoted,Active
13435,Pooja Sharma,employee13435@company.com,Engineering,Senior Software Engineer,Mumbai,Full-Time,M.Sc,2025-10-20,74897,25,15.2,98.5,96,2,4,Good,96.22,29,20,Not Promoted,Active
13436,Sneha Patel,employee13436@company.com,Marketing,Data Analyst,Delhi,Full-Time,M.Sc,2018-12-06,90485,32,13.2,70.12,16,9,3,Average,69.2,33,13,Not Promoted,Inactive
13437,Dinesh Rao,employee13437@company.com,HR,Software Engineer,Delhi,Part-Time,B.E,2018-04-21,113071,46,17.2,80.13,81,5,3,Average,54.8,16,19,Not Promoted,Active
13438,Anjali Rao,employee13438@company.com,HR,Marketing Executive,Coimbatore,Full-Time,MCA,2024-04-27,92266,37,10.8,71.37,48,0,4,Good,68.23,34,9,Promoted,Active
13439,Ravi Kumar,employee13439@company.com,Customer Support,HR Executive,Hyderabad,Full-Time,M.Sc,2021-04-26,88202,31,0.6,95.51,6,0,5,Excellent,92.21,35,12,Promoted,Active
13440,Nisha Das,employee13440@company.com,Customer Support,Sales Executive,Coimbatore,Full-Time,MCA,2024-08-15,86466,53,5.6,96.6,89,3,5,Excellent,66.79,5,18,Not Promoted,Inactive
13441,Meena Menon,employee13441@company.com,Customer Support,Support Associate,Bangalore,Full-Time,MCA,2022-09-17,111305,24,6.2,85.55,64,13,3,Average,96.73,28,1,Not Promoted,Active
13442,Arun Sharma,employee13442@company.com,Operations,Operations Analyst,Chennai,Full-Time,B.Tech,2022-12-28,29123,52,10.1,95.19,61,11,4,Good,88.75,22,25,Promoted,Active
13443,Kavya Reddy,employee13443@company.com,Engineering,Financial Analyst,Hyderabad,Full-Time,B.E,2025-04-05,93766,51,16.3,91.1,74,13,3,Average,85.95,13,4,Not Promoted,Active
13444,Vijay Rao,employee13444@company.com,IT,Support Associate,Chennai,Full-Time,BBA,2024-11-01,134712,31,15.2,84.99,9,9,5,Excellent,105.47,8,13,Not Promoted,Active
13445,Anjali Joshi,employee13445@company.com,Sales,Project Manager,Chennai,Full-Time,MBA,2022-09-26,43898,37,4.6,80.91,30,12,5,Excellent,103.07,14,23,Promoted,Active
13446,Pooja Patel,employee13446@company.com,Marketing,Senior Software Engineer,Pune,Full-Time,MCA,2023-03-11,141457,47,9.6,77.99,24,5,4,Good,91.26,37,20,Not Promoted,Active
13447,Ajay Gupta,employee13447@company.com,Sales,Operations Analyst,Bangalore,Full-Time,M.Sc,2025-12-18,66067,28,12.0,77.78,56,2,4,Good,57.95,24,22,Not Promoted,Active
13448,Nisha Reddy,employee13448@company.com,Finance,Sales Executive,Delhi,Full-Time,MCA,2021-11-12,70946,41,17.8,86.86,64,12,4,Good,106.03,19,20,Not Promoted,Inactive
13449,Priya Patel,employee13449@company.com,IT,Marketing Executive,Hyderabad,Full-Time,M.Sc,2021-09-23,142174,53,1.0,75.0,42,10,4,Good,59.76,21,25,Not Promoted,Active
13450,Swetha Pillai,employee13450@company.com,HR,HR Executive,Coimbatore,Full-Time,B.Com,2023-04-28,143986,25,8.6,75.24,2,10,2,Needs Improvement,69.22,6,24,Not Promoted,Active
13451,Ajay Iyer,employee13451@company.com,IT,Project Manager,Bangalore,Full-Time,MCA,2021-09-14,99504,52,17.8,70.31,54,15,3,Average,98.74,17,23,Not Promoted,Active
13452,Kavya Menon,employee13452@company.com,HR,Operations Analyst,Mumbai,Full-Time,MCA,2019-10-18,87429,45,17.6,88.4,47,11,4,Good,58.56,16,7,Not Promoted,Active
13453,Sneha Verma,employee13453@company.com,Engineering,Operations Analyst,Bangalore,Full-Time,B.Com,2024-01-06,32992,28,6.3,99.83,64,11,4,Good,86.51,13,0,Not Promoted,Active
13454,Ravi Patel,employee13454@company.com,Customer Support,Senior Software Engineer,Chennai,Full-Time,B.E,2018-12-16,146132,47,0.5,96.68,70,4,3,Average,74.76,25,4,Not Promoted,Active
13455,Karthik Sharma,employee13455@company.com,IT,Software Engineer,Delhi,Full-Time,MBA,2024-06-28,80173,46,10.8,91.17,59,9,5,Excellent,85.56,39,24,Not Promoted,Active
13456,Pooja Sharma,employee13456@company.com,HR,Project Manager,Mumbai,Full-Time,BBA,2025-12-22,35125,49,15.7,93.57,13,10,3,Average,107.27,31,10,Not Promoted,Active
13457,Meena Verma,employee13457@company.com,Sales,Senior Software Engineer,Bangalore,Full-Time,M.Com,2021-02-17,47430,29,6.2,82.51,86,15,4,Good,97.54,28,7,Not Promoted,Active
13458,Suresh Patel,employee13458@company.com,Customer Support,Support Associate,Bangalore,Full-Time,MBA,2020-10-01,99165,38,16.8,78.94,80,3,4,Good,64.23,39,16,Promoted,Active
13459,Karthik Patel,employee13459@company.com,Customer Support,Project Manager,Delhi,Full-Time,B.E,2019-02-02,34226,27,6.3,81.06,13,9,4,Good,48.72,6,24,Not Promoted,Active
13460,Vijay Verma,employee13460@company.com,Customer Support,HR Executive,Chennai,Full-Time,MBA,2019-10-08,42220,41,11.2,72.44,8,11,4,Good,107.86,8,9,Not Promoted,Active
13461,Suresh Patel,employee13461@company.com,Sales,Financial Analyst,Coimbatore,Full-Time,B.Com,2019-02-17,29702,36,13.1,89.01,84,2,3,Average,83.04,11,13,Promoted,Active
13462,Ravi Sharma,employee13462@company.com,Sales,Support Associate,Mumbai,Full-Time,MCA,2018-02-06,25641,23,6.5,75.25,44,8,2,Needs Improvement,56.25,2,0,Not Promoted,Active
13463,Priya Das,employee13463@company.com,Sales,HR Executive,Chennai,Full-Time,MCA,2024-02-13,60942,52,6.7,92.89,1,3,4,Good,85.76,31,4,Not Promoted,Active
13464,Kavya Das,employee13464@company.com,Customer Support,Marketing Executive,Delhi,Full-Time,BBA,2019-02-24,108728,30,8.7,75.7,31,9,4,Good,47.74,32,14,Not Promoted,Active
13465,Suresh Sharma,employee13465@company.com,IT,Senior Software Engineer,Bangalore,Full-Time,M.Com,2025-08-04,147341,52,15.1,76.84,7,14,3,Average,57.19,14,9,Promoted,Active
13466,Aakash Nair,employee13466@company.com,HR,HR Executive,Coimbatore,Full-Time,B.E,2022-01-23,80405,28,2.3,98.72,35,6,4,Good,86.12,8,14,Not Promoted,Active
13467,Vijay Sharma,employee13467@company.com,Sales,Software Engineer,Hyderabad,Full-Time,MCA,2024-02-13,28875,52,11.6,73.16,89,4,3,Average,71.16,16,0,Promoted,Active
13468,Priya Kumar,employee13468@company.com,IT,Data Analyst,Hyderabad,Full-Time,B.E,2024-11-23,66602,24,12.4,84.97,36,6,4,Good,66.13,27,30,Not Promoted,Active
13469,Anjali Verma,employee13469@company.com,HR,Financial Analyst,Pune,Full-Time,B.Tech,2021-01-06,99430,49,10.3,71.88,14,4,4,Good,87.61,12,23,Not Promoted,Inactive
13470,Karthik Nair,employee13470@company.com,Customer Support,Marketing Executive,Hyderabad,Full-Time,M.Sc,2023-06-07,90322,32,16.9,72.71,33,2,3,Average,101.32,20,10,Not Promoted,Active
13471,Arun Das,employee13471@company.com,IT,Operations Analyst,Delhi,Full-Time,M.Com,2023-05-17,93384,39,11.0,89.01,20,5,1,Needs Improvement,89.11,4,17,Not Promoted,Active
13472,Aakash Pillai,employee13472@company.com,Customer Support,Senior Software Engineer,Delhi,Full-Time,M.Sc,2021-10-29,41077,51,11.6,88.92,86,8,4,Good,75.12,6,5,Not Promoted,Active
13473,Ajay Rao,employee13473@company.com,Operations,Support Associate,Delhi,Full-Time,B.E,2020-03-20,28612,46,11.0,75.79,8,14,4,Good,87.83,37,1,Not Promoted,Active
13474,Pooja Reddy,employee13474@company.com,Sales,Data Analyst,Mumbai,Full-Time,MBA,2024-07-05,97598,26,13.1,96.17,39,14,4,Good,90.22,36,1,Promoted,Active
13475,Pooja Rao,employee13475@company.com,Finance,Project Manager,Pune,Full-Time,MBA,2020-08-15,133218,49,2.9,91.07,25,11,4,Good,95.38,18,16,Not Promoted,Active
13476,Anjali Rao,employee13476@company.com,IT,Senior Software Engineer,Mumbai,Full-Time,MBA,2018-11-16,83192,37,16.1,79.02,21,5,4,Good,64.96,40,21,Not Promoted,Active
13477,Priya Sharma,employee13477@company.com,Sales,Sales Executive,Coimbatore,Full-Time,MBA,2024-11-27,125858,40,1.2,77.45,12,15,5,Excellent,52.44,31,4,Not Promoted,Active
13478,Vijay Reddy,employee13478@company.com,Marketing,Senior Software Engineer,Hyderabad,Full-Time,B.E,2025-11-13,113240,30,11.7,92.63,24,3,4,Good,89.32,2,19,Promoted,Active
13479,Divya Rao,employee13479@company.com,HR,Sales Executive,Coimbatore,Full-Time,B.Com,2019-05-29,91998,26,11.3,92.01,70,14,3,Average,52.87,38,13,Promoted,Active
13480,Sneha Menon,employee13480@company.com,Operations,Operations Analyst,Hyderabad,Full-Time,M.Com,2018-11-30,80114,52,4.1,74.46,90,0,3,Average,75.03,34,11,Not Promoted,Active
13481,Priya Gupta,employee13481@company.com,Sales,Marketing Executive,Bangalore,Part-Time,MBA,2020-12-30,64579,22,1.2,80.48,14,2,2,Needs Improvement,60.0,26,3,Not Promoted,Active
13482,Kavya Pillai,employee13482@company.com,Marketing,Financial Analyst,Mumbai,Part-Time,B.E,2024-11-17,53405,30,2.9,76.5,75,2,4,Good,66.58,37,8,Not Promoted,Active
13483,Suresh Verma,employee13483@company.com,IT,Senior Software Engineer,Chennai,Full-Time,MCA,2019-12-25,102510,47,5.3,78.82,44,1,3,Average,75.59,7,26,Not Promoted,Active
13484,Aakash Menon,employee13484@company.com,IT,Operations Analyst,Coimbatore,Contract,MCA,2018-01-08,123814,39,15.9,78.63,96,9,5,Excellent,103.25,18,17,Not Promoted,Active
13485,Arun Joshi,employee13485@company.com,Marketing,Project Manager,Bangalore,Full-Time,B.E,2022-09-16,59924,36,15.5,99.28,20,14,4,Good,89.23,29,9,Not Promoted,Active
13486,Swetha Patel,employee13486@company.com,Operations,Data Analyst,Mumbai,Full-Time,MBA,2023-06-27,27919,40,1.6,92.51,88,1,4,Good,56.16,39,6,Promoted,Active
13487,Vijay Verma,employee13487@company.com,Marketing,Software Engineer,Delhi,Full-Time,B.Tech,2018-06-13,112111,25,5.6,93.4,39,7,3,Average,102.16,9,29,Not Promoted,Active
13488,Swetha Verma,employee13488@company.com,HR,HR Executive,Pune,Full-Time,B.E,2020-02-20,97168,38,16.1,78.32,46,14,2,Needs Improvement,77.54,29,4,Not Promoted,Active
13489,Sneha Das,employee13489@company.com,IT,Operations Analyst,Coimbatore,Full-Time,M.Com,2021-08-11,99460,28,4.6,70.02,85,7,1,Needs Improvement,58.28,8,14,Not Promoted,Active
13490,Rahul Mishra,employee13490@company.com,Marketing,Data Analyst,Mumbai,Contract,M.Com,2024-08-02,88768,33,17.9,71.74,60,2,3,Average,79.28,21,29,Not Promoted,Active
13491,Aakash Pillai,employee13491@company.com,Finance,Sales Executive,Pune,Full-Time,B.Tech,2023-10-30,68910,30,5.0,86.59,13,3,2,Needs Improvement,57.41,30,25,Not Promoted,Inactive
13492,Anjali Singh,employee13492@company.com,Finance,Operations Analyst,Coimbatore,Full-Time,BBA,2025-09-22,135456,39,13.4,78.56,71,4,4,Good,68.88,9,12,Not Promoted,Active
13493,Rohan Mishra,employee13493@company.com,Marketing,Project Manager,Pune,Full-Time,MCA,2021-07-22,59005,51,7.8,75.79,87,10,5,Excellent,97.36,35,13,Promoted,Active
13494,Nisha Kumar,employee13494@company.com,HR,Operations Analyst,Coimbatore,Part-Time,MCA,2020-07-09,108400,49,2.9,71.49,66,8,5,Excellent,87.81,9,24,Not Promoted,Active
13495,Sneha Gupta,employee13495@company.com,IT,Financial Analyst,Hyderabad,Contract,B.E,2022-06-29,35657,43,5.0,96.28,75,4,4,Good,76.07,26,3,Not Promoted,Inactive
13496,Manoj Singh,employee13496@company.com,Finance,Sales Executive,Chennai,Full-Time,B.Tech,2023-01-19,43394,52,12.3,88.0,46,10,3,Average,59.72,14,5,Promoted,Active
13497,Nisha Patel,employee13497@company.com,Marketing,Senior Software Engineer,Coimbatore,Part-Time,B.E,2025-11-12,97433,31,6.4,73.22,85,5,5,Excellent,63.34,18,14,Not Promoted,Active
13498,Rohan Pillai,employee13498@company.com,Customer Support,Support Associate,Mumbai,Full-Time,B.E,2022-05-10,63397,22,11.1,92.99,15,6,5,Excellent,108.59,10,12,Promoted,Active
13499,Pooja Patel,employee13499@company.com,Marketing,Software Engineer,Chennai,Contract,B.Tech,2021-01-07,144445,52,4.1,92.67,70,10,3,Average,67.29,31,12,Promoted,Active
13500,Arun Rao,employee13500@company.com,Sales,Senior Software Engineer,Pune,Full-Time,MCA,2019-11-11,48874,25,8.4,78.68,17,1,4,Good,85.05,19,17,Not Promoted,Active
13501,Kavya Patel,employee13501@company.com,Marketing,HR Executive,Hyderabad,Full-Time,M.Sc,2021-06-05,54873,51,9.5,75.65,44,3,3,Average,77.48,14,16,Not Promoted,Active
13502,Manoj Patel,employee13502@company.com,HR,Operations Analyst,Coimbatore,Full-Time,B.Com,2019-03-14,109655,33,7.7,94.42,22,5,4,Good,46.5,3,27,Not Promoted,Active
13503,Nisha Mishra,employee13503@company.com,Finance,Marketing Executive,Chennai,Full-Time,MBA,2020-08-03,143887,42,4.0,79.89,25,3,5,Excellent,106.4,16,0,Promoted,Active
13504,Rohan Pillai,employee13504@company.com,Sales,Operations Analyst,Bangalore,Full-Time,MBA,2021-07-07,48670,55,8.6,95.42,65,4,1,Needs Improvement,50.72,0,3,Not Promoted,Active
13505,Priya Patel,employee13505@company.com,Finance,Sales Executive,Pune,Full-Time,MBA,2025-09-24,35951,39,12.6,71.31,1,2,5,Excellent,87.82,18,10,Not Promoted,Active
13506,Ravi Singh,employee13506@company.com,Finance,Financial Analyst,Bangalore,Full-Time,B.Tech,2025-06-16,89069,49,17.4,84.98,21,1,4,Good,97.72,4,24,Not Promoted,Active
13507,Sneha Patel,employee13507@company.com,HR,Operations Analyst,Delhi,Contract,B.E,2018-01-10,80352,43,14.3,75.39,37,13,5,Excellent,93.67,17,18,Not Promoted,Active
13508,Meena Kumar,employee13508@company.com,Marketing,HR Executive,Chennai,Full-Time,M.Sc,2018-06-07,40768,39,3.3,90.16,41,15,3,Average,97.6,16,27,Not Promoted,Active
13509,Ravi Mishra,employee13509@company.com,HR,Project Manager,Chennai,Full-Time,M.Sc,2025-12-25,91113,36,5.3,99.92,27,0,4,Good,93.08,40,12,Not Promoted,Active
13510,Arun Nair,employee13510@company.com,Marketing,Operations Analyst,Chennai,Full-Time,B.E,2025-10-02,49463,51,1.9,82.38,62,2,2,Needs Improvement,73.96,3,15,Not Promoted,Active
13511,Dinesh Singh,employee13511@company.com,Sales,Senior Software Engineer,Delhi,Part-Time,M.Com,2021-03-27,103905,36,2.9,73.01,16,9,3,Average,103.26,18,18,Not Promoted,Active
13512,Meena Menon,employee13512@company.com,HR,Support Associate,Mumbai,Full-Time,M.Sc,2024-06-25,55836,46,4.9,79.53,81,15,2,Needs Improvement,104.31,30,30,Not Promoted,Active
13513,Manoj Iyer,employee13513@company.com,HR,Marketing Executive,Pune,Part-Time,B.E,2021-05-10,36688,23,4.0,96.75,58,8,5,Excellent,73.4,2,14,Not Promoted,Active
13514,Ajay Pillai,employee13514@company.com,Customer Support,HR Executive,Pune,Contract,MCA,2018-05-01,42202,43,4.2,92.97,1,0,4,Good,76.51,2,27,Not Promoted,Active
13515,Aakash Kumar,employee13515@company.com,Operations,HR Executive,Coimbatore,Full-Time,B.Com,2023-12-27,32188,29,4.5,76.97,98,7,4,Good,76.57,28,11,Promoted,Inactive
13516,Manoj Rao,employee13516@company.com,IT,Sales Executive,Coimbatore,Full-Time,MBA,2019-11-05,78326,44,5.8,98.61,78,4,5,Excellent,63.13,7,22,Promoted,Active
13517,Manoj Sharma,employee13517@company.com,HR,HR Executive,Coimbatore,Full-Time,M.Sc,2023-07-21,39135,53,2.7,88.67,78,15,2,Needs Improvement,52.47,4,7,Not Promoted,Active
13518,Divya Kumar,employee13518@company.com,Operations,Marketing Executive,Pune,Part-Time,BBA,2021-07-07,59657,34,5.4,75.04,97,11,3,Average,62.03,30,26,Not Promoted,Active
13519,Vijay Das,employee13519@company.com,Engineering,Senior Software Engineer,Mumbai,Full-Time,MCA,2021-12-27,25558,48,12.5,87.17,49,3,2,Needs Improvement,99.87,26,21,Not Promoted,Active
13520,Nisha Sharma,employee13520@company.com,IT,Support Associate,Chennai,Full-Time,MCA,2018-02-13,77085,44,4.6,83.54,14,4,3,Average,80.3,32,0,Not Promoted,Active
13521,Karthik Iyer,employee13521@company.com,Customer Support,Data Analyst,Chennai,Full-Time,M.Sc,2020-03-26,137298,27,3.5,94.59,17,10,3,Average,100.26,17,21,Not Promoted,Active
13522,Swetha Singh,employee13522@company.com,Marketing,Operations Analyst,Delhi,Full-Time,M.Sc,2021-10-10,51195,45,1.7,80.32,76,6,3,Average,93.44,23,7,Not Promoted,Active
13523,Anjali Singh,employee13523@company.com,Engineering,HR Executive,Bangalore,Full-Time,B.Com,2018-04-08,39443,22,9.2,96.25,37,13,3,Average,67.66,25,4,Not Promoted,Active
13524,Meena Joshi,employee13524@company.com,Marketing,Project Manager,Mumbai,Full-Time,MBA,2023-03-10,89286,21,15.2,94.36,7,7,2,Needs Improvement,57.05,30,23,Not Promoted,Active
13525,Manoj Verma,employee13525@company.com,Marketing,Financial Analyst,Hyderabad,Full-Time,M.Sc,2024-04-05,122550,43,1.5,90.24,79,1,3,Average,81.87,13,27,Not Promoted,Active
13526,Suresh Sharma,employee13526@company.com,Operations,Project Manager,Mumbai,Full-Time,B.Tech,2019-04-20,48215,38,10.0,77.76,19,5,2,Needs Improvement,105.83,24,0,Not Promoted,Active
13527,Ajay Reddy,employee13527@company.com,Operations,Senior Software Engineer,Delhi,Contract,B.Com,2025-01-15,30949,28,11.9,99.11,59,13,5,Excellent,99.56,31,11,Promoted,Active
13528,Ravi Pillai,employee13528@company.com,IT,Data Analyst,Bangalore,Part-Time,MCA,2025-02-17,65411,54,10.9,86.46,25,3,4,Good,94.65,38,3,Not Promoted,Active
13529,Karthik Rao,employee13529@company.com,Marketing,Sales Executive,Bangalore,Contract,M.Sc,2021-11-16,74221,28,15.9,97.23,34,13,5,Excellent,94.67,40,14,Not Promoted,Active
13530,Ravi Gupta,employee13530@company.com,Finance,Senior Software Engineer,Coimbatore,Full-Time,B.E,2018-01-09,140877,49,15.7,76.47,80,7,3,Average,79.3,13,27,Promoted,Active
13531,Vijay Joshi,employee13531@company.com,Engineering,Project Manager,Coimbatore,Full-Time,MBA,2022-03-17,93438,33,1.5,99.5,25,12,3,Average,56.02,26,8,Not Promoted,Active
13532,Sneha Joshi,employee13532@company.com,HR,Marketing Executive,Bangalore,Full-Time,M.Com,2021-11-13,87521,21,6.8,94.48,17,11,4,Good,63.56,21,9,Not Promoted,Active
13533,Meena Patel,employee13533@company.com,Operations,Operations Analyst,Chennai,Contract,BBA,2023-02-06,104298,49,12.2,98.48,43,3,3,Average,82.56,37,20,Not Promoted,Active
13534,Aakash Pillai,employee13534@company.com,Operations,Senior Software Engineer,Hyderabad,Contract,B.Com,2021-05-18,45724,21,17.2,76.37,6,11,3,Average,65.56,6,12,Promoted,Active
13535,Karthik Iyer,employee13535@company.com,Operations,Software Engineer,Bangalore,Full-Time,MCA,2019-09-08,101844,25,14.6,82.92,34,2,3,Average,95.8,32,9,Not Promoted,Active
13536,Swetha Sharma,employee13536@company.com,IT,Operations Analyst,Pune,Full-Time,B.Tech,2024-01-09,115795,22,3.6,72.93,11,4,2,Needs Improvement,69.26,40,27,Not Promoted,Active
13537,Ajay Nair,employee13537@company.com,Marketing,Software Engineer,Chennai,Full-Time,MCA,2024-09-23,96431,42,5.4,74.11,43,3,3,Average,52.4,32,9,Not Promoted,Active
13538,Meena Reddy,employee13538@company.com,Finance,HR Executive,Hyderabad,Full-Time,M.Com,2018-01-10,130854,50,13.9,78.52,40,14,3,Average,95.87,23,13,Not Promoted,Active
13539,Divya Mishra,employee13539@company.com,HR,Financial Analyst,Pune,Contract,M.Sc,2019-07-06,47081,31,8.8,98.55,53,11,4,Good,90.38,25,18,Not Promoted,Inactive
13540,Priya Pillai,employee13540@company.com,HR,Senior Software Engineer,Hyderabad,Full-Time,M.Sc,2025-02-16,127214,49,10.1,90.02,0,4,2,Needs Improvement,61.46,30,18,Not Promoted,Active
13541,Ravi Iyer,employee13541@company.com,Marketing,Operations Analyst,Delhi,Part-Time,B.Tech,2020-05-29,69732,23,11.2,79.44,24,8,3,Average,108.77,26,24,Not Promoted,Inactive
13542,Sneha Joshi,employee13542@company.com,Finance,Sales Executive,Hyderabad,Full-Time,MBA,2018-09-25,115182,33,2.3,98.64,79,13,4,Good,71.21,12,0,Not Promoted,Active
13543,Aakash Mishra,employee13543@company.com,IT,Software Engineer,Pune,Full-Time,B.Com,2025-06-07,112904,23,15.5,92.19,14,10,2,Needs Improvement,89.23,30,26,Promoted,Active
13544,Ajay Mishra,employee13544@company.com,Operations,Support Associate,Mumbai,Full-Time,B.Tech,2019-03-27,81867,30,15.6,97.21,74,15,3,Average,104.18,31,21,Not Promoted,Active
13545,Suresh Iyer,employee13545@company.com,Operations,Project Manager,Hyderabad,Full-Time,M.Com,2025-03-26,116374,24,8.7,97.82,100,15,5,Excellent,55.14,22,21,Promoted,Active
13546,Manoj Mishra,employee13546@company.com,Engineering,Operations Analyst,Mumbai,Full-Time,MCA,2024-09-11,81899,34,11.5,92.52,2,2,2,Needs Improvement,102.14,36,25,Not Promoted,Active
13547,Nisha Gupta,employee13547@company.com,Engineering,Financial Analyst,Hyderabad,Full-Time,M.Com,2021-10-23,27155,43,12.0,77.29,44,14,2,Needs Improvement,90.75,39,30,Promoted,Inactive
13548,Anjali Joshi,employee13548@company.com,Engineering,Senior Software Engineer,Delhi,Full-Time,B.E,2020-12-18,54903,37,3.8,99.9,44,13,3,Average,55.89,15,23,Not Promoted,Active
13549,Karthik Sharma,employee13549@company.com,Customer Support,Operations Analyst,Pune,Full-Time,B.Tech,2018-10-21,131260,21,2.5,79.75,50,1,3,Average,88.19,38,29,Not Promoted,Active
13550,Sneha Sharma,employee13550@company.com,Marketing,Senior Software Engineer,Hyderabad,Full-Time,BBA,2025-10-06,54393,35,0.9,90.15,41,1,4,Good,101.85,7,7,Not Promoted,Active
13551,Priya Rao,employee13551@company.com,HR,Marketing Executive,Bangalore,Full-Time,B.Com,2020-08-09,71509,22,16.5,95.34,38,13,4,Good,96.94,17,16,Promoted,Active
13552,Aakash Patel,employee13552@company.com,Operations,Software Engineer,Delhi,Full-Time,B.Com,2020-05-18,132867,38,6.5,75.25,19,8,2,Needs Improvement,94.44,26,22,Not Promoted,Active
13553,Sneha Iyer,employee13553@company.com,Customer Support,Operations Analyst,Bangalore,Full-Time,MCA,2018-04-20,73234,42,2.0,88.27,86,6,4,Good,55.49,8,9,Promoted,Inactive
13554,Aakash Patel,employee13554@company.com,HR,Operations Analyst,Delhi,Full-Time,MCA,2022-04-15,108835,48,8.7,81.26,78,9,4,Good,57.39,27,0,Not Promoted,Active
13555,Suresh Pillai,employee13555@company.com,HR,Financial Analyst,Delhi,Full-Time,M.Sc,2023-11-25,121783,50,1.8,77.33,17,11,2,Needs Improvement,80.6,21,7,Not Promoted,Active
13556,Arun Kumar,employee13556@company.com,Marketing,Financial Analyst,Coimbatore,Full-Time,MCA,2020-10-09,147606,33,2.0,70.35,38,3,4,Good,82.71,10,4,Not Promoted,Active
13557,Ajay Gupta,employee13557@company.com,Sales,Project Manager,Hyderabad,Full-Time,B.E,2024-06-02,55101,23,9.1,96.16,98,5,3,Average,106.34,21,1,Not Promoted,Active
13558,Divya Menon,employee13558@company.com,Engineering,Sales Executive,Pune,Contract,BBA,2025-11-26,39213,23,9.4,74.08,28,9,3,Average,75.46,13,18,Promoted,Active
13559,Divya Joshi,employee13559@company.com,Customer Support,Senior Software Engineer,Coimbatore,Full-Time,M.Com,2023-01-29,29351,46,10.7,96.34,19,15,2,Needs Improvement,64.66,22,26,Promoted,Active
13560,Divya Mishra,employee13560@company.com,Sales,Data Analyst,Pune,Full-Time,MCA,2023-06-12,65236,24,12.0,88.02,41,5,3,Average,57.4,1,29,Not Promoted,Active
13561,Rahul Menon,employee13561@company.com,Sales,Project Manager,Chennai,Full-Time,M.Sc,2020-04-24,38241,36,12.2,88.63,78,2,3,Average,48.52,14,30,Not Promoted,Active
13562,Meena Das,employee13562@company.com,Customer Support,Financial Analyst,Pune,Full-Time,B.Tech,2022-09-04,113987,48,8.1,94.86,95,8,4,Good,49.46,4,24,Promoted,Active
13563,Vijay Reddy,employee13563@company.com,Finance,Data Analyst,Mumbai,Full-Time,MCA,2023-10-28,144952,28,11.8,85.28,11,3,2,Needs Improvement,82.32,28,1,Not Promoted,Active
13564,Dinesh Nair,employee13564@company.com,Engineering,HR Executive,Hyderabad,Full-Time,M.Com,2023-07-01,47179,36,5.8,80.72,55,0,3,Average,56.46,32,19,Not Promoted,Active
13565,Priya Das,employee13565@company.com,Marketing,Data Analyst,Bangalore,Full-Time,B.Tech,2021-06-27,116659,51,8.2,74.16,11,1,3,Average,100.36,29,22,Not Promoted,Active
13566,Rohan Kumar,employee13566@company.com,Customer Support,Software Engineer,Pune,Full-Time,B.Tech,2025-08-09,72665,43,7.4,87.11,88,4,4,Good,83.77,16,23,Not Promoted,Inactive
13567,Meena Sharma,employee13567@company.com,HR,Operations Analyst,Bangalore,Full-Time,B.Tech,2018-12-05,86242,22,6.3,86.6,52,13,4,Good,101.22,0,10,Promoted,Active
13568,Swetha Nair,employee13568@company.com,Customer Support,Financial Analyst,Chennai,Part-Time,M.Com,2023-10-06,29455,29,4.7,78.82,97,13,4,Good,72.79,13,2,Not Promoted,Active
13569,Rohan Das,employee13569@company.com,Operations,Operations Analyst,Hyderabad,Full-Time,MCA,2018-05-27,65459,47,1.9,88.0,7,7,4,Good,83.73,16,25,Not Promoted,Active
13570,Manoj Nair,employee13570@company.com,Customer Support,Project Manager,Pune,Full-Time,M.Com,2020-01-16,85899,42,9.4,83.18,57,6,5,Excellent,79.15,8,25,Not Promoted,Active
13571,Sneha Kumar,employee13571@company.com,Finance,Marketing Executive,Coimbatore,Part-Time,M.Com,2020-11-06,42597,54,9.9,94.17,23,8,3,Average,109.13,34,8,Not Promoted,Active
13572,Karthik Joshi,employee13572@company.com,Engineering,Financial Analyst,Bangalore,Full-Time,MBA,2024-08-12,80591,29,6.4,86.78,60,0,4,Good,96.79,30,7,Not Promoted,Active
13573,Divya Rao,employee13573@company.com,Engineering,Financial Analyst,Coimbatore,Full-Time,M.Sc,2025-07-19,133636,53,17.6,98.01,0,1,4,Good,83.7,11,5,Promoted,Active
13574,Dinesh Verma,employee13574@company.com,Sales,Support Associate,Delhi,Part-Time,M.Com,2021-04-27,71209,54,10.2,85.54,88,14,5,Excellent,84.43,1,13,Promoted,Active
13575,Rohan Singh,employee13575@company.com,IT,Operations Analyst,Coimbatore,Full-Time,B.E,2024-04-14,34052,55,16.1,96.62,97,9,5,Excellent,61.17,14,27,Not Promoted,Active
13576,Divya Singh,employee13576@company.com,Engineering,Financial Analyst,Pune,Full-Time,M.Sc,2024-01-07,132485,46,10.5,85.62,77,3,3,Average,92.76,33,7,Not Promoted,Active
13577,Ravi Kumar,employee13577@company.com,Engineering,Marketing Executive,Chennai,Contract,MBA,2019-12-15,136075,27,3.8,86.74,99,15,3,Average,108.88,36,14,Not Promoted,Active
13578,Kavya Gupta,employee13578@company.com,Finance,Marketing Executive,Coimbatore,Contract,B.Tech,2024-03-14,60691,47,17.6,81.0,69,6,3,Average,53.41,40,26,Not Promoted,Active
13579,Divya Singh,employee13579@company.com,Finance,Software Engineer,Delhi,Full-Time,MCA,2025-06-10,42816,32,16.0,82.01,44,12,4,Good,86.42,29,25,Promoted,Active
13580,Nisha Sharma,employee13580@company.com,Marketing,Senior Software Engineer,Bangalore,Full-Time,B.Com,2025-12-18,90876,37,8.7,97.99,8,14,3,Average,78.66,13,23,Not Promoted,Active
13581,Nisha Gupta,employee13581@company.com,Operations,Financial Analyst,Bangalore,Full-Time,MCA,2022-05-30,81533,41,4.8,76.7,0,12,3,Average,100.28,3,2,Not Promoted,Active
13582,Dinesh Iyer,employee13582@company.com,Finance,Marketing Executive,Hyderabad,Full-Time,MBA,2021-11-19,133873,42,4.4,73.64,72,0,4,Good,45.0,7,22,Not Promoted,Active
13583,Arun Joshi,employee13583@company.com,Customer Support,Marketing Executive,Coimbatore,Full-Time,M.Sc,2022-11-22,39206,46,14.6,94.91,23,4,3,Average,53.88,22,7,Not Promoted,Active
13584,Karthik Mishra,employee13584@company.com,Operations,Software Engineer,Coimbatore,Full-Time,MBA,2018-10-31,56518,33,1.7,87.31,59,1,4,Good,47.41,6,27,Not Promoted,Active
13585,Priya Singh,employee13585@company.com,Marketing,Support Associate,Hyderabad,Part-Time,M.Sc,2022-05-01,26198,43,11.7,78.54,81,13,3,Average,55.59,16,21,Promoted,Active
13586,Arun Pillai,employee13586@company.com,Customer Support,Senior Software Engineer,Bangalore,Full-Time,M.Sc,2024-09-16,149347,50,11.7,82.97,47,14,3,Average,91.02,21,15,Not Promoted,Active
13587,Divya Pillai,employee13587@company.com,Engineering,Sales Executive,Delhi,Part-Time,B.Tech,2023-02-21,62064,37,3.7,85.75,38,1,3,Average,54.08,37,5,Promoted,Inactive
13588,Sneha Sharma,employee13588@company.com,IT,Financial Analyst,Coimbatore,Full-Time,M.Com,2025-12-17,73744,47,12.8,87.76,17,1,4,Good,85.45,25,6,Not Promoted,Active
13589,Manoj Gupta,employee13589@company.com,HR,Sales Executive,Hyderabad,Full-Time,M.Com,2019-01-15,103566,40,12.8,94.63,91,15,2,Needs Improvement,101.43,7,28,Not Promoted,Active
13590,Sneha Gupta,employee13590@company.com,HR,Sales Executive,Bangalore,Full-Time,MBA,2024-11-04,147874,27,6.6,81.83,51,14,3,Average,47.25,21,12,Not Promoted,Active
13591,Suresh Patel,employee13591@company.com,Sales,Project Manager,Delhi,Full-Time,M.Com,2019-11-25,45577,24,9.0,90.3,1,8,5,Excellent,46.74,39,19,Promoted,Active
13592,Anjali Rao,employee13592@company.com,Engineering,Support Associate,Mumbai,Full-Time,MBA,2022-06-07,73230,51,15.1,95.04,100,10,3,Average,109.34,21,25,Not Promoted,Active
13593,Nisha Singh,employee13593@company.com,Sales,Project Manager,Pune,Part-Time,MCA,2024-01-02,55248,50,9.7,95.31,35,9,4,Good,88.76,39,28,Not Promoted,Active
13594,Rohan Menon,employee13594@company.com,IT,Operations Analyst,Coimbatore,Full-Time,B.Com,2018-02-19,147801,51,11.3,77.63,47,4,4,Good,54.15,4,30,Not Promoted,Inactive
13595,Sneha Das,employee13595@company.com,HR,Data Analyst,Mumbai,Full-Time,MCA,2021-12-18,106046,24,7.7,80.51,87,15,3,Average,64.93,8,30,Promoted,Active
13596,Manoj Sharma,employee13596@company.com,Sales,Software Engineer,Mumbai,Full-Time,B.Com,2024-07-18,132787,38,3.1,87.85,34,14,4,Good,109.03,19,25,Not Promoted,Active
13597,Ravi Menon,employee13597@company.com,Engineering,Marketing Executive,Pune,Full-Time,B.Tech,2022-10-22,29934,40,18.0,96.57,69,7,3,Average,59.77,21,8,Not Promoted,Active
13598,Suresh Reddy,employee13598@company.com,Operations,Marketing Executive,Bangalore,Full-Time,BBA,2023-02-23,49927,43,9.8,93.71,80,12,4,Good,93.93,33,18,Not Promoted,Active
13599,Anjali Joshi,employee13599@company.com,Finance,Senior Software Engineer,Bangalore,Part-Time,B.E,2025-09-10,146298,29,6.4,87.52,93,9,3,Average,60.68,34,6,Not Promoted,Active
13600,Priya Rao,employee13600@company.com,Marketing,Support Associate,Hyderabad,Full-Time,B.E,2020-04-27,50877,36,13.0,99.51,71,15,4,Good,70.9,35,15,Not Promoted,Active
13601,Sneha Rao,employee13601@company.com,Customer Support,Marketing Executive,Chennai,Full-Time,BBA,2021-04-10,102367,41,11.4,83.17,41,5,2,Needs Improvement,102.25,18,24,Promoted,Active
13602,Sneha Mishra,employee13602@company.com,Sales,Project Manager,Bangalore,Contract,MCA,2022-02-21,44471,29,4.6,95.27,73,10,4,Good,46.85,27,23,Promoted,Active
13603,Suresh Reddy,employee13603@company.com,IT,Data Analyst,Pune,Full-Time,M.Com,2021-10-14,63841,45,15.8,94.55,79,0,3,Average,64.97,6,6,Not Promoted,Inactive
13604,Ajay Mishra,employee13604@company.com,Customer Support,Project Manager,Chennai,Full-Time,B.E,2024-02-15,107375,34,1.7,97.24,37,9,3,Average,76.67,40,14,Not Promoted,Active
13605,Swetha Verma,employee13605@company.com,HR,Sales Executive,Pune,Full-Time,B.Com,2022-04-02,30853,37,11.1,99.63,25,8,3,Average,85.66,37,28,Not Promoted,Active
13606,Dinesh Patel,employee13606@company.com,Engineering,Operations Analyst,Pune,Full-Time,B.Tech,2024-09-23,61018,48,8.9,84.87,30,14,3,Average,46.84,2,4,Not Promoted,Active
13607,Rohan Rao,employee13607@company.com,IT,Marketing Executive,Pune,Full-Time,B.Com,2018-08-15,83501,28,6.1,75.87,51,6,4,Good,71.69,31,1,Not Promoted,Active
13608,Aakash Gupta,employee13608@company.com,Marketing,Sales Executive,Coimbatore,Full-Time,M.Sc,2022-12-13,25257,34,15.0,83.83,59,10,3,Average,67.38,30,28,Not Promoted,Active
13609,Ajay Kumar,employee13609@company.com,Marketing,Marketing Executive,Coimbatore,Full-Time,MBA,2018-08-01,117221,35,12.0,95.62,7,1,5,Excellent,46.75,24,1,Not Promoted,Active
13610,Ajay Sharma,employee13610@company.com,IT,Financial Analyst,Chennai,Full-Time,M.Com,2019-02-23,140169,45,13.8,95.08,60,13,5,Excellent,68.1,32,19,Not Promoted,Active
13611,Pooja Nair,employee13611@company.com,Sales,HR Executive,Mumbai,Full-Time,M.Com,2023-02-19,120708,31,7.8,80.08,34,7,4,Good,105.56,4,4,Promoted,Active
13612,Arun Reddy,employee13612@company.com,Sales,Software Engineer,Coimbatore,Full-Time,B.E,2020-07-07,54671,49,17.0,71.42,33,1,2,Needs Improvement,62.85,28,11,Not Promoted,Active
13613,Suresh Iyer,employee13613@company.com,HR,Software Engineer,Delhi,Part-Time,BBA,2020-02-16,29730,23,6.5,85.3,9,1,3,Average,83.06,30,3,Not Promoted,Active
13614,Sneha Pillai,employee13614@company.com,Operations,Marketing Executive,Pune,Part-Time,MBA,2022-04-03,36305,42,9.8,84.22,39,3,4,Good,64.38,25,29,Not Promoted,Active
13615,Nisha Kumar,employee13615@company.com,HR,Data Analyst,Coimbatore,Full-Time,B.E,2024-03-18,75548,40,16.8,72.57,51,7,3,Average,51.93,20,26,Not Promoted,Active
13616,Ajay Nair,employee13616@company.com,Finance,Support Associate,Hyderabad,Full-Time,M.Sc,2018-06-25,57116,39,2.0,93.85,11,6,2,Needs Improvement,63.83,33,29,Not Promoted,Active
13617,Divya Iyer,employee13617@company.com,Operations,Senior Software Engineer,Bangalore,Full-Time,B.E,2025-03-16,128722,33,2.4,78.51,26,1,4,Good,75.6,36,17,Not Promoted,Active
13618,Ajay Patel,employee13618@company.com,Engineering,Data Analyst,Delhi,Full-Time,B.E,2021-09-07,128475,47,17.9,89.37,18,9,4,Good,64.25,0,19,Not Promoted,Active
13619,Pooja Rao,employee13619@company.com,Customer Support,Support Associate,Bangalore,Contract,MBA,2019-06-19,145761,39,17.5,73.04,56,5,4,Good,85.57,3,10,Promoted,Active
13620,Manoj Singh,employee13620@company.com,Engineering,Data Analyst,Bangalore,Full-Time,B.E,2025-08-04,113979,36,14.0,95.82,89,10,3,Average,106.69,21,28,Not Promoted,Active
13621,Suresh Reddy,employee13621@company.com,Finance,Financial Analyst,Chennai,Full-Time,M.Sc,2021-11-18,47839,22,9.0,92.18,53,10,4,Good,49.5,15,20,Not Promoted,Active
13622,Aakash Joshi,employee13622@company.com,HR,Data Analyst,Hyderabad,Full-Time,M.Com,2023-01-04,35818,21,9.4,81.65,14,3,3,Average,91.61,31,19,Not Promoted,Active
13623,Arun Reddy,employee13623@company.com,Operations,Senior Software Engineer,Hyderabad,Full-Time,BBA,2022-07-22,31202,23,5.0,88.88,94,9,3,Average,45.08,33,5,Not Promoted,Active
13624,Kavya Gupta,employee13624@company.com,Operations,Software Engineer,Delhi,Full-Time,B.E,2018-11-20,137943,44,8.1,75.62,36,12,5,Excellent,45.07,20,12,Not Promoted,Active
13625,Swetha Gupta,employee13625@company.com,Finance,Data Analyst,Hyderabad,Full-Time,MBA,2018-03-26,63946,22,8.0,99.56,60,0,3,Average,53.64,26,25,Not Promoted,Active
13626,Rohan Joshi,employee13626@company.com,Engineering,Project Manager,Hyderabad,Full-Time,MBA,2020-06-05,42031,36,1.1,93.88,17,7,3,Average,76.2,36,22,Not Promoted,Active
13627,Anjali Gupta,employee13627@company.com,IT,Support Associate,Hyderabad,Full-Time,BBA,2018-04-22,38298,49,8.4,93.67,92,7,1,Needs Improvement,48.12,2,4,Not Promoted,Active
13628,Aakash Nair,employee13628@company.com,Sales,Operations Analyst,Delhi,Full-Time,BBA,2025-04-29,124915,24,8.9,74.6,43,5,5,Excellent,91.94,33,24,Not Promoted,Active
13629,Manoj Mishra,employee13629@company.com,Operations,Support Associate,Mumbai,Full-Time,B.Com,2020-08-06,119700,34,12.2,70.53,90,15,4,Good,46.9,6,28,Not Promoted,Active
13630,Pooja Iyer,employee13630@company.com,Customer Support,Software Engineer,Hyderabad,Full-Time,B.E,2025-08-29,119698,37,9.5,87.56,83,15,4,Good,77.2,28,3,Not Promoted,Inactive
13631,Manoj Sharma,employee13631@company.com,Customer Support,Data Analyst,Coimbatore,Full-Time,MBA,2021-11-22,90311,37,15.6,74.32,20,9,4,Good,88.95,2,26,Not Promoted,Active
13632,Ravi Mishra,employee13632@company.com,Operations,Project Manager,Hyderabad,Full-Time,MCA,2018-02-21,84612,40,6.9,93.41,28,13,2,Needs Improvement,60.44,37,9,Not Promoted,Active
13633,Nisha Nair,employee13633@company.com,Finance,Data Analyst,Chennai,Contract,B.E,2023-11-02,143572,49,7.7,82.48,14,6,3,Average,82.65,40,1,Not Promoted,Active
13634,Vijay Reddy,employee13634@company.com,Operations,Data Analyst,Chennai,Full-Time,B.Tech,2025-07-22,137212,46,10.5,80.16,85,11,3,Average,62.02,1,26,Not Promoted,Active
13635,Karthik Gupta,employee13635@company.com,Engineering,Marketing Executive,Coimbatore,Full-Time,BBA,2025-08-10,55842,37,4.0,72.21,86,12,2,Needs Improvement,58.92,11,25,Not Promoted,Active
13636,Arun Gupta,employee13636@company.com,Finance,Financial Analyst,Hyderabad,Full-Time,M.Com,2020-01-11,85098,32,7.4,99.88,67,2,3,Average,98.2,14,7,Not Promoted,Active
13637,Vijay Singh,employee13637@company.com,IT,Senior Software Engineer,Mumbai,Full-Time,M.Com,2025-11-16,120333,48,12.5,98.68,87,8,5,Excellent,66.64,15,29,Not Promoted,Active
13638,Anjali Gupta,employee13638@company.com,Customer Support,Financial Analyst,Hyderabad,Contract,MCA,2019-03-01,121026,29,7.7,73.95,63,3,2,Needs Improvement,97.91,2,19,Not Promoted,Active
13639,Karthik Pillai,employee13639@company.com,Operations,Operations Analyst,Coimbatore,Full-Time,B.E,2020-11-10,46366,52,16.4,79.98,13,10,3,Average,59.1,26,19,Not Promoted,Active
13640,Karthik Das,employee13640@company.com,Marketing,Software Engineer,Hyderabad,Full-Time,M.Sc,2022-09-08,126890,54,11.3,81.72,36,14,3,Average,68.13,22,2,Not Promoted,Active
13641,Anjali Verma,employee13641@company.com,HR,Data Analyst,Hyderabad,Contract,M.Com,2018-02-25,118496,36,3.2,78.9,53,1,3,Average,51.67,32,27,Not Promoted,Active
13642,Nisha Das,employee13642@company.com,Customer Support,HR Executive,Pune,Full-Time,BBA,2025-10-30,49057,51,9.0,98.03,58,3,5,Excellent,77.27,26,8,Not Promoted,Active
13643,Meena Joshi,employee13643@company.com,IT,Financial Analyst,Mumbai,Full-Time,M.Com,2020-03-17,31080,47,13.9,91.64,58,1,3,Average,69.8,23,19,Not Promoted,Active
13644,Rohan Gupta,employee13644@company.com,Marketing,Sales Executive,Bangalore,Full-Time,M.Sc,2019-10-17,103317,49,11.8,98.68,84,15,3,Average,45.39,37,1,Not Promoted,Active
13645,Swetha Iyer,employee13645@company.com,Customer Support,HR Executive,Coimbatore,Full-Time,B.Tech,2020-10-03,140446,21,16.0,96.24,54,11,4,Good,75.22,26,26,Not Promoted,Active
13646,Rahul Joshi,employee13646@company.com,IT,Financial Analyst,Hyderabad,Full-Time,M.Com,2020-06-26,137275,47,13.6,92.64,42,3,2,Needs Improvement,49.84,30,29,Promoted,Active
13647,Nisha Nair,employee13647@company.com,Sales,Sales Executive,Coimbatore,Full-Time,M.Com,2018-01-08,56942,52,1.6,90.91,51,15,3,Average,99.4,14,16,Not Promoted,Active
13648,Meena Kumar,employee13648@company.com,IT,Software Engineer,Bangalore,Part-Time,MBA,2023-12-12,42016,31,2.5,95.98,38,1,3,Average,77.09,34,27,Not Promoted,Active
13649,Rahul Pillai,employee13649@company.com,IT,Data Analyst,Mumbai,Part-Time,M.Com,2022-11-17,49232,55,11.9,90.52,76,15,4,Good,89.85,35,0,Not Promoted,Active
13650,Kavya Das,employee13650@company.com,Sales,Project Manager,Coimbatore,Full-Time,B.E,2021-01-29,85928,22,4.7,75.66,18,11,5,Excellent,98.37,23,23,Not Promoted,Active
13651,Rahul Iyer,employee13651@company.com,Operations,Project Manager,Hyderabad,Full-Time,M.Com,2020-09-16,25329,21,10.8,89.44,55,14,4,Good,48.33,16,28,Not Promoted,Active
13652,Karthik Das,employee13652@company.com,HR,Financial Analyst,Bangalore,Full-Time,B.E,2025-11-22,85363,26,14.4,85.45,89,13,3,Average,66.92,33,28,Not Promoted,Active
13653,Swetha Verma,employee13653@company.com,Engineering,Data Analyst,Coimbatore,Full-Time,M.Com,2025-09-14,55595,27,10.6,99.46,35,10,4,Good,46.63,0,16,Not Promoted,Active
13654,Dinesh Nair,employee13654@company.com,Marketing,Financial Analyst,Delhi,Full-Time,B.E,2021-01-08,30446,22,7.8,85.3,51,14,3,Average,48.23,19,4,Promoted,Active
13655,Ajay Nair,employee13655@company.com,Customer Support,Software Engineer,Bangalore,Part-Time,M.Com,2023-09-10,147889,22,11.8,71.15,43,7,1,Needs Improvement,47.46,5,12,Not Promoted,Active
13656,Ajay Verma,employee13656@company.com,Engineering,Sales Executive,Mumbai,Full-Time,BBA,2019-01-13,102781,25,3.0,77.93,45,5,3,Average,76.06,4,28,Not Promoted,Active
13657,Aakash Pillai,employee13657@company.com,Finance,Data Analyst,Hyderabad,Full-Time,MCA,2024-07-05,133670,33,13.2,97.52,96,13,3,Average,74.29,28,7,Not Promoted,Active
13658,Rohan Menon,employee13658@company.com,HR,HR Executive,Pune,Full-Time,BBA,2023-05-04,140672,39,12.7,98.87,39,7,4,Good,48.98,5,29,Not Promoted,Inactive
13659,Rohan Singh,employee13659@company.com,Engineering,Sales Executive,Mumbai,Full-Time,B.E,2021-08-15,91204,39,9.5,91.85,79,10,4,Good,62.05,32,6,Not Promoted,Active
13660,Ajay Verma,employee13660@company.com,Customer Support,HR Executive,Pune,Full-Time,M.Com,2018-10-09,71094,21,5.4,71.71,52,15,5,Excellent,60.89,37,22,Not Promoted,Active
13661,Divya Rao,employee13661@company.com,IT,HR Executive,Hyderabad,Full-Time,M.Sc,2020-11-01,123066,55,14.5,70.71,56,0,4,Good,64.28,28,13,Not Promoted,Active
13662,Divya Verma,employee13662@company.com,Engineering,Software Engineer,Bangalore,Full-Time,B.Tech,2019-10-01,39822,38,9.4,84.39,18,8,4,Good,86.65,9,7,Not Promoted,Active
13663,Sneha Gupta,employee13663@company.com,Finance,Senior Software Engineer,Delhi,Full-Time,MBA,2025-12-29,41825,52,1.5,99.99,100,15,2,Needs Improvement,90.31,31,10,Not Promoted,Active
13664,Pooja Pillai,employee13664@company.com,Sales,Senior Software Engineer,Delhi,Full-Time,BBA,2025-07-09,77077,52,16.6,96.08,77,11,1,Needs Improvement,67.04,24,2,Not Promoted,Active
13665,Swetha Joshi,employee13665@company.com,Engineering,Data Analyst,Coimbatore,Full-Time,MBA,2018-03-10,29020,28,13.9,97.99,43,10,4,Good,96.23,27,4,Not Promoted,Active
13666,Vijay Patel,employee13666@company.com,HR,Operations Analyst,Mumbai,Contract,MBA,2025-11-28,47061,31,10.7,88.71,93,13,3,Average,72.16,28,17,Not Promoted,Active
13667,Dinesh Pillai,employee13667@company.com,Operations,Support Associate,Mumbai,Full-Time,M.Sc,2023-01-13,49849,40,8.1,95.77,94,1,4,Good,78.96,34,4,Not Promoted,Active
13668,Dinesh Das,employee13668@company.com,Marketing,Senior Software Engineer,Mumbai,Full-Time,MBA,2023-09-02,78865,28,17.3,79.59,19,7,3,Average,54.46,31,12,Not Promoted,Active
13669,Kavya Iyer,employee13669@company.com,HR,Data Analyst,Chennai,Full-Time,BBA,2018-12-03,50602,48,14.1,70.82,43,15,1,Needs Improvement,60.14,35,4,Not Promoted,Active
13670,Ravi Patel,employee13670@company.com,HR,HR Executive,Delhi,Full-Time,M.Sc,2024-10-10,142061,41,9.9,97.55,42,3,3,Average,92.29,6,1,Not Promoted,Active
13671,Rahul Pillai,employee13671@company.com,Operations,Project Manager,Delhi,Contract,B.Tech,2025-12-02,119460,26,11.9,76.55,6,13,3,Average,108.51,9,25,Not Promoted,Active
13672,Aakash Kumar,employee13672@company.com,Finance,Senior Software Engineer,Hyderabad,Full-Time,MCA,2024-03-06,116669,22,5.4,91.85,41,15,2,Needs Improvement,90.8,33,29,Not Promoted,Active
13673,Pooja Sharma,employee13673@company.com,Sales,Software Engineer,Chennai,Contract,MCA,2018-08-03,60894,30,3.9,89.77,61,14,4,Good,48.52,32,12,Not Promoted,Active
13674,Ajay Verma,employee13674@company.com,Operations,Data Analyst,Mumbai,Full-Time,B.Tech,2019-09-27,60701,29,5.3,74.74,100,1,2,Needs Improvement,54.29,25,27,Not Promoted,Active
13675,Kavya Das,employee13675@company.com,Customer Support,Support Associate,Mumbai,Full-Time,BBA,2019-02-27,148327,23,5.6,75.87,1,12,4,Good,73.98,12,5,Not Promoted,Active
13676,Arun Verma,employee13676@company.com,Sales,Financial Analyst,Pune,Full-Time,M.Com,2023-10-22,44752,22,13.4,79.87,85,0,3,Average,92.62,29,16,Promoted,Active
13677,Priya Joshi,employee13677@company.com,Operations,Operations Analyst,Coimbatore,Full-Time,B.Tech,2025-11-10,53269,28,3.0,92.71,76,11,3,Average,55.79,31,7,Not Promoted,Active
13678,Rahul Mishra,employee13678@company.com,HR,HR Executive,Chennai,Full-Time,MBA,2020-02-25,113436,29,14.1,71.18,45,3,3,Average,93.8,32,26,Not Promoted,Active
13679,Arun Gupta,employee13679@company.com,Sales,HR Executive,Coimbatore,Part-Time,M.Sc,2020-07-26,127110,46,9.7,82.21,37,9,4,Good,81.13,5,16,Promoted,Active
13680,Ajay Mishra,employee13680@company.com,Finance,Financial Analyst,Bangalore,Full-Time,BBA,2022-11-07,54140,54,7.2,89.95,94,14,3,Average,95.35,35,18,Not Promoted,Active
13681,Sneha Joshi,employee13681@company.com,Finance,Senior Software Engineer,Coimbatore,Full-Time,BBA,2022-08-17,138399,50,5.8,75.14,0,0,4,Good,81.25,1,14,Promoted,Active
13682,Arun Kumar,employee13682@company.com,Marketing,Project Manager,Delhi,Full-Time,MCA,2021-07-21,46639,28,9.5,73.58,46,7,2,Needs Improvement,84.16,6,29,Not Promoted,Active
13683,Anjali Sharma,employee13683@company.com,Sales,Financial Analyst,Hyderabad,Full-Time,B.Com,2021-06-10,89320,23,6.1,81.71,12,1,4,Good,61.17,29,0,Not Promoted,Active
13684,Pooja Rao,employee13684@company.com,Marketing,Project Manager,Bangalore,Full-Time,M.Com,2024-05-25,33066,31,8.0,78.6,59,7,3,Average,91.81,25,29,Not Promoted,Active
13685,Nisha Nair,employee13685@company.com,Customer Support,HR Executive,Bangalore,Full-Time,B.E,2025-02-15,102045,45,13.4,89.47,80,9,4,Good,99.86,24,17,Promoted,Active
13686,Ajay Verma,employee13686@company.com,Operations,Support Associate,Hyderabad,Full-Time,MCA,2019-03-15,33261,25,11.5,99.09,63,0,4,Good,101.63,32,6,Not Promoted,Active
13687,Manoj Kumar,employee13687@company.com,IT,Senior Software Engineer,Mumbai,Full-Time,MBA,2021-08-30,103304,32,13.6,70.13,67,6,5,Excellent,46.91,5,6,Not Promoted,Active
13688,Aakash Verma,employee13688@company.com,Customer Support,Data Analyst,Delhi,Full-Time,M.Sc,2022-03-14,117689,50,13.0,97.07,54,6,3,Average,85.6,7,28,Promoted,Inactive
13689,Dinesh Verma,employee13689@company.com,Finance,HR Executive,Pune,Full-Time,MCA,2021-11-18,29585,47,14.8,83.0,30,4,2,Needs Improvement,109.32,8,15,Not Promoted,Active
13690,Dinesh Mishra,employee13690@company.com,HR,Financial Analyst,Mumbai,Full-Time,M.Sc,2023-09-07,78750,25,4.0,89.92,96,2,1,Needs Improvement,83.15,10,10,Promoted,Active
13691,Sneha Iyer,employee13691@company.com,Engineering,Project Manager,Coimbatore,Contract,MBA,2018-09-27,52632,40,17.9,95.53,13,5,4,Good,56.13,23,4,Promoted,Active
13692,Rahul Joshi,employee13692@company.com,Finance,Project Manager,Mumbai,Part-Time,MBA,2022-01-30,63585,41,8.8,87.2,84,10,4,Good,102.04,5,20,Promoted,Active
13693,Rohan Sharma,employee13693@company.com,IT,HR Executive,Chennai,Full-Time,MCA,2023-04-30,25116,23,13.1,72.92,85,15,4,Good,62.18,39,13,Promoted,Active
13694,Pooja Pillai,employee13694@company.com,HR,HR Executive,Bangalore,Full-Time,MCA,2023-10-23,40616,24,12.4,74.22,4,4,3,Average,47.93,15,22,Not Promoted,Active
13695,Swetha Mishra,employee13695@company.com,Sales,Support Associate,Bangalore,Full-Time,MCA,2022-08-08,108733,44,10.4,93.68,53,8,3,Average,72.98,16,25,Not Promoted,Active
13696,Dinesh Rao,employee13696@company.com,Engineering,Support Associate,Delhi,Full-Time,B.Tech,2019-11-05,138246,27,17.9,76.87,52,3,1,Needs Improvement,51.52,23,26,Not Promoted,Active
13697,Dinesh Menon,employee13697@company.com,Sales,Marketing Executive,Coimbatore,Part-Time,MCA,2024-04-12,54590,44,4.3,87.07,36,8,5,Excellent,52.49,6,30,Not Promoted,Active
13698,Suresh Verma,employee13698@company.com,Customer Support,Financial Analyst,Bangalore,Full-Time,M.Sc,2019-02-14,140591,31,7.9,82.84,95,13,4,Good,75.11,39,27,Not Promoted,Active
13699,Karthik Gupta,employee13699@company.com,Engineering,Software Engineer,Pune,Part-Time,B.E,2024-12-20,90436,22,2.7,79.11,56,9,5,Excellent,84.82,39,9,Not Promoted,Active
13700,Dinesh Patel,employee13700@company.com,Finance,Financial Analyst,Pune,Full-Time,M.Com,2021-12-12,119635,26,3.7,93.61,2,5,3,Average,103.85,26,4,Promoted,Active
13701,Nisha Sharma,employee13701@company.com,HR,Support Associate,Coimbatore,Full-Time,MBA,2024-03-08,122394,27,13.0,91.94,76,15,4,Good,90.84,9,29,Not Promoted,Active
13702,Kavya Menon,employee13702@company.com,Operations,Marketing Executive,Pune,Full-Time,BBA,2020-03-02,33685,38,0.6,89.38,10,8,4,Good,99.77,8,23,Not Promoted,Active
13703,Vijay Rao,employee13703@company.com,Engineering,Senior Software Engineer,Hyderabad,Full-Time,MCA,2021-05-31,145893,29,16.1,81.18,41,2,3,Average,71.77,9,18,Not Promoted,Active
13704,Rahul Das,employee13704@company.com,HR,HR Executive,Coimbatore,Full-Time,B.E,2018-12-26,94394,48,11.6,76.79,54,11,4,Good,65.71,29,17,Not Promoted,Active
13705,Vijay Joshi,employee13705@company.com,Marketing,Operations Analyst,Delhi,Full-Time,B.Com,2019-08-05,39138,39,8.2,85.48,37,13,5,Excellent,83.53,8,25,Not Promoted,Active
13706,Nisha Sharma,employee13706@company.com,IT,Financial Analyst,Pune,Full-Time,M.Sc,2020-11-09,121752,24,6.3,94.51,23,12,5,Excellent,90.21,25,3,Not Promoted,Active
13707,Anjali Sharma,employee13707@company.com,Customer Support,Financial Analyst,Chennai,Full-Time,MCA,2019-02-27,44067,24,2.7,87.27,8,0,4,Good,81.94,33,30,Not Promoted,Active
13708,Manoj Reddy,employee13708@company.com,Sales,Sales Executive,Chennai,Full-Time,B.Tech,2018-05-01,78327,33,16.6,99.1,12,11,3,Average,62.19,34,22,Not Promoted,Active
13709,Rohan Menon,employee13709@company.com,Finance,Support Associate,Mumbai,Full-Time,MBA,2024-01-30,127034,48,13.0,70.46,85,5,3,Average,69.03,26,8,Not Promoted,Active
13710,Suresh Menon,employee13710@company.com,HR,Operations Analyst,Mumbai,Full-Time,B.E,2018-02-03,64396,31,6.4,99.95,17,15,5,Excellent,74.14,19,18,Promoted,Active
13711,Rahul Mishra,employee13711@company.com,Sales,Data Analyst,Delhi,Contract,M.Sc,2018-03-12,144829,22,1.7,90.74,9,3,1,Needs Improvement,45.92,23,10,Not Promoted,Active
13712,Anjali Gupta,employee13712@company.com,Finance,Sales Executive,Coimbatore,Part-Time,MCA,2019-06-29,136186,26,6.2,94.98,11,10,4,Good,102.19,26,2,Not Promoted,Active
13713,Karthik Nair,employee13713@company.com,Engineering,Software Engineer,Mumbai,Full-Time,BBA,2025-09-22,63211,32,3.7,80.05,93,9,4,Good,78.24,40,10,Not Promoted,Active
13714,Dinesh Sharma,employee13714@company.com,Sales,Financial Analyst,Mumbai,Full-Time,B.E,2025-10-02,124844,44,14.3,85.25,46,14,4,Good,93.82,18,6,Promoted,Active
13715,Priya Sharma,employee13715@company.com,Finance,Marketing Executive,Chennai,Full-Time,MBA,2020-08-25,121516,29,13.1,93.91,82,3,5,Excellent,56.17,17,16,Promoted,Active
13716,Swetha Singh,employee13716@company.com,Sales,Marketing Executive,Mumbai,Full-Time,B.E,2019-06-19,98624,46,9.2,92.82,82,3,3,Average,81.18,40,22,Not Promoted,Active
13717,Dinesh Nair,employee13717@company.com,Operations,Data Analyst,Chennai,Full-Time,B.E,2018-01-14,65727,24,16.0,80.02,9,0,3,Average,105.2,11,17,Not Promoted,Active
13718,Anjali Kumar,employee13718@company.com,Marketing,Project Manager,Pune,Full-Time,M.Sc,2021-08-22,39464,24,3.7,79.73,0,4,2,Needs Improvement,58.93,39,25,Promoted,Active
13719,Swetha Iyer,employee13719@company.com,IT,Sales Executive,Pune,Full-Time,MCA,2018-09-28,74777,54,8.4,89.88,56,8,3,Average,67.48,17,14,Promoted,Active
13720,Ajay Patel,employee13720@company.com,Sales,Sales Executive,Delhi,Full-Time,MCA,2022-12-02,135875,42,12.9,98.01,70,2,3,Average,70.24,7,29,Not Promoted,Active
13721,Pooja Pillai,employee13721@company.com,IT,Marketing Executive,Hyderabad,Full-Time,M.Sc,2022-02-26,40406,33,1.7,83.16,10,11,3,Average,69.91,35,16,Not Promoted,Active
13722,Pooja Pillai,employee13722@company.com,Sales,Marketing Executive,Mumbai,Full-Time,BBA,2022-05-03,145660,35,7.0,80.59,52,1,4,Good,84.04,37,25,Not Promoted,Active
13723,Anjali Gupta,employee13723@company.com,Customer Support,HR Executive,Pune,Full-Time,M.Com,2019-04-08,104035,22,10.5,96.84,3,11,5,Excellent,70.6,15,24,Not Promoted,Active
13724,Priya Pillai,employee13724@company.com,HR,Marketing Executive,Pune,Full-Time,B.Tech,2019-06-07,96698,22,6.9,90.49,99,1,3,Average,88.81,12,16,Promoted,Active
13725,Kavya Rao,employee13725@company.com,Marketing,Support Associate,Coimbatore,Full-Time,M.Com,2025-09-18,89086,28,8.9,81.65,60,14,3,Average,76.5,25,23,Not Promoted,Active
13726,Pooja Verma,employee13726@company.com,Customer Support,Marketing Executive,Delhi,Full-Time,B.Tech,2020-05-04,31797,38,11.1,71.72,84,9,5,Excellent,55.25,25,9,Promoted,Active
13727,Vijay Joshi,employee13727@company.com,Operations,Sales Executive,Bangalore,Full-Time,B.Tech,2025-10-10,29858,49,6.9,91.64,85,6,2,Needs Improvement,106.66,20,29,Not Promoted,Active
13728,Kavya Kumar,employee13728@company.com,Marketing,HR Executive,Bangalore,Full-Time,M.Com,2023-08-08,91373,31,2.4,80.59,9,13,2,Needs Improvement,60.57,20,14,Not Promoted,Active
13729,Manoj Das,employee13729@company.com,IT,Software Engineer,Delhi,Full-Time,M.Sc,2019-03-19,149895,26,2.9,72.12,86,5,3,Average,81.56,7,22,Promoted,Active
13730,Rohan Gupta,employee13730@company.com,HR,Sales Executive,Chennai,Full-Time,MBA,2024-04-17,92551,29,9.7,88.37,4,14,4,Good,48.95,32,15,Not Promoted,Active
13731,Karthik Verma,employee13731@company.com,Finance,Marketing Executive,Hyderabad,Full-Time,M.Sc,2024-01-17,144844,42,3.6,79.69,60,1,2,Needs Improvement,104.71,5,14,Not Promoted,Active
13732,Ravi Nair,employee13732@company.com,Customer Support,Marketing Executive,Coimbatore,Full-Time,B.E,2023-09-15,147951,45,16.1,80.15,75,15,5,Excellent,105.32,1,25,Not Promoted,Active
13733,Sneha Sharma,employee13733@company.com,Marketing,Marketing Executive,Coimbatore,Full-Time,BBA,2021-05-06,85796,51,15.1,84.38,29,12,3,Average,68.7,7,8,Not Promoted,Active
13734,Karthik Pillai,employee13734@company.com,Operations,HR Executive,Delhi,Contract,B.Com,2024-09-06,90509,41,6.6,91.52,56,0,4,Good,52.86,5,27,Not Promoted,Active
13735,Swetha Mishra,employee13735@company.com,Customer Support,Financial Analyst,Bangalore,Full-Time,M.Com,2021-05-12,73393,39,15.0,78.29,32,6,3,Average,95.05,5,20,Not Promoted,Active
13736,Manoj Gupta,employee13736@company.com,HR,HR Executive,Hyderabad,Full-Time,M.Com,2023-09-23,32234,30,9.8,72.43,36,13,3,Average,62.05,21,18,Not Promoted,Active
13737,Vijay Kumar,employee13737@company.com,HR,Senior Software Engineer,Pune,Part-Time,MBA,2024-06-20,95284,32,3.3,82.73,81,14,4,Good,90.54,24,0,Not Promoted,Active
13738,Swetha Joshi,employee13738@company.com,IT,Support Associate,Delhi,Contract,BBA,2019-02-12,53454,39,11.2,71.65,67,10,4,Good,104.48,30,1,Not Promoted,Active
13739,Sneha Gupta,employee13739@company.com,Operations,Operations Analyst,Chennai,Full-Time,B.E,2020-06-13,90599,22,12.4,90.92,90,5,4,Good,83.37,34,5,Promoted,Active
13740,Meena Iyer,employee13740@company.com,HR,Support Associate,Hyderabad,Full-Time,MCA,2024-03-03,65989,35,2.0,98.78,22,4,4,Good,100.98,4,23,Promoted,Active
13741,Sneha Kumar,employee13741@company.com,Engineering,Marketing Executive,Bangalore,Full-Time,M.Sc,2021-06-18,53547,28,6.0,89.76,69,15,5,Excellent,59.6,21,8,Promoted,Active
13742,Ravi Pillai,employee13742@company.com,HR,Operations Analyst,Pune,Full-Time,M.Com,2023-09-20,78804,55,0.6,78.26,6,4,4,Good,104.18,24,23,Not Promoted,Active
13743,Rahul Menon,employee13743@company.com,Finance,Software Engineer,Delhi,Full-Time,B.Com,2025-03-20,80941,50,6.0,75.45,18,9,4,Good,59.73,17,17,Not Promoted,Inactive
13744,Meena Das,employee13744@company.com,IT,Project Manager,Coimbatore,Part-Time,B.E,2023-07-04,48567,29,6.4,76.98,14,12,2,Needs Improvement,59.68,8,0,Not Promoted,Active
13745,Vijay Reddy,employee13745@company.com,IT,Sales Executive,Mumbai,Full-Time,M.Com,2025-07-24,27325,50,11.5,76.65,85,2,1,Needs Improvement,102.19,24,30,Promoted,Active
13746,Manoj Pillai,employee13746@company.com,Operations,Financial Analyst,Coimbatore,Full-Time,BBA,2021-10-18,96386,39,4.0,79.41,31,10,3,Average,81.07,28,9,Not Promoted,Active
13747,Suresh Rao,employee13747@company.com,HR,Project Manager,Coimbatore,Full-Time,MCA,2020-06-16,94908,49,1.0,72.92,78,14,4,Good,96.96,32,3,Promoted,Active
13748,Ravi Nair,employee13748@company.com,Finance,HR Executive,Pune,Contract,M.Com,2018-04-05,80516,22,6.0,96.87,58,11,3,Average,97.16,7,13,Not Promoted,Inactive
13749,Ravi Joshi,employee13749@company.com,Sales,Senior Software Engineer,Bangalore,Full-Time,MCA,2019-06-24,46149,48,14.9,96.55,69,4,3,Average,87.05,39,30,Not Promoted,Active
13750,Ravi Nair,employee13750@company.com,Marketing,Data Analyst,Delhi,Full-Time,B.Tech,2023-10-08,114111,28,7.5,88.46,69,13,5,Excellent,57.29,12,20,Not Promoted,Active
13751,Rahul Menon,employee13751@company.com,Engineering,Support Associate,Bangalore,Full-Time,B.Tech,2025-12-11,27879,45,7.8,71.86,5,11,5,Excellent,89.99,7,25,Not Promoted,Active
13752,Ajay Gupta,employee13752@company.com,Customer Support,Project Manager,Mumbai,Full-Time,M.Com,2019-05-24,125492,30,8.7,94.12,75,5,5,Excellent,49.14,40,5,Not Promoted,Active
13753,Nisha Nair,employee13753@company.com,IT,Senior Software Engineer,Coimbatore,Full-Time,BBA,2025-01-04,109701,42,13.7,71.85,65,10,3,Average,58.04,26,19,Not Promoted,Active
13754,Aakash Menon,employee13754@company.com,Finance,Marketing Executive,Pune,Full-Time,MBA,2025-10-17,102849,55,8.9,73.19,88,6,4,Good,86.79,2,4,Not Promoted,Inactive
13755,Kavya Menon,employee13755@company.com,Operations,HR Executive,Hyderabad,Full-Time,B.Tech,2020-11-11,109065,44,2.1,79.76,3,6,3,Average,104.01,32,14,Not Promoted,Active
13756,Rahul Verma,employee13756@company.com,Finance,HR Executive,Hyderabad,Full-Time,M.Com,2020-01-08,107195,46,4.1,82.94,69,12,3,Average,95.16,30,23,Not Promoted,Active
13757,Arun Rao,employee13757@company.com,HR,Sales Executive,Pune,Full-Time,MCA,2021-05-12,39908,51,3.8,80.62,56,9,3,Average,66.61,27,9,Promoted,Active
13758,Swetha Menon,employee13758@company.com,Engineering,Operations Analyst,Hyderabad,Full-Time,B.E,2025-07-09,42650,43,9.4,74.96,60,9,3,Average,98.54,20,2,Not Promoted,Active
13759,Karthik Kumar,employee13759@company.com,Marketing,Operations Analyst,Coimbatore,Contract,BBA,2019-04-16,97112,22,1.0,73.36,55,7,3,Average,107.83,28,16,Not Promoted,Active
13760,Dinesh Pillai,employee13760@company.com,IT,Project Manager,Delhi,Full-Time,M.Sc,2018-10-11,61872,53,5.5,95.78,100,4,4,Good,66.58,28,8,Not Promoted,Active
13761,Nisha Das,employee13761@company.com,Sales,Software Engineer,Pune,Full-Time,MCA,2019-01-07,134439,44,11.1,80.9,13,13,2,Needs Improvement,57.14,8,30,Not Promoted,Active
13762,Vijay Verma,employee13762@company.com,HR,Operations Analyst,Pune,Full-Time,BBA,2022-03-02,138508,32,6.7,76.56,82,15,4,Good,57.84,21,8,Not Promoted,Active
13763,Kavya Joshi,employee13763@company.com,IT,Operations Analyst,Bangalore,Full-Time,BBA,2025-12-12,92855,29,12.9,84.61,6,3,4,Good,71.02,7,14,Not Promoted,Active
13764,Arun Patel,employee13764@company.com,Customer Support,Marketing Executive,Chennai,Full-Time,B.Com,2023-12-17,121003,23,7.3,71.1,53,15,3,Average,48.4,16,17,Promoted,Active
13765,Manoj Rao,employee13765@company.com,Operations,Marketing Executive,Bangalore,Full-Time,B.Tech,2021-11-04,106951,43,17.6,88.01,81,11,3,Average,76.7,22,2,Not Promoted,Active
13766,Ravi Menon,employee13766@company.com,IT,Senior Software Engineer,Hyderabad,Full-Time,M.Sc,2019-05-22,140539,44,17.4,77.45,57,6,3,Average,92.6,38,7,Not Promoted,Active
13767,Manoj Das,employee13767@company.com,Finance,HR Executive,Chennai,Full-Time,M.Sc,2021-01-23,148484,53,14.5,87.95,60,1,4,Good,79.48,29,2,Not Promoted,Active
13768,Priya Nair,employee13768@company.com,Customer Support,HR Executive,Pune,Full-Time,M.Sc,2019-08-01,139142,50,17.2,88.42,71,15,3,Average,108.05,14,18,Not Promoted,Active
13769,Swetha Singh,employee13769@company.com,Marketing,HR Executive,Hyderabad,Contract,M.Com,2021-04-15,118311,22,4.1,94.28,27,7,3,Average,75.01,13,21,Not Promoted,Active
13770,Ajay Verma,employee13770@company.com,Engineering,Senior Software Engineer,Mumbai,Full-Time,B.Tech,2024-11-25,80020,42,13.6,76.9,84,3,2,Needs Improvement,45.86,24,12,Not Promoted,Active
13771,Dinesh Patel,employee13771@company.com,Sales,Data Analyst,Hyderabad,Full-Time,MCA,2020-10-04,100792,31,6.1,83.9,54,9,4,Good,75.56,15,21,Not Promoted,Active
13772,Karthik Nair,employee13772@company.com,Marketing,Marketing Executive,Chennai,Full-Time,MCA,2019-10-30,65488,32,13.2,98.86,98,0,5,Excellent,105.44,17,15,Not Promoted,Active
13773,Karthik Singh,employee13773@company.com,Finance,Senior Software Engineer,Chennai,Full-Time,B.E,2021-12-17,102272,39,7.0,91.81,73,1,3,Average,51.23,31,6,Not Promoted,Inactive
13774,Sneha Sharma,employee13774@company.com,Sales,HR Executive,Pune,Full-Time,BBA,2023-03-23,117460,40,5.6,99.26,52,14,4,Good,59.49,37,25,Not Promoted,Active
13775,Nisha Pillai,employee13775@company.com,Sales,Project Manager,Delhi,Part-Time,MBA,2024-06-25,125111,29,17.3,97.82,91,0,4,Good,91.51,14,19,Promoted,Active
13776,Ajay Iyer,employee13776@company.com,Engineering,Marketing Executive,Mumbai,Full-Time,M.Com,2023-10-07,69819,38,4.2,88.32,82,4,5,Excellent,64.12,36,4,Not Promoted,Active
13777,Rahul Patel,employee13777@company.com,HR,Financial Analyst,Pune,Full-Time,B.E,2018-09-30,86481,38,13.8,77.92,43,0,4,Good,94.74,32,25,Not Promoted,Inactive
13778,Kavya Reddy,employee13778@company.com,Sales,Operations Analyst,Mumbai,Full-Time,B.Com,2021-05-06,88241,47,12.3,92.71,98,10,4,Good,72.26,12,18,Not Promoted,Active
13779,Rohan Joshi,employee13779@company.com,IT,Marketing Executive,Mumbai,Contract,M.Com,2018-02-10,80347,33,5.8,90.94,27,13,4,Good,96.74,6,29,Not Promoted,Active
13780,Rohan Das,employee13780@company.com,Marketing,Marketing Executive,Pune,Full-Time,BBA,2020-01-08,146019,28,8.5,87.67,45,11,5,Excellent,80.85,18,1,Promoted,Active
13781,Pooja Verma,employee13781@company.com,Operations,HR Executive,Coimbatore,Full-Time,B.Com,2022-12-02,96599,43,3.0,90.93,48,8,3,Average,50.36,20,2,Promoted,Active
13782,Nisha Iyer,employee13782@company.com,Operations,Support Associate,Hyderabad,Full-Time,BBA,2021-06-22,133694,33,16.6,88.41,66,10,3,Average,70.1,36,27,Not Promoted,Active
13783,Dinesh Verma,employee13783@company.com,Marketing,Data Analyst,Bangalore,Full-Time,MBA,2019-12-10,147099,27,17.4,85.58,26,14,1,Needs Improvement,66.66,8,2,Promoted,Inactive
13784,Dinesh Sharma,employee13784@company.com,HR,Marketing Executive,Mumbai,Full-Time,M.Com,2024-04-02,86216,22,13.3,82.48,80,10,4,Good,97.66,3,28,Not Promoted,Active
13785,Priya Mishra,employee13785@company.com,Sales,Senior Software Engineer,Coimbatore,Full-Time,M.Com,2018-05-06,94098,23,15.4,71.34,78,3,4,Good,85.62,30,1,Not Promoted,Active
13786,Swetha Verma,employee13786@company.com,Finance,Software Engineer,Chennai,Full-Time,BBA,2020-02-17,77350,43,1.9,95.97,38,9,2,Needs Improvement,95.53,6,15,Not Promoted,Active
13787,Karthik Rao,employee13787@company.com,Customer Support,HR Executive,Pune,Full-Time,M.Sc,2020-04-15,90228,27,7.2,95.97,85,2,4,Good,69.19,12,16,Not Promoted,Active
13788,Vijay Pillai,employee13788@company.com,Customer Support,HR Executive,Delhi,Full-Time,BBA,2023-12-28,95040,24,6.3,87.82,83,13,3,Average,89.96,39,26,Not Promoted,Inactive
13789,Sneha Iyer,employee13789@company.com,IT,Support Associate,Coimbatore,Full-Time,B.E,2020-05-28,131289,28,10.4,78.04,26,8,2,Needs Improvement,49.24,35,15,Not Promoted,Active
13790,Swetha Nair,employee13790@company.com,HR,Sales Executive,Hyderabad,Full-Time,B.Tech,2019-01-29,133388,52,3.7,70.84,34,3,5,Excellent,47.39,7,15,Not Promoted,Active
13791,Anjali Singh,employee13791@company.com,Customer Support,Software Engineer,Coimbatore,Full-Time,M.Com,2020-04-07,122891,39,10.4,70.04,46,0,3,Average,63.69,25,18,Not Promoted,Inactive
13792,Rahul Menon,employee13792@company.com,Engineering,Financial Analyst,Mumbai,Full-Time,MBA,2023-12-15,37631,32,12.0,72.19,51,1,2,Needs Improvement,95.29,26,16,Promoted,Active
13793,Anjali Patel,employee13793@company.com,Engineering,Operations Analyst,Delhi,Full-Time,M.Com,2023-04-28,106861,30,2.8,80.8,68,3,4,Good,79.72,25,23,Not Promoted,Active
13794,Pooja Kumar,employee13794@company.com,Sales,Sales Executive,Coimbatore,Full-Time,M.Com,2020-04-16,48118,34,2.8,75.65,65,10,4,Good,71.57,13,4,Promoted,Active
13795,Rahul Rao,employee13795@company.com,Operations,Project Manager,Hyderabad,Full-Time,M.Com,2019-06-09,71774,47,1.1,77.95,40,0,1,Needs Improvement,103.28,19,11,Not Promoted,Active
13796,Ajay Gupta,employee13796@company.com,Finance,Marketing Executive,Coimbatore,Full-Time,M.Sc,2021-06-05,85513,41,13.8,90.99,49,5,4,Good,77.33,27,21,Not Promoted,Active
13797,Pooja Das,employee13797@company.com,Sales,Project Manager,Pune,Full-Time,BBA,2018-05-26,122347,40,6.3,98.77,44,6,4,Good,84.87,7,11,Not Promoted,Active
13798,Pooja Mishra,employee13798@company.com,HR,Financial Analyst,Delhi,Full-Time,M.Com,2020-01-05,81141,24,4.4,76.2,19,0,2,Needs Improvement,109.08,4,28,Not Promoted,Active
13799,Manoj Iyer,employee13799@company.com,Engineering,Senior Software Engineer,Chennai,Full-Time,BBA,2025-08-07,142635,39,14.1,83.97,70,5,3,Average,78.96,12,25,Not Promoted,Active
13800,Manoj Iyer,employee13800@company.com,Finance,Data Analyst,Mumbai,Full-Time,MBA,2023-04-08,94659,49,3.0,99.74,35,2,4,Good,95.93,1,6,Not Promoted,Active
13801,Manoj Kumar,employee13801@company.com,Customer Support,Senior Software Engineer,Mumbai,Full-Time,BBA,2018-06-18,36292,27,8.0,97.95,71,6,3,Average,71.9,13,6,Not Promoted,Active
13802,Rohan Singh,employee13802@company.com,Finance,Senior Software Engineer,Delhi,Full-Time,B.E,2022-04-11,86265,53,13.5,80.57,90,15,5,Excellent,47.36,2,3,Promoted,Inactive
13803,Swetha Pillai,employee13803@company.com,Finance,Senior Software Engineer,Hyderabad,Full-Time,B.Tech,2021-02-22,70689,28,10.5,79.59,69,10,4,Good,99.24,15,5,Promoted,Active
13804,Kavya Das,employee13804@company.com,Finance,Software Engineer,Pune,Full-Time,MBA,2018-10-27,53883,31,10.2,77.27,23,1,5,Excellent,106.39,8,15,Not Promoted,Active
13805,Anjali Singh,employee13805@company.com,Engineering,HR Executive,Coimbatore,Full-Time,MBA,2020-07-26,46167,53,3.3,74.66,35,1,3,Average,73.23,38,7,Not Promoted,Active
13806,Aakash Gupta,employee13806@company.com,Customer Support,Marketing Executive,Coimbatore,Part-Time,B.Com,2019-06-06,102416,45,3.7,83.8,4,14,5,Excellent,77.74,1,5,Not Promoted,Active
13807,Manoj Singh,employee13807@company.com,Sales,Operations Analyst,Bangalore,Contract,B.Tech,2023-11-23,128903,53,10.7,80.23,83,10,3,Average,72.57,10,22,Not Promoted,Active
13808,Arun Mishra,employee13808@company.com,Finance,Software Engineer,Mumbai,Full-Time,M.Sc,2019-09-10,25071,46,0.9,92.35,19,14,3,Average,109.8,23,29,Promoted,Active
13809,Suresh Mishra,employee13809@company.com,Sales,Sales Executive,Coimbatore,Part-Time,B.E,2020-08-26,57234,31,15.7,77.11,52,3,2,Needs Improvement,103.72,28,28,Promoted,Active
13810,Kavya Kumar,employee13810@company.com,Finance,Sales Executive,Chennai,Full-Time,BBA,2022-09-14,133653,50,6.6,92.09,39,10,2,Needs Improvement,47.67,13,29,Not Promoted,Active
13811,Kavya Singh,employee13811@company.com,Engineering,Software Engineer,Mumbai,Contract,MCA,2023-04-20,149016,53,7.8,78.64,97,7,4,Good,95.64,39,18,Promoted,Active
13812,Kavya Sharma,employee13812@company.com,Finance,Financial Analyst,Mumbai,Part-Time,B.E,2019-05-21,30516,30,5.0,87.78,49,2,3,Average,84.05,21,29,Not Promoted,Active
13813,Dinesh Nair,employee13813@company.com,HR,Project Manager,Bangalore,Contract,BBA,2018-10-29,103055,49,15.8,89.15,73,7,3,Average,46.63,33,24,Not Promoted,Active
13814,Rahul Das,employee13814@company.com,Sales,Software Engineer,Bangalore,Full-Time,MCA,2019-10-15,70037,45,11.7,90.15,66,6,4,Good,73.91,35,9,Not Promoted,Active
13815,Nisha Nair,employee13815@company.com,Operations,Software Engineer,Pune,Full-Time,B.Com,2018-03-05,33234,52,8.4,75.26,97,15,3,Average,54.73,32,15,Promoted,Active
13816,Dinesh Iyer,employee13816@company.com,Engineering,Operations Analyst,Coimbatore,Full-Time,B.Com,2025-03-22,29360,24,10.7,78.48,34,4,4,Good,101.75,38,1,Not Promoted,Active
13817,Pooja Singh,employee13817@company.com,Sales,Operations Analyst,Coimbatore,Full-Time,M.Sc,2024-03-29,125135,54,7.2,77.38,63,14,3,Average,45.83,17,13,Not Promoted,Active
13818,Divya Patel,employee13818@company.com,Engineering,HR Executive,Mumbai,Full-Time,MBA,2022-06-11,106965,42,8.6,87.28,36,11,4,Good,101.75,21,10,Not Promoted,Active
13819,Priya Sharma,employee13819@company.com,Marketing,Operations Analyst,Mumbai,Part-Time,B.E,2018-11-15,115094,33,6.8,72.27,44,3,4,Good,106.15,24,23,Not Promoted,Active
13820,Arun Pillai,employee13820@company.com,Customer Support,HR Executive,Hyderabad,Full-Time,MCA,2022-08-09,118753,26,7.7,85.55,37,13,3,Average,49.74,36,23,Not Promoted,Inactive
13821,Kavya Verma,employee13821@company.com,Operations,Senior Software Engineer,Hyderabad,Full-Time,B.E,2020-04-08,65160,37,6.0,72.62,86,9,3,Average,91.79,4,27,Not Promoted,Active
13822,Swetha Pillai,employee13822@company.com,HR,Project Manager,Coimbatore,Full-Time,MCA,2018-04-02,145759,46,1.9,80.11,100,9,3,Average,80.68,31,1,Not Promoted,Inactive
13823,Pooja Menon,employee13823@company.com,Sales,Financial Analyst,Delhi,Full-Time,B.E,2020-08-18,108595,44,1.2,90.6,84,1,4,Good,107.03,35,24,Not Promoted,Active
13824,Manoj Sharma,employee13824@company.com,HR,Project Manager,Delhi,Part-Time,MBA,2018-03-05,130572,29,3.5,82.38,26,8,3,Average,96.88,8,2,Not Promoted,Inactive
13825,Anjali Kumar,employee13825@company.com,Operations,HR Executive,Chennai,Part-Time,MCA,2020-04-23,36544,22,4.9,78.41,64,3,3,Average,90.14,13,25,Not Promoted,Active
13826,Rohan Iyer,employee13826@company.com,HR,Operations Analyst,Coimbatore,Full-Time,B.E,2018-08-07,31381,40,16.1,88.48,72,4,2,Needs Improvement,105.16,31,30,Promoted,Active
13827,Ravi Joshi,employee13827@company.com,HR,Software Engineer,Coimbatore,Full-Time,M.Com,2019-12-05,48128,47,11.2,92.21,2,1,3,Average,55.42,8,21,Promoted,Active
13828,Rahul Kumar,employee13828@company.com,IT,Marketing Executive,Coimbatore,Full-Time,BBA,2019-09-11,132765,26,17.3,77.64,58,1,3,Average,69.44,22,10,Not Promoted,Active
13829,Ajay Nair,employee13829@company.com,Sales,Senior Software Engineer,Chennai,Full-Time,B.Com,2023-04-17,119095,47,6.4,78.98,99,1,4,Good,99.79,8,3,Not Promoted,Active
13830,Meena Mishra,employee13830@company.com,HR,Support Associate,Hyderabad,Full-Time,M.Sc,2018-09-04,31834,44,7.5,89.21,97,9,3,Average,51.6,20,13,Promoted,Active
13831,Pooja Verma,employee13831@company.com,IT,Sales Executive,Delhi,Full-Time,B.Com,2020-08-21,119075,35,13.1,98.96,29,1,3,Average,105.8,31,4,Not Promoted,Active
13832,Rahul Pillai,employee13832@company.com,IT,HR Executive,Coimbatore,Full-Time,MCA,2022-02-05,77175,53,10.6,76.42,94,8,4,Good,93.44,9,2,Not Promoted,Inactive
13833,Vijay Gupta,employee13833@company.com,Engineering,Project Manager,Chennai,Full-Time,B.Com,2020-10-10,109710,30,9.7,89.63,93,12,4,Good,73.56,28,27,Promoted,Active
13834,Anjali Sharma,employee13834@company.com,Finance,Operations Analyst,Mumbai,Full-Time,M.Sc,2018-02-26,85514,41,10.6,97.2,15,11,3,Average,67.02,33,25,Not Promoted,Active
13835,Divya Nair,employee13835@company.com,Finance,Senior Software Engineer,Delhi,Full-Time,BBA,2020-12-04,54398,26,10.7,83.86,28,4,3,Average,54.59,21,7,Not Promoted,Active
13836,Sneha Gupta,employee13836@company.com,Customer Support,Sales Executive,Bangalore,Full-Time,B.Com,2021-01-14,47727,50,13.9,79.51,69,10,3,Average,51.09,4,9,Not Promoted,Active
13837,Sneha Joshi,employee13837@company.com,Operations,Support Associate,Delhi,Full-Time,M.Com,2023-07-22,124316,43,12.2,90.01,77,5,5,Excellent,72.53,10,11,Not Promoted,Active
13838,Sneha Gupta,employee13838@company.com,Sales,Software Engineer,Mumbai,Contract,B.Tech,2020-11-27,105308,23,17.3,70.94,73,3,2,Needs Improvement,99.8,27,25,Not Promoted,Inactive
13839,Dinesh Pillai,employee13839@company.com,Finance,Software Engineer,Hyderabad,Full-Time,B.E,2024-02-08,111509,46,17.1,80.8,87,1,5,Excellent,79.57,23,7,Not Promoted,Active
13840,Anjali Rao,employee13840@company.com,Operations,HR Executive,Pune,Full-Time,BBA,2024-01-21,77659,54,7.9,77.74,99,2,4,Good,74.32,33,22,Not Promoted,Active
13841,Nisha Iyer,employee13841@company.com,Sales,HR Executive,Pune,Full-Time,MCA,2020-01-27,128106,50,1.1,76.74,23,13,4,Good,65.74,39,6,Not Promoted,Active
13842,Ravi Nair,employee13842@company.com,Operations,Operations Analyst,Hyderabad,Part-Time,B.Com,2023-02-02,141759,38,0.7,75.39,6,2,1,Needs Improvement,55.2,9,1,Not Promoted,Active
13843,Karthik Joshi,employee13843@company.com,Customer Support,Marketing Executive,Mumbai,Full-Time,B.E,2023-03-28,32530,37,2.7,92.11,48,14,3,Average,109.36,25,25,Promoted,Active
13844,Nisha Verma,employee13844@company.com,Customer Support,Operations Analyst,Chennai,Full-Time,B.E,2018-05-06,100733,41,1.8,98.65,62,15,3,Average,46.67,40,11,Promoted,Active
13845,Dinesh Pillai,employee13845@company.com,IT,Financial Analyst,Delhi,Full-Time,BBA,2018-09-24,125621,44,7.0,81.54,100,10,3,Average,65.27,6,21,Promoted,Inactive
13846,Rohan Menon,employee13846@company.com,IT,Senior Software Engineer,Delhi,Full-Time,M.Com,2024-07-29,56509,24,1.4,71.47,45,10,4,Good,95.01,6,19,Not Promoted,Active
13847,Dinesh Singh,employee13847@company.com,Sales,Senior Software Engineer,Chennai,Full-Time,M.Sc,2022-06-11,54409,45,11.4,91.57,47,9,5,Excellent,78.84,14,10,Not Promoted,Active
13848,Rohan Nair,employee13848@company.com,Operations,Project Manager,Pune,Full-Time,B.E,2022-08-08,145035,44,3.8,86.15,24,7,4,Good,65.4,2,8,Not Promoted,Active
13849,Pooja Reddy,employee13849@company.com,Operations,Software Engineer,Coimbatore,Part-Time,M.Sc,2022-03-12,109095,47,9.5,91.71,42,7,4,Good,109.53,25,4,Not Promoted,Active
13850,Vijay Singh,employee13850@company.com,Finance,Data Analyst,Coimbatore,Full-Time,B.Com,2023-06-30,70598,51,2.3,89.44,54,14,2,Needs Improvement,85.25,6,5,Not Promoted,Active
13851,Ravi Joshi,employee13851@company.com,Finance,Operations Analyst,Hyderabad,Full-Time,MCA,2019-09-02,123132,55,15.0,97.16,33,5,3,Average,64.19,1,6,Not Promoted,Active
13852,Ajay Joshi,employee13852@company.com,Sales,Project Manager,Coimbatore,Part-Time,BBA,2019-04-14,84130,40,14.1,74.21,64,15,2,Needs Improvement,100.12,9,13,Not Promoted,Active
13853,Ajay Patel,employee13853@company.com,Marketing,HR Executive,Hyderabad,Full-Time,B.E,2020-03-11,69089,36,7.3,75.07,27,10,4,Good,54.76,29,17,Not Promoted,Active
13854,Kavya Gupta,employee13854@company.com,Finance,Senior Software Engineer,Coimbatore,Full-Time,M.Com,2018-05-13,76524,51,16.4,80.25,40,12,5,Excellent,75.13,2,14,Not Promoted,Active
13855,Priya Singh,employee13855@company.com,HR,HR Executive,Bangalore,Full-Time,MCA,2025-12-06,80954,27,3.7,84.74,28,9,4,Good,99.57,37,0,Not Promoted,Active
13856,Anjali Sharma,employee13856@company.com,Finance,Operations Analyst,Pune,Part-Time,MCA,2020-10-16,128529,38,14.7,97.77,31,10,2,Needs Improvement,108.94,28,15,Not Promoted,Active
13857,Aakash Patel,employee13857@company.com,Marketing,Sales Executive,Hyderabad,Full-Time,MCA,2018-11-14,116572,28,10.1,97.21,68,7,3,Average,69.9,24,14,Promoted,Active
13858,Ajay Iyer,employee13858@company.com,Operations,HR Executive,Bangalore,Full-Time,B.Com,2022-05-20,63996,47,6.3,96.16,33,2,4,Good,53.98,3,21,Not Promoted,Active
13859,Kavya Singh,employee13859@company.com,IT,Data Analyst,Chennai,Full-Time,M.Com,2019-12-12,46505,34,2.0,76.68,58,6,3,Average,81.85,4,8,Not Promoted,Active
13860,Pooja Kumar,employee13860@company.com,Engineering,Senior Software Engineer,Pune,Contract,BBA,2019-03-27,55132,38,3.5,91.89,60,4,4,Good,106.36,5,6,Promoted,Active
13861,Rahul Das,employee13861@company.com,Engineering,Operations Analyst,Pune,Contract,MBA,2023-02-25,138090,21,15.6,81.5,51,13,4,Good,88.26,18,11,Not Promoted,Inactive
13862,Rahul Patel,employee13862@company.com,IT,Project Manager,Hyderabad,Full-Time,B.Tech,2022-10-10,57558,51,11.1,97.94,62,8,4,Good,84.14,17,27,Not Promoted,Active
13863,Divya Gupta,employee13863@company.com,Operations,Marketing Executive,Hyderabad,Full-Time,B.E,2021-08-16,82202,40,4.6,76.44,25,8,3,Average,65.1,37,8,Not Promoted,Active
13864,Nisha Iyer,employee13864@company.com,IT,Marketing Executive,Mumbai,Full-Time,B.E,2025-05-04,49116,26,9.2,74.24,76,4,3,Average,84.41,35,11,Not Promoted,Active
13865,Pooja Patel,employee13865@company.com,Finance,Operations Analyst,Coimbatore,Full-Time,B.E,2018-05-22,132960,21,2.4,95.27,11,5,2,Needs Improvement,102.5,11,10,Not Promoted,Active
13866,Pooja Sharma,employee13866@company.com,Customer Support,Marketing Executive,Chennai,Full-Time,M.Sc,2022-02-06,136837,39,2.2,91.51,21,0,3,Average,69.41,23,2,Promoted,Active
13867,Anjali Rao,employee13867@company.com,IT,Senior Software Engineer,Chennai,Full-Time,MBA,2025-12-16,101769,47,16.4,94.64,72,11,3,Average,60.73,29,12,Not Promoted,Active
13868,Meena Das,employee13868@company.com,Customer Support,Sales Executive,Delhi,Full-Time,MCA,2019-07-23,112064,36,8.5,74.74,55,13,4,Good,76.26,13,4,Not Promoted,Active
13869,Vijay Das,employee13869@company.com,Marketing,HR Executive,Bangalore,Full-Time,MCA,2024-06-09,34250,34,6.8,96.54,5,11,4,Good,69.45,38,21,Not Promoted,Active
13870,Rahul Patel,employee13870@company.com,Customer Support,Data Analyst,Bangalore,Full-Time,M.Sc,2025-05-28,130116,54,17.1,90.33,35,13,2,Needs Improvement,75.55,1,21,Not Promoted,Active
13871,Ajay Nair,employee13871@company.com,Marketing,Support Associate,Mumbai,Full-Time,BBA,2022-04-29,50547,27,7.5,89.55,73,3,3,Average,51.22,33,20,Not Promoted,Active
13872,Suresh Joshi,employee13872@company.com,Finance,Project Manager,Delhi,Full-Time,B.Tech,2025-05-15,84734,40,6.4,87.48,100,14,3,Average,66.85,19,29,Not Promoted,Inactive
13873,Kavya Nair,employee13873@company.com,Operations,Senior Software Engineer,Chennai,Full-Time,M.Com,2025-03-25,136579,51,5.3,92.95,58,0,2,Needs Improvement,98.73,35,17,Promoted,Active
13874,Ravi Nair,employee13874@company.com,HR,Software Engineer,Coimbatore,Full-Time,MBA,2023-03-04,98360,42,10.4,82.47,58,3,4,Good,71.02,22,10,Not Promoted,Active
13875,Sneha Patel,employee13875@company.com,Finance,Financial Analyst,Coimbatore,Full-Time,MBA,2018-01-30,30455,40,10.3,73.98,95,11,2,Needs Improvement,107.91,34,25,Promoted,Active
13876,Swetha Mishra,employee13876@company.com,IT,Financial Analyst,Coimbatore,Full-Time,B.Com,2021-06-20,73560,35,0.8,86.18,67,0,3,Average,91.07,33,2,Not Promoted,Active
13877,Sneha Mishra,employee13877@company.com,Finance,Project Manager,Coimbatore,Contract,MCA,2019-11-26,109424,45,11.9,92.44,51,12,3,Average,68.79,20,21,Promoted,Active
13878,Divya Verma,employee13878@company.com,Engineering,Senior Software Engineer,Bangalore,Full-Time,MBA,2018-06-07,50474,21,14.3,74.61,67,13,5,Excellent,61.36,37,8,Not Promoted,Active
13879,Rohan Reddy,employee13879@company.com,Engineering,Operations Analyst,Chennai,Contract,BBA,2024-01-03,67773,37,11.3,76.72,76,9,4,Good,89.55,7,30,Not Promoted,Active
13880,Ajay Kumar,employee13880@company.com,Marketing,HR Executive,Coimbatore,Full-Time,MBA,2018-12-06,26502,36,15.7,90.9,79,3,3,Average,64.66,29,25,Not Promoted,Active
13881,Sneha Sharma,employee13881@company.com,Finance,Operations Analyst,Chennai,Part-Time,B.E,2025-12-23,56117,41,5.3,78.09,50,5,4,Good,105.25,19,7,Not Promoted,Active
13882,Ravi Singh,employee13882@company.com,Finance,Operations Analyst,Delhi,Full-Time,M.Sc,2022-11-04,32042,47,3.9,75.1,89,8,4,Good,52.56,19,23,Not Promoted,Active
13883,Ajay Reddy,employee13883@company.com,HR,Software Engineer,Bangalore,Full-Time,MCA,2018-04-02,55501,55,12.7,96.68,96,1,5,Excellent,46.87,22,7,Not Promoted,Inactive
13884,Meena Singh,employee13884@company.com,Marketing,Marketing Executive,Hyderabad,Full-Time,B.Com,2018-11-25,115454,44,3.8,74.83,67,1,3,Average,59.37,19,12,Promoted,Inactive
13885,Swetha Nair,employee13885@company.com,Sales,Financial Analyst,Hyderabad,Full-Time,M.Com,2018-06-21,45244,22,2.1,80.32,25,5,5,Excellent,84.43,22,10,Not Promoted,Active
13886,Swetha Sharma,employee13886@company.com,Sales,Support Associate,Delhi,Contract,BBA,2025-07-12,49242,45,2.2,82.85,72,10,5,Excellent,99.27,3,5,Not Promoted,Active
13887,Swetha Menon,employee13887@company.com,Marketing,Support Associate,Bangalore,Full-Time,B.Tech,2019-09-13,134847,39,13.9,84.28,40,9,5,Excellent,56.06,9,12,Not Promoted,Active
13888,Priya Das,employee13888@company.com,Sales,HR Executive,Mumbai,Full-Time,BBA,2024-05-08,81671,33,1.0,80.84,74,11,4,Good,83.01,39,27,Not Promoted,Active
13889,Dinesh Patel,employee13889@company.com,IT,Financial Analyst,Pune,Full-Time,M.Com,2021-01-23,109780,49,5.6,97.38,4,12,4,Good,54.37,4,10,Not Promoted,Inactive
13890,Suresh Reddy,employee13890@company.com,Sales,Software Engineer,Delhi,Full-Time,B.Com,2020-09-15,138860,52,2.8,89.76,52,5,3,Average,81.61,31,13,Not Promoted,Active
13891,Dinesh Gupta,employee13891@company.com,Engineering,Project Manager,Chennai,Full-Time,B.E,2018-03-18,124552,26,13.7,80.78,37,11,4,Good,46.18,17,13,Not Promoted,Active
13892,Ravi Menon,employee13892@company.com,IT,Senior Software Engineer,Delhi,Full-Time,B.Tech,2024-01-08,81235,29,9.3,80.73,95,2,4,Good,81.26,24,18,Promoted,Active
13893,Ajay Nair,employee13893@company.com,Marketing,Operations Analyst,Pune,Full-Time,M.Com,2018-05-22,55766,21,4.1,85.09,92,1,4,Good,78.92,16,4,Not Promoted,Active
13894,Pooja Das,employee13894@company.com,Sales,Operations Analyst,Delhi,Full-Time,MCA,2018-08-19,83552,44,13.6,71.01,91,13,3,Average,47.79,4,14,Not Promoted,Active
13895,Dinesh Nair,employee13895@company.com,Sales,Data Analyst,Bangalore,Full-Time,MCA,2022-11-29,30010,30,13.6,97.8,52,2,4,Good,89.81,34,12,Not Promoted,Active
13896,Kavya Iyer,employee13896@company.com,Operations,Project Manager,Chennai,Full-Time,B.Tech,2023-04-16,129609,55,9.7,76.7,87,11,4,Good,82.2,20,23,Not Promoted,Inactive
13897,Pooja Das,employee13897@company.com,Customer Support,Data Analyst,Pune,Full-Time,B.Tech,2020-08-11,47146,26,5.3,90.93,55,11,2,Needs Improvement,85.5,35,15,Not Promoted,Active
13898,Anjali Sharma,employee13898@company.com,IT,Data Analyst,Coimbatore,Contract,B.Tech,2023-12-16,144078,40,10.8,93.33,18,15,4,Good,79.44,18,28,Not Promoted,Active
13899,Nisha Pillai,employee13899@company.com,IT,Marketing Executive,Hyderabad,Full-Time,MBA,2025-12-17,59907,32,16.8,94.82,64,3,4,Good,91.93,22,18,Not Promoted,Active
13900,Vijay Verma,employee13900@company.com,Finance,Support Associate,Mumbai,Full-Time,B.Com,2022-10-26,149490,23,1.4,74.97,68,12,4,Good,79.13,4,16,Not Promoted,Active
13901,Karthik Singh,employee13901@company.com,HR,Data Analyst,Delhi,Full-Time,MCA,2025-07-06,117091,38,5.2,86.1,86,3,3,Average,104.95,32,27,Not Promoted,Active
13902,Arun Verma,employee13902@company.com,Engineering,Operations Analyst,Delhi,Full-Time,MCA,2024-12-19,90161,41,5.5,72.51,52,6,3,Average,106.33,3,29,Not Promoted,Active
13903,Rohan Mishra,employee13903@company.com,Sales,Financial Analyst,Pune,Full-Time,B.Com,2023-01-03,147023,55,11.6,94.14,18,3,5,Excellent,92.23,32,30,Promoted,Active
13904,Suresh Patel,employee13904@company.com,Operations,Financial Analyst,Mumbai,Full-Time,B.E,2025-10-28,136873,39,11.9,84.59,65,9,3,Average,104.26,34,15,Not Promoted,Active
13905,Karthik Das,employee13905@company.com,HR,Marketing Executive,Delhi,Full-Time,MCA,2022-04-03,134293,45,4.1,74.75,47,13,4,Good,105.01,25,28,Not Promoted,Active
13906,Nisha Das,employee13906@company.com,Customer Support,Financial Analyst,Hyderabad,Full-Time,M.Com,2023-12-19,82900,38,4.3,91.56,65,5,3,Average,62.03,36,13,Not Promoted,Active
13907,Rahul Gupta,employee13907@company.com,Customer Support,Operations Analyst,Pune,Full-Time,B.E,2022-01-24,80270,50,16.7,79.94,72,5,4,Good,109.61,21,16,Not Promoted,Active
13908,Kavya Menon,employee13908@company.com,Engineering,Support Associate,Bangalore,Full-Time,M.Sc,2018-09-26,143682,54,13.7,73.44,17,12,3,Average,62.38,10,6,Promoted,Active
13909,Rohan Verma,employee13909@company.com,Operations,Support Associate,Chennai,Full-Time,M.Sc,2025-04-19,119516,30,16.8,83.83,79,13,4,Good,46.21,25,5,Not Promoted,Active
13910,Arun Joshi,employee13910@company.com,HR,Support Associate,Hyderabad,Full-Time,M.Com,2020-08-19,38960,42,15.0,77.06,38,9,3,Average,107.54,40,4,Not Promoted,Active
13911,Dinesh Singh,employee13911@company.com,Engineering,Senior Software Engineer,Mumbai,Full-Time,B.Tech,2022-05-14,86030,24,7.5,98.51,72,2,1,Needs Improvement,59.54,12,23,Promoted,Active
13912,Karthik Das,employee13912@company.com,Engineering,Project Manager,Mumbai,Full-Time,MCA,2022-06-16,124456,23,2.6,80.84,50,8,3,Average,82.97,13,23,Not Promoted,Active
13913,Pooja Menon,employee13913@company.com,Engineering,Senior Software Engineer,Hyderabad,Full-Time,M.Com,2023-05-22,61512,48,11.5,87.17,22,15,1,Needs Improvement,108.09,40,26,Not Promoted,Active
13914,Priya Iyer,employee13914@company.com,Engineering,Senior Software Engineer,Coimbatore,Part-Time,M.Com,2020-12-10,45005,42,6.7,98.45,32,14,5,Excellent,48.21,6,0,Promoted,Active
13915,Nisha Joshi,employee13915@company.com,Sales,Senior Software Engineer,Bangalore,Full-Time,BBA,2022-08-30,89056,32,7.9,81.81,59,13,5,Excellent,62.51,15,15,Not Promoted,Active
13916,Swetha Verma,employee13916@company.com,Customer Support,Financial Analyst,Delhi,Contract,B.Tech,2025-10-27,38472,33,8.0,80.74,58,9,3,Average,84.57,19,22,Promoted,Active
13917,Rohan Das,employee13917@company.com,Engineering,Sales Executive,Bangalore,Full-Time,M.Sc,2020-10-25,88663,53,16.9,74.87,97,13,4,Good,94.57,26,13,Promoted,Active
13918,Arun Gupta,employee13918@company.com,Operations,Financial Analyst,Delhi,Full-Time,B.E,2019-10-10,145578,39,1.7,98.15,25,4,3,Average,97.48,33,26,Not Promoted,Inactive
13919,Anjali Joshi,employee13919@company.com,IT,Sales Executive,Delhi,Full-Time,M.Com,2020-01-08,83316,37,3.9,94.02,16,9,4,Good,102.45,21,1,Promoted,Active
13920,Suresh Verma,employee13920@company.com,Finance,Financial Analyst,Mumbai,Full-Time,BBA,2024-12-24,139068,54,11.1,76.63,52,14,4,Good,55.95,37,28,Not Promoted,Inactive
13921,Aakash Menon,employee13921@company.com,Operations,Operations Analyst,Delhi,Full-Time,MCA,2021-04-22,94443,24,16.0,79.98,77,14,5,Excellent,69.05,36,3,Not Promoted,Active
13922,Sneha Patel,employee13922@company.com,Marketing,Project Manager,Hyderabad,Full-Time,B.E,2024-09-22,143416,28,16.6,97.45,76,8,3,Average,91.43,2,0,Not Promoted,Active
13923,Vijay Gupta,employee13923@company.com,Customer Support,Software Engineer,Coimbatore,Full-Time,B.E,2021-12-30,103761,53,10.3,86.12,85,9,4,Good,91.5,26,1,Promoted,Active
13924,Divya Singh,employee13924@company.com,Engineering,Software Engineer,Delhi,Full-Time,B.Com,2020-03-30,114667,21,1.1,86.69,42,5,3,Average,65.02,6,28,Not Promoted,Active
13925,Suresh Reddy,employee13925@company.com,Customer Support,Senior Software Engineer,Hyderabad,Full-Time,M.Sc,2020-06-21,36603,25,6.9,89.44,47,5,5,Excellent,64.77,34,25,Promoted,Active
13926,Nisha Gupta,employee13926@company.com,Engineering,Software Engineer,Chennai,Full-Time,BBA,2024-02-15,142754,52,16.6,92.86,81,8,1,Needs Improvement,65.84,22,8,Promoted,Active
13927,Rahul Sharma,employee13927@company.com,Sales,Project Manager,Mumbai,Part-Time,BBA,2022-02-12,67251,21,9.2,98.18,19,12,4,Good,102.99,1,27,Not Promoted,Active
13928,Arun Das,employee13928@company.com,Sales,Project Manager,Bangalore,Full-Time,MCA,2020-09-07,119425,55,13.2,94.07,93,9,4,Good,104.12,23,0,Not Promoted,Active
13929,Aakash Rao,employee13929@company.com,Marketing,HR Executive,Pune,Full-Time,BBA,2025-11-02,126164,42,5.2,98.04,34,14,4,Good,45.96,1,22,Promoted,Active
13930,Rahul Joshi,employee13930@company.com,Customer Support,Marketing Executive,Bangalore,Contract,MCA,2019-01-18,25163,49,0.9,94.62,32,12,2,Needs Improvement,66.13,35,19,Not Promoted,Active
13931,Divya Sharma,employee13931@company.com,Engineering,Project Manager,Bangalore,Full-Time,B.Tech,2025-12-07,125018,37,10.6,71.39,80,4,5,Excellent,70.48,16,22,Promoted,Active
13932,Manoj Menon,employee13932@company.com,HR,Marketing Executive,Coimbatore,Full-Time,B.Tech,2021-09-07,93998,50,15.1,73.53,98,2,3,Average,108.86,10,30,Not Promoted,Inactive
13933,Meena Kumar,employee13933@company.com,Finance,Software Engineer,Pune,Contract,BBA,2022-01-06,141128,55,17.8,96.55,75,2,4,Good,106.37,6,15,Not Promoted,Active
13934,Sneha Verma,employee13934@company.com,HR,Marketing Executive,Coimbatore,Full-Time,MBA,2019-05-05,35287,21,15.3,70.83,1,1,3,Average,85.84,1,13,Not Promoted,Active
13935,Anjali Kumar,employee13935@company.com,Marketing,Sales Executive,Mumbai,Full-Time,MCA,2021-03-02,79465,24,10.2,93.83,33,1,3,Average,47.98,14,22,Not Promoted,Active
13936,Nisha Kumar,employee13936@company.com,Marketing,Operations Analyst,Delhi,Full-Time,BBA,2019-03-02,83144,29,11.2,95.5,75,13,4,Good,57.43,30,30,Not Promoted,Active
13937,Meena Iyer,employee13937@company.com,Finance,Marketing Executive,Chennai,Full-Time,BBA,2024-04-16,85109,52,14.9,82.46,89,5,3,Average,73.22,5,26,Not Promoted,Active
13938,Dinesh Patel,employee13938@company.com,Marketing,Operations Analyst,Bangalore,Full-Time,M.Sc,2023-06-06,31227,25,0.8,80.65,31,7,3,Average,107.34,36,12,Not Promoted,Active
13939,Aakash Mishra,employee13939@company.com,Marketing,Senior Software Engineer,Coimbatore,Full-Time,B.E,2022-05-05,109580,34,17.2,75.83,20,12,3,Average,51.16,28,25,Not Promoted,Active
13940,Karthik Gupta,employee13940@company.com,Customer Support,Software Engineer,Delhi,Full-Time,BBA,2021-12-16,75842,46,9.8,71.47,4,10,3,Average,96.44,3,30,Not Promoted,Active
13941,Aakash Pillai,employee13941@company.com,Operations,Operations Analyst,Bangalore,Full-Time,MBA,2022-02-08,56790,43,17.2,92.36,27,15,4,Good,57.43,36,18,Not Promoted,Active
13942,Suresh Patel,employee13942@company.com,Engineering,Data Analyst,Mumbai,Full-Time,MCA,2025-06-24,58001,42,13.9,72.21,86,7,5,Excellent,78.01,11,14,Not Promoted,Active
13943,Karthik Rao,employee13943@company.com,Customer Support,Senior Software Engineer,Mumbai,Full-Time,B.Tech,2021-11-08,59644,47,3.2,98.34,47,7,2,Needs Improvement,94.85,26,28,Not Promoted,Active
13944,Karthik Gupta,employee13944@company.com,Finance,Operations Analyst,Hyderabad,Full-Time,M.Sc,2024-06-24,66921,45,3.4,78.9,95,9,3,Average,90.01,24,17,Not Promoted,Active
13945,Dinesh Kumar,employee13945@company.com,Sales,HR Executive,Mumbai,Part-Time,BBA,2020-10-16,110290,24,6.7,93.83,68,6,2,Needs Improvement,95.42,11,2,Not Promoted,Active
13946,Suresh Reddy,employee13946@company.com,HR,Marketing Executive,Mumbai,Full-Time,B.Tech,2024-03-22,72951,52,5.1,71.79,98,1,1,Needs Improvement,97.88,16,14,Promoted,Active
13947,Arun Iyer,employee13947@company.com,Sales,HR Executive,Bangalore,Part-Time,MCA,2019-02-27,121402,29,8.2,86.09,69,14,4,Good,64.87,11,14,Promoted,Inactive
13948,Ajay Rao,employee13948@company.com,Sales,Project Manager,Chennai,Full-Time,MBA,2021-04-29,96875,22,11.1,80.47,82,9,4,Good,68.66,30,4,Not Promoted,Active
13949,Pooja Nair,employee13949@company.com,Operations,Sales Executive,Coimbatore,Full-Time,B.Tech,2022-12-06,136497,45,8.1,70.9,39,10,3,Average,98.02,8,12,Not Promoted,Active
13950,Kavya Rao,employee13950@company.com,HR,Senior Software Engineer,Bangalore,Full-Time,B.Tech,2022-11-15,112029,30,1.5,89.67,5,1,3,Average,47.51,18,23,Not Promoted,Active
13951,Dinesh Gupta,employee13951@company.com,Sales,Support Associate,Coimbatore,Full-Time,B.Com,2023-10-28,75197,45,17.6,98.29,13,12,1,Needs Improvement,78.44,28,26,Not Promoted,Active
13952,Nisha Kumar,employee13952@company.com,Engineering,Support Associate,Delhi,Full-Time,M.Com,2020-05-04,63859,49,7.9,70.32,66,9,4,Good,104.83,24,24,Promoted,Inactive
13953,Ravi Reddy,employee13953@company.com,Finance,Operations Analyst,Coimbatore,Contract,BBA,2018-12-31,56937,25,15.4,78.11,10,6,5,Excellent,102.53,14,19,Promoted,Active
13954,Vijay Nair,employee13954@company.com,HR,Marketing Executive,Mumbai,Full-Time,MCA,2023-09-01,29481,34,1.8,91.11,38,3,2,Needs Improvement,97.28,8,15,Not Promoted,Active
13955,Dinesh Pillai,employee13955@company.com,IT,Software Engineer,Hyderabad,Contract,B.Com,2019-07-02,104848,53,14.7,96.14,40,5,3,Average,46.4,12,21,Promoted,Active
13956,Manoj Iyer,employee13956@company.com,Operations,Support Associate,Chennai,Full-Time,M.Sc,2024-07-05,62227,47,3.5,75.72,23,8,5,Excellent,102.7,2,19,Promoted,Active
13957,Meena Mishra,employee13957@company.com,Engineering,Software Engineer,Hyderabad,Contract,M.Com,2023-10-05,131337,25,12.4,72.12,42,4,5,Excellent,104.26,9,14,Promoted,Active
13958,Vijay Menon,employee13958@company.com,Sales,Support Associate,Pune,Full-Time,MCA,2021-06-25,129721,35,12.1,70.26,81,9,3,Average,88.14,17,29,Not Promoted,Active
13959,Nisha Mishra,employee13959@company.com,Engineering,Senior Software Engineer,Hyderabad,Contract,B.Com,2020-07-13,42791,23,16.4,76.46,94,3,2,Needs Improvement,64.43,9,29,Promoted,Active
13960,Aakash Iyer,employee13960@company.com,Engineering,Support Associate,Hyderabad,Full-Time,BBA,2018-09-18,25207,21,6.1,72.14,73,2,1,Needs Improvement,76.85,35,13,Promoted,Active
13961,Rahul Reddy,employee13961@company.com,Marketing,Project Manager,Delhi,Contract,B.Com,2019-03-11,62138,44,2.4,80.78,25,6,4,Good,94.57,27,8,Not Promoted,Active
13962,Priya Nair,employee13962@company.com,HR,Financial Analyst,Mumbai,Full-Time,MCA,2025-01-29,114070,32,15.6,83.2,28,6,3,Average,97.85,2,20,Not Promoted,Active
13963,Sneha Kumar,employee13963@company.com,IT,Operations Analyst,Delhi,Full-Time,B.E,2019-06-19,34944,34,6.3,84.4,1,15,1,Needs Improvement,67.32,19,17,Not Promoted,Active
13964,Vijay Nair,employee13964@company.com,Marketing,Sales Executive,Mumbai,Full-Time,MBA,2019-01-16,123205,40,4.6,74.27,29,6,4,Good,66.19,17,16,Not Promoted,Active
13965,Pooja Menon,employee13965@company.com,Engineering,Support Associate,Delhi,Full-Time,MCA,2023-11-21,99223,34,9.0,83.92,73,15,1,Needs Improvement,92.85,36,4,Promoted,Active
13966,Priya Pillai,employee13966@company.com,IT,Marketing Executive,Mumbai,Full-Time,B.Com,2018-01-29,42285,34,3.1,70.27,75,4,4,Good,89.61,19,14,Not Promoted,Active
13967,Vijay Rao,employee13967@company.com,Engineering,Sales Executive,Coimbatore,Contract,B.E,2022-02-15,122818,55,5.7,77.18,83,12,3,Average,78.36,9,23,Promoted,Active
13968,Rahul Verma,employee13968@company.com,Sales,Software Engineer,Mumbai,Full-Time,B.Com,2020-12-07,69558,39,7.2,81.07,56,9,2,Needs Improvement,72.32,33,30,Not Promoted,Active
13969,Manoj Gupta,employee13969@company.com,Engineering,HR Executive,Mumbai,Full-Time,MBA,2021-10-22,51782,40,5.4,73.55,58,7,4,Good,87.72,21,10,Not Promoted,Active
13970,Rohan Patel,employee13970@company.com,Marketing,Project Manager,Hyderabad,Full-Time,M.Sc,2019-07-01,114003,43,8.4,94.42,18,10,3,Average,47.11,20,26,Not Promoted,Active
13971,Aakash Mishra,employee13971@company.com,Sales,Data Analyst,Pune,Full-Time,BBA,2018-11-23,108669,54,7.2,76.04,53,1,5,Excellent,49.92,32,29,Not Promoted,Active
13972,Nisha Rao,employee13972@company.com,Marketing,Data Analyst,Mumbai,Full-Time,B.E,2024-05-02,82803,21,14.1,92.65,69,15,4,Good,82.25,15,28,Not Promoted,Active
13973,Aakash Joshi,employee13973@company.com,HR,Sales Executive,Pune,Part-Time,MCA,2022-10-18,29489,24,16.6,84.22,22,3,3,Average,58.67,34,21,Not Promoted,Inactive
13974,Rohan Gupta,employee13974@company.com,Engineering,HR Executive,Pune,Full-Time,M.Com,2019-12-30,34108,37,2.3,84.39,82,0,4,Good,95.36,35,26,Promoted,Active
13975,Kavya Reddy,employee13975@company.com,Customer Support,Marketing Executive,Bangalore,Full-Time,M.Sc,2018-08-07,89430,46,14.9,89.36,94,5,3,Average,95.2,0,11,Not Promoted,Active
13976,Ajay Kumar,employee13976@company.com,Finance,Sales Executive,Bangalore,Full-Time,MBA,2018-05-06,97118,34,16.8,71.33,32,5,5,Excellent,91.15,11,6,Promoted,Inactive
13977,Ravi Menon,employee13977@company.com,Customer Support,Software Engineer,Chennai,Full-Time,BBA,2020-05-31,106274,52,12.5,72.36,65,2,3,Average,103.73,12,24,Promoted,Active
13978,Rahul Das,employee13978@company.com,Finance,Senior Software Engineer,Coimbatore,Full-Time,B.Tech,2021-11-03,33030,40,17.9,79.81,78,0,4,Good,54.15,7,19,Not Promoted,Active
13979,Aakash Reddy,employee13979@company.com,Customer Support,Sales Executive,Delhi,Full-Time,MCA,2018-11-15,86603,36,6.4,82.5,10,11,2,Needs Improvement,61.85,30,20,Not Promoted,Active
13980,Arun Nair,employee13980@company.com,IT,Data Analyst,Bangalore,Full-Time,BBA,2021-08-21,46118,39,15.0,82.9,89,4,3,Average,61.4,4,8,Promoted,Active
13981,Nisha Iyer,employee13981@company.com,Operations,Financial Analyst,Mumbai,Full-Time,MCA,2021-05-08,36593,44,12.3,90.31,17,11,4,Good,95.86,35,2,Not Promoted,Active
13982,Kavya Pillai,employee13982@company.com,Marketing,Data Analyst,Pune,Part-Time,MCA,2018-03-26,111585,34,6.2,70.02,64,13,4,Good,78.89,24,16,Not Promoted,Active
13983,Manoj Kumar,employee13983@company.com,Sales,HR Executive,Delhi,Full-Time,B.E,2020-11-30,92730,49,12.8,98.77,31,0,3,Average,61.42,12,23,Not Promoted,Active
13984,Vijay Rao,employee13984@company.com,Operations,Software Engineer,Chennai,Part-Time,B.Tech,2025-08-02,146814,34,9.4,75.23,3,2,3,Average,53.87,34,8,Not Promoted,Inactive
13985,Anjali Rao,employee13985@company.com,HR,Marketing Executive,Bangalore,Full-Time,M.Sc,2022-04-24,107879,31,3.8,77.46,85,7,4,Good,103.05,31,10,Promoted,Active
13986,Arun Gupta,employee13986@company.com,HR,Project Manager,Hyderabad,Full-Time,M.Sc,2021-10-18,54439,31,3.5,97.17,35,9,5,Excellent,89.99,7,13,Promoted,Active
13987,Pooja Singh,employee13987@company.com,HR,Operations Analyst,Coimbatore,Full-Time,B.E,2023-04-27,133653,44,13.0,70.16,92,8,2,Needs Improvement,79.35,21,25,Not Promoted,Active
13988,Rohan Pillai,employee13988@company.com,Finance,Financial Analyst,Delhi,Full-Time,M.Com,2018-12-28,131889,42,13.0,99.74,99,2,3,Average,107.76,5,26,Promoted,Active
13989,Nisha Das,employee13989@company.com,Sales,Project Manager,Chennai,Full-Time,B.E,2024-08-11,69592,41,9.8,71.08,56,8,3,Average,100.22,10,27,Not Promoted,Active
13990,Rahul Patel,employee13990@company.com,HR,Sales Executive,Mumbai,Full-Time,MCA,2021-04-19,71261,26,9.3,73.62,32,15,5,Excellent,56.58,6,29,Not Promoted,Active
13991,Pooja Joshi,employee13991@company.com,HR,Financial Analyst,Delhi,Full-Time,B.Com,2021-06-08,71652,34,3.7,77.2,13,6,2,Needs Improvement,78.03,14,30,Not Promoted,Active
13992,Pooja Gupta,employee13992@company.com,Customer Support,HR Executive,Pune,Full-Time,B.Tech,2020-09-14,29538,29,8.0,83.16,47,7,3,Average,76.6,3,9,Not Promoted,Active
13993,Rohan Pillai,employee13993@company.com,IT,Software Engineer,Mumbai,Full-Time,B.Tech,2023-01-23,45442,55,15.7,85.55,36,5,4,Good,99.88,39,3,Promoted,Active
13994,Vijay Joshi,employee13994@company.com,Marketing,Marketing Executive,Mumbai,Full-Time,M.Sc,2025-03-20,29842,45,15.5,73.14,4,14,2,Needs Improvement,54.69,33,15,Not Promoted,Active
13995,Dinesh Nair,employee13995@company.com,Marketing,Project Manager,Delhi,Part-Time,M.Sc,2024-12-11,138393,35,12.1,72.21,49,12,3,Average,74.37,39,15,Not Promoted,Active
13996,Vijay Rao,employee13996@company.com,Engineering,Sales Executive,Hyderabad,Full-Time,B.E,2021-06-11,141865,48,18.0,70.96,60,13,3,Average,86.38,21,28,Not Promoted,Active
13997,Divya Pillai,employee13997@company.com,Marketing,Software Engineer,Hyderabad,Full-Time,B.Com,2021-12-23,116978,34,16.1,77.7,85,4,3,Average,106.44,29,11,Promoted,Active
13998,Sneha Kumar,employee13998@company.com,Operations,Sales Executive,Delhi,Part-Time,B.Com,2020-04-10,75951,33,3.0,97.65,68,9,3,Average,103.45,18,5,Not Promoted,Inactive
13999,Rahul Das,employee13999@company.com,Customer Support,Marketing Executive,Delhi,Contract,BBA,2025-06-06,65338,51,7.5,81.7,100,12,4,Good,79.7,36,6,Promoted,Active
14000,Manoj Rao,employee14000@company.com,Customer Support,Project Manager,Delhi,Full-Time,B.E,2021-08-10,66464,25,2.8,92.92,37,7,3,Average,84.44,37,22,Not Promoted,Active
14001,Ravi Pillai,employee14001@company.com,IT,Sales Executive,Coimbatore,Full-Time,MBA,2021-10-03,107639,39,8.7,75.71,45,11,4,Good,100.41,29,7,Promoted,Active
14002,Rahul Singh,employee14002@company.com,Finance,Software Engineer,Coimbatore,Contract,M.Com,2020-05-25,141675,28,14.1,71.94,97,13,4,Good,93.39,31,5,Promoted,Active
14003,Arun Nair,employee14003@company.com,Operations,Sales Executive,Pune,Full-Time,B.E,2018-12-27,30773,33,3.2,86.63,14,13,4,Good,102.16,18,6,Not Promoted,Active
14004,Dinesh Menon,employee14004@company.com,IT,Project Manager,Bangalore,Full-Time,BBA,2023-03-14,121277,37,15.9,94.66,36,14,2,Needs Improvement,103.24,24,29,Not Promoted,Active
14005,Manoj Das,employee14005@company.com,HR,Software Engineer,Mumbai,Full-Time,BBA,2018-12-24,138680,52,10.5,96.95,26,13,2,Needs Improvement,99.12,36,30,Not Promoted,Active
14006,Priya Reddy,employee14006@company.com,Sales,HR Executive,Delhi,Full-Time,MCA,2021-11-07,83218,25,13.6,86.39,0,1,3,Average,45.61,22,8,Not Promoted,Active
14007,Vijay Iyer,employee14007@company.com,Operations,Senior Software Engineer,Coimbatore,Contract,B.Com,2025-08-15,60646,29,1.3,78.82,28,6,3,Average,65.21,11,15,Not Promoted,Active
14008,Ravi Iyer,employee14008@company.com,Operations,Software Engineer,Bangalore,Full-Time,M.Com,2018-03-05,132129,54,2.1,73.29,71,13,3,Average,71.23,8,21,Not Promoted,Active
14009,Vijay Singh,employee14009@company.com,HR,Financial Analyst,Pune,Contract,B.E,2021-11-20,70337,21,11.4,90.03,96,0,4,Good,89.06,36,29,Not Promoted,Active
14010,Anjali Pillai,employee14010@company.com,HR,Senior Software Engineer,Mumbai,Full-Time,M.Com,2024-02-07,40586,35,15.2,78.41,6,15,2,Needs Improvement,64.95,16,12,Not Promoted,Active
14011,Swetha Nair,employee14011@company.com,Sales,Sales Executive,Bangalore,Full-Time,MBA,2025-03-19,120651,52,15.8,95.32,28,6,1,Needs Improvement,66.03,34,14,Not Promoted,Active
14012,Priya Das,employee14012@company.com,Marketing,Project Manager,Mumbai,Full-Time,BBA,2024-02-15,142108,54,12.5,88.15,30,14,3,Average,71.01,40,17,Not Promoted,Active
14013,Arun Kumar,employee14013@company.com,Operations,Software Engineer,Hyderabad,Contract,B.Com,2022-02-24,141012,55,4.0,95.77,37,5,4,Good,107.1,29,3,Not Promoted,Active
14014,Manoj Iyer,employee14014@company.com,IT,Project Manager,Delhi,Full-Time,MBA,2019-08-03,107928,48,3.9,87.0,7,3,3,Average,73.42,3,4,Not Promoted,Active
14015,Suresh Gupta,employee14015@company.com,Finance,Software Engineer,Hyderabad,Full-Time,M.Sc,2024-01-27,68293,37,15.9,93.15,94,2,4,Good,54.14,40,7,Not Promoted,Active
14016,Manoj Singh,employee14016@company.com,HR,Project Manager,Chennai,Full-Time,MBA,2018-11-18,149019,31,2.5,78.83,36,8,3,Average,45.41,3,30,Not Promoted,Active
14017,Vijay Joshi,employee14017@company.com,HR,Financial Analyst,Pune,Full-Time,B.Com,2021-04-10,69180,43,12.5,85.09,58,5,5,Excellent,60.38,23,3,Not Promoted,Active
14018,Arun Iyer,employee14018@company.com,Finance,Operations Analyst,Delhi,Full-Time,M.Sc,2024-05-20,140091,46,9.8,70.58,78,15,5,Excellent,106.02,2,16,Not Promoted,Active
14019,Divya Mishra,employee14019@company.com,IT,Senior Software Engineer,Bangalore,Full-Time,MCA,2024-08-10,113153,25,7.9,88.23,53,13,3,Average,107.07,8,16,Promoted,Active
14020,Pooja Joshi,employee14020@company.com,Engineering,Senior Software Engineer,Mumbai,Contract,MBA,2023-11-29,101918,46,8.2,86.01,57,5,3,Average,79.39,10,1,Not Promoted,Active
14021,Priya Menon,employee14021@company.com,HR,Software Engineer,Coimbatore,Full-Time,B.E,2023-10-27,83039,26,17.0,92.66,95,12,3,Average,87.01,31,23,Not Promoted,Active
14022,Pooja Patel,employee14022@company.com,Finance,Sales Executive,Chennai,Full-Time,B.E,2024-04-19,148787,54,15.6,91.87,25,0,3,Average,96.73,39,15,Not Promoted,Active
14023,Manoj Sharma,employee14023@company.com,Customer Support,Marketing Executive,Pune,Full-Time,M.Com,2024-04-02,69807,33,15.6,88.83,47,4,4,Good,48.63,28,18,Promoted,Active
14024,Sneha Rao,employee14024@company.com,HR,Marketing Executive,Pune,Full-Time,B.E,2023-11-11,139402,45,7.6,71.7,10,14,4,Good,69.33,33,21,Not Promoted,Active
14025,Swetha Joshi,employee14025@company.com,Marketing,Senior Software Engineer,Pune,Full-Time,B.E,2023-01-13,52740,22,2.4,97.09,22,11,4,Good,86.75,33,6,Not Promoted,Active
14026,Rahul Kumar,employee14026@company.com,Marketing,Operations Analyst,Bangalore,Part-Time,M.Sc,2018-08-10,31772,34,18.0,70.54,33,6,4,Good,103.39,20,10,Not Promoted,Active
14027,Priya Rao,employee14027@company.com,HR,Marketing Executive,Delhi,Full-Time,BBA,2020-06-14,122257,37,3.0,94.1,32,13,3,Average,92.24,24,0,Not Promoted,Inactive
14028,Ajay Iyer,employee14028@company.com,Customer Support,Support Associate,Hyderabad,Part-Time,M.Sc,2022-02-22,64358,45,9.5,84.38,80,3,2,Needs Improvement,67.75,20,20,Not Promoted,Active
14029,Divya Menon,employee14029@company.com,HR,Marketing Executive,Chennai,Full-Time,M.Com,2022-12-23,39647,47,5.1,94.54,96,11,4,Good,104.15,19,17,Promoted,Inactive
14030,Pooja Patel,employee14030@company.com,Engineering,Data Analyst,Bangalore,Full-Time,B.Tech,2020-09-11,149806,44,9.4,83.95,1,13,3,Average,88.2,23,6,Not Promoted,Active
14031,Ajay Pillai,employee14031@company.com,Engineering,Project Manager,Mumbai,Full-Time,B.Com,2022-06-21,138981,53,5.8,89.41,60,1,4,Good,98.97,4,27,Promoted,Active
14032,Aakash Nair,employee14032@company.com,Marketing,Senior Software Engineer,Bangalore,Full-Time,B.E,2025-11-30,41504,47,16.2,80.9,3,14,3,Average,70.06,40,27,Not Promoted,Active
14033,Karthik Nair,employee14033@company.com,Engineering,Operations Analyst,Mumbai,Full-Time,M.Com,2024-04-18,31460,51,17.4,92.31,11,12,2,Needs Improvement,45.14,1,12,Not Promoted,Active
14034,Divya Reddy,employee14034@company.com,Customer Support,Sales Executive,Mumbai,Full-Time,BBA,2023-08-06,31281,35,7.7,77.63,28,8,5,Excellent,55.8,8,2,Not Promoted,Active
14035,Rohan Reddy,employee14035@company.com,Engineering,Software Engineer,Pune,Full-Time,MBA,2023-12-30,47246,21,1.7,91.58,41,5,2,Needs Improvement,105.27,7,8,Not Promoted,Active
14036,Ravi Joshi,employee14036@company.com,HR,HR Executive,Bangalore,Full-Time,MBA,2024-06-16,142553,31,12.1,75.8,82,8,5,Excellent,47.15,31,16,Not Promoted,Inactive
14037,Dinesh Sharma,employee14037@company.com,Customer Support,Financial Analyst,Hyderabad,Contract,M.Sc,2021-11-09,61499,35,7.1,91.67,56,7,5,Excellent,83.74,6,1,Promoted,Active
14038,Suresh Patel,employee14038@company.com,IT,Senior Software Engineer,Mumbai,Full-Time,MCA,2019-08-05,71733,53,17.8,78.81,49,14,4,Good,71.59,37,14,Promoted,Inactive
14039,Divya Gupta,employee14039@company.com,IT,Operations Analyst,Coimbatore,Full-Time,B.E,2021-08-28,53491,52,2.1,78.36,65,0,4,Good,72.92,19,8,Not Promoted,Active
14040,Ravi Das,employee14040@company.com,Sales,Software Engineer,Pune,Full-Time,B.Com,2024-07-21,110511,45,2.6,94.34,6,1,4,Good,71.05,14,6,Not Promoted,Active
14041,Arun Iyer,employee14041@company.com,IT,HR Executive,Hyderabad,Full-Time,M.Com,2018-10-29,69536,53,12.7,94.41,56,1,5,Excellent,49.38,38,18,Not Promoted,Active
14042,Aakash Gupta,employee14042@company.com,Operations,Data Analyst,Bangalore,Full-Time,M.Sc,2022-11-23,144174,49,13.8,90.74,45,12,3,Average,52.95,27,10,Not Promoted,Active
14043,Swetha Menon,employee14043@company.com,Customer Support,Senior Software Engineer,Hyderabad,Contract,MCA,2024-12-29,146860,54,8.7,97.72,21,1,3,Average,49.09,30,23,Not Promoted,Active
14044,Kavya Sharma,employee14044@company.com,Operations,Sales Executive,Bangalore,Full-Time,MCA,2024-04-13,72872,28,5.4,74.69,10,13,4,Good,48.5,21,20,Promoted,Active
14045,Meena Mishra,employee14045@company.com,Operations,Financial Analyst,Mumbai,Full-Time,M.Com,2024-12-10,76566,31,5.9,78.08,32,3,3,Average,50.56,39,30,Promoted,Active
14046,Rohan Nair,employee14046@company.com,HR,HR Executive,Chennai,Full-Time,M.Sc,2023-05-02,50416,33,6.4,78.82,53,6,3,Average,90.28,23,17,Not Promoted,Active
14047,Meena Sharma,employee14047@company.com,HR,Sales Executive,Chennai,Full-Time,M.Sc,2021-10-04,31635,25,4.4,79.16,19,6,3,Average,52.42,33,25,Not Promoted,Active
14048,Ravi Mishra,employee14048@company.com,Finance,Marketing Executive,Delhi,Full-Time,M.Com,2020-03-01,44189,39,15.4,79.84,4,0,4,Good,62.0,8,16,Not Promoted,Active
14049,Divya Mishra,employee14049@company.com,Customer Support,Software Engineer,Delhi,Part-Time,BBA,2020-06-30,87929,41,1.6,90.91,67,7,4,Good,87.7,1,21,Promoted,Active
14050,Anjali Singh,employee14050@company.com,Operations,Senior Software Engineer,Mumbai,Contract,BBA,2021-10-07,36498,23,7.6,78.12,13,3,3,Average,52.3,24,3,Not Promoted,Active
14051,Nisha Verma,employee14051@company.com,Operations,Software Engineer,Hyderabad,Full-Time,M.Com,2024-01-11,85777,46,13.6,78.58,2,7,5,Excellent,104.17,11,1,Promoted,Active
14052,Arun Singh,employee14052@company.com,IT,HR Executive,Bangalore,Full-Time,M.Com,2022-03-14,113585,53,0.6,87.11,81,15,4,Good,76.04,3,16,Not Promoted,Active
14053,Sneha Das,employee14053@company.com,Marketing,Support Associate,Chennai,Full-Time,B.Com,2023-05-07,128665,50,15.9,75.8,57,9,4,Good,107.6,39,22,Promoted,Active
14054,Sneha Singh,employee14054@company.com,Customer Support,Support Associate,Bangalore,Full-Time,M.Com,2019-08-18,75617,42,12.9,80.95,26,8,4,Good,57.51,12,19,Promoted,Active
14055,Nisha Sharma,employee14055@company.com,Marketing,Financial Analyst,Mumbai,Full-Time,M.Sc,2022-05-10,84200,25,1.8,71.74,3,6,4,Good,46.99,28,0,Not Promoted,Active
14056,Pooja Singh,employee14056@company.com,Customer Support,Marketing Executive,Hyderabad,Full-Time,B.Com,2018-03-03,35427,39,16.2,98.58,66,2,1,Needs Improvement,83.37,31,12,Not Promoted,Active
14057,Vijay Patel,employee14057@company.com,Customer Support,Data Analyst,Coimbatore,Full-Time,B.Com,2025-12-27,74555,29,9.0,79.52,63,11,4,Good,66.37,26,9,Promoted,Active
14058,Anjali Iyer,employee14058@company.com,Sales,Operations Analyst,Bangalore,Full-Time,B.Com,2021-03-11,121057,44,11.9,95.5,90,2,2,Needs Improvement,82.21,29,16,Not Promoted,Inactive
14059,Priya Singh,employee14059@company.com,Finance,Senior Software Engineer,Hyderabad,Full-Time,MBA,2019-04-11,31570,32,15.9,85.9,91,4,5,Excellent,75.79,38,22,Not Promoted,Active
14060,Suresh Pillai,employee14060@company.com,Marketing,Senior Software Engineer,Coimbatore,Full-Time,B.Tech,2021-03-18,49988,47,15.9,76.85,85,6,5,Excellent,74.72,0,20,Not Promoted,Inactive
14061,Divya Pillai,employee14061@company.com,Sales,HR Executive,Chennai,Full-Time,MCA,2024-06-16,83881,41,7.7,75.8,41,13,3,Average,100.33,10,16,Not Promoted,Active
14062,Vijay Verma,employee14062@company.com,IT,Support Associate,Bangalore,Full-Time,B.E,2020-03-26,78401,55,4.7,90.85,28,11,3,Average,57.47,22,10,Not Promoted,Active
14063,Dinesh Menon,employee14063@company.com,Finance,Project Manager,Pune,Full-Time,MBA,2023-11-21,64114,52,5.0,98.95,79,6,4,Good,77.48,16,8,Not Promoted,Active
14064,Meena Nair,employee14064@company.com,Finance,Data Analyst,Chennai,Contract,M.Sc,2023-09-07,33408,53,13.9,75.49,34,8,3,Average,72.04,14,30,Not Promoted,Active
14065,Rohan Singh,employee14065@company.com,Operations,HR Executive,Hyderabad,Full-Time,B.Tech,2019-05-23,146313,37,16.8,73.46,18,14,5,Excellent,88.8,26,2,Promoted,Active
14066,Karthik Singh,employee14066@company.com,Customer Support,Data Analyst,Mumbai,Contract,MCA,2023-12-22,106210,25,1.8,81.61,93,0,2,Needs Improvement,48.26,9,9,Not Promoted,Active
14067,Sneha Menon,employee14067@company.com,Engineering,Project Manager,Pune,Full-Time,BBA,2018-02-28,139280,40,0.8,81.81,78,13,2,Needs Improvement,79.41,15,16,Not Promoted,Inactive
14068,Nisha Gupta,employee14068@company.com,Customer Support,Support Associate,Delhi,Full-Time,MBA,2023-10-19,148904,43,14.9,94.19,68,2,5,Excellent,76.11,36,15,Promoted,Active
14069,Manoj Menon,employee14069@company.com,HR,Sales Executive,Bangalore,Full-Time,MCA,2023-05-13,109733,24,7.3,84.07,30,15,4,Good,108.28,27,15,Not Promoted,Active
14070,Rahul Iyer,employee14070@company.com,Customer Support,Project Manager,Delhi,Full-Time,B.Com,2018-07-04,72606,46,5.3,71.87,42,0,4,Good,94.13,1,14,Not Promoted,Active
14071,Manoj Das,employee14071@company.com,Customer Support,HR Executive,Chennai,Full-Time,B.Com,2025-03-04,70854,50,3.8,97.62,94,5,3,Average,55.07,38,12,Not Promoted,Active
14072,Anjali Rao,employee14072@company.com,Customer Support,Operations Analyst,Bangalore,Full-Time,M.Com,2022-02-06,58573,49,6.6,81.2,72,11,4,Good,78.1,34,1,Not Promoted,Active
14073,Meena Singh,employee14073@company.com,Operations,Data Analyst,Bangalore,Full-Time,M.Sc,2022-08-08,143037,54,17.5,90.06,76,9,4,Good,95.94,14,25,Not Promoted,Active
14074,Anjali Verma,employee14074@company.com,IT,Marketing Executive,Pune,Full-Time,B.Com,2024-01-25,147049,30,17.6,90.02,20,6,4,Good,79.1,10,5,Not Promoted,Active
14075,Ajay Rao,employee14075@company.com,Customer Support,HR Executive,Pune,Full-Time,MBA,2019-08-01,76968,40,6.3,71.69,94,1,4,Good,68.19,32,2,Not Promoted,Active
14076,Vijay Menon,employee14076@company.com,Engineering,Sales Executive,Pune,Full-Time,MCA,2021-02-21,52385,44,17.4,70.11,64,13,4,Good,69.48,15,25,Not Promoted,Active
14077,Vijay Sharma,employee14077@company.com,Operations,Operations Analyst,Pune,Contract,B.E,2021-05-21,50847,54,5.7,72.64,76,8,3,Average,68.86,10,23,Not Promoted,Active
14078,Ravi Pillai,employee14078@company.com,Engineering,Support Associate,Mumbai,Part-Time,M.Sc,2018-07-01,80383,33,15.5,98.7,33,12,3,Average,46.3,19,0,Promoted,Active
14079,Anjali Menon,employee14079@company.com,Finance,Financial Analyst,Hyderabad,Full-Time,BBA,2018-03-12,148313,43,4.2,93.82,60,11,4,Good,92.49,18,16,Promoted,Inactive
14080,Manoj Gupta,employee14080@company.com,Operations,Senior Software Engineer,Pune,Full-Time,BBA,2019-07-10,32420,30,15.0,73.96,35,15,3,Average,84.71,38,23,Not Promoted,Active
14081,Pooja Gupta,employee14081@company.com,Customer Support,Project Manager,Chennai,Full-Time,MCA,2020-05-01,148308,42,6.7,88.45,79,4,4,Good,62.46,22,26,Not Promoted,Active
14082,Rohan Joshi,employee14082@company.com,Sales,Senior Software Engineer,Bangalore,Contract,B.Com,2021-05-03,67147,34,3.9,88.36,73,2,3,Average,85.95,9,0,Not Promoted,Active
14083,Swetha Verma,employee14083@company.com,Operations,HR Executive,Delhi,Full-Time,BBA,2021-08-08,38806,45,16.9,70.02,40,13,4,Good,65.07,7,30,Not Promoted,Active
14084,Anjali Gupta,employee14084@company.com,Marketing,Support Associate,Pune,Full-Time,MCA,2020-12-16,29257,38,4.2,82.87,33,6,4,Good,60.82,1,29,Not Promoted,Active
14085,Suresh Pillai,employee14085@company.com,IT,Software Engineer,Chennai,Full-Time,B.Tech,2023-03-28,117666,40,17.9,91.35,24,6,3,Average,93.17,6,10,Not Promoted,Active
14086,Suresh Sharma,employee14086@company.com,IT,Operations Analyst,Mumbai,Contract,MCA,2025-06-23,43696,48,2.4,75.6,56,15,2,Needs Improvement,97.59,25,3,Not Promoted,Active
14087,Manoj Verma,employee14087@company.com,Finance,Marketing Executive,Chennai,Full-Time,MBA,2021-08-16,59763,28,0.7,95.53,64,0,2,Needs Improvement,85.67,39,10,Not Promoted,Active
14088,Vijay Gupta,employee14088@company.com,Operations,Senior Software Engineer,Delhi,Full-Time,B.Tech,2024-06-23,117269,25,15.7,89.81,75,5,4,Good,95.97,18,12,Promoted,Active
14089,Nisha Gupta,employee14089@company.com,Engineering,Data Analyst,Delhi,Full-Time,M.Sc,2020-04-08,137467,41,10.8,70.21,21,14,4,Good,68.77,5,28,Promoted,Active
14090,Nisha Reddy,employee14090@company.com,Engineering,Sales Executive,Chennai,Contract,M.Com,2023-11-12,95531,40,7.9,95.65,59,2,2,Needs Improvement,49.67,32,21,Not Promoted,Active
14091,Manoj Reddy,employee14091@company.com,Finance,Senior Software Engineer,Mumbai,Contract,M.Com,2018-09-24,43126,36,1.9,70.58,53,14,4,Good,84.32,10,16,Not Promoted,Active
14092,Divya Das,employee14092@company.com,Finance,HR Executive,Delhi,Full-Time,MCA,2021-10-31,116454,40,10.6,96.64,21,6,3,Average,61.64,35,19,Not Promoted,Inactive
14093,Anjali Das,employee14093@company.com,Sales,Operations Analyst,Mumbai,Full-Time,B.E,2019-09-06,58923,45,7.4,80.01,60,4,3,Average,95.54,11,28,Not Promoted,Active
14094,Priya Nair,employee14094@company.com,HR,Operations Analyst,Bangalore,Full-Time,MBA,2024-12-24,142892,27,9.0,90.96,65,14,5,Excellent,68.28,27,20,Not Promoted,Active
14095,Pooja Das,employee14095@company.com,Finance,Project Manager,Pune,Full-Time,B.E,2021-11-01,66353,45,11.5,93.62,44,3,3,Average,88.59,8,12,Not Promoted,Active
14096,Arun Nair,employee14096@company.com,HR,Software Engineer,Delhi,Part-Time,B.Tech,2019-08-01,113683,30,11.7,78.44,71,12,3,Average,80.94,22,16,Not Promoted,Active
14097,Swetha Sharma,employee14097@company.com,Engineering,Project Manager,Chennai,Full-Time,B.E,2019-09-24,138323,36,17.3,80.69,96,9,1,Needs Improvement,98.14,39,1,Promoted,Inactive
14098,Manoj Sharma,employee14098@company.com,HR,Financial Analyst,Hyderabad,Full-Time,M.Sc,2024-05-15,105423,24,12.0,85.29,68,6,2,Needs Improvement,99.1,5,1,Not Promoted,Active
14099,Pooja Pillai,employee14099@company.com,IT,Marketing Executive,Hyderabad,Full-Time,B.Tech,2025-09-02,113867,30,6.4,87.48,63,12,3,Average,49.44,18,21,Not Promoted,Active
14100,Swetha Pillai,employee14100@company.com,Engineering,Support Associate,Coimbatore,Full-Time,M.Sc,2021-12-27,32202,51,6.3,78.76,9,12,1,Needs Improvement,64.18,19,17,Not Promoted,Active
14101,Swetha Iyer,employee14101@company.com,Marketing,HR Executive,Bangalore,Part-Time,BBA,2024-04-08,135138,32,8.9,99.77,66,14,4,Good,101.61,17,5,Not Promoted,Active
14102,Kavya Iyer,employee14102@company.com,Engineering,HR Executive,Hyderabad,Full-Time,B.E,2023-07-28,88168,40,5.0,92.11,10,12,3,Average,71.26,26,24,Not Promoted,Active
14103,Swetha Menon,employee14103@company.com,Marketing,Support Associate,Bangalore,Full-Time,M.Com,2021-05-30,128121,52,7.1,78.22,93,6,4,Good,78.47,32,30,Promoted,Active
14104,Ajay Singh,employee14104@company.com,Operations,Support Associate,Pune,Full-Time,MBA,2025-10-01,87835,22,15.2,89.21,27,7,3,Average,56.92,28,1,Not Promoted,Inactive
14105,Swetha Kumar,employee14105@company.com,Sales,Support Associate,Coimbatore,Full-Time,B.E,2020-09-11,108960,31,15.5,83.06,4,15,3,Average,80.92,8,22,Not Promoted,Active
14106,Swetha Nair,employee14106@company.com,Sales,Software Engineer,Bangalore,Full-Time,MCA,2018-01-04,141766,40,11.5,95.81,11,4,4,Good,62.2,26,29,Promoted,Active
14107,Meena Reddy,employee14107@company.com,Marketing,Support Associate,Mumbai,Contract,M.Sc,2024-06-25,126168,43,10.7,79.87,43,3,5,Excellent,98.9,38,10,Promoted,Active
14108,Kavya Menon,employee14108@company.com,Operations,Support Associate,Mumbai,Full-Time,B.Tech,2021-09-06,129133,33,8.0,75.64,92,0,2,Needs Improvement,58.02,10,16,Not Promoted,Active
14109,Ravi Rao,employee14109@company.com,Engineering,Senior Software Engineer,Coimbatore,Part-Time,M.Sc,2020-10-28,129553,55,11.6,71.38,89,3,5,Excellent,68.39,7,8,Promoted,Active
14110,Aakash Rao,employee14110@company.com,Customer Support,Data Analyst,Mumbai,Full-Time,MCA,2020-12-11,147130,37,14.6,99.53,92,13,4,Good,51.18,13,19,Not Promoted,Active
14111,Nisha Rao,employee14111@company.com,Marketing,Operations Analyst,Delhi,Contract,MBA,2020-10-20,128519,30,13.4,80.78,28,10,4,Good,83.22,12,4,Not Promoted,Active
14112,Rohan Rao,employee14112@company.com,Engineering,Support Associate,Mumbai,Full-Time,BBA,2021-03-11,73809,34,1.1,76.62,77,9,4,Good,106.23,6,19,Not Promoted,Active
14113,Swetha Singh,employee14113@company.com,Operations,Senior Software Engineer,Mumbai,Full-Time,MCA,2020-02-18,128416,39,13.3,84.75,35,0,2,Needs Improvement,56.26,14,14,Not Promoted,Active
14114,Kavya Singh,employee14114@company.com,Operations,Financial Analyst,Mumbai,Full-Time,M.Com,2025-11-14,38341,52,13.1,78.75,34,6,2,Needs Improvement,46.28,37,25,Promoted,Active
14115,Ajay Reddy,employee14115@company.com,Operations,Operations Analyst,Mumbai,Contract,BBA,2018-10-07,146625,53,2.2,76.99,7,5,4,Good,72.46,17,24,Not Promoted,Active
14116,Priya Pillai,employee14116@company.com,Operations,Marketing Executive,Delhi,Full-Time,M.Sc,2021-01-16,90410,45,3.1,88.49,15,6,3,Average,93.65,35,30,Not Promoted,Active
14117,Pooja Rao,employee14117@company.com,IT,Operations Analyst,Mumbai,Full-Time,M.Com,2021-03-29,45640,45,14.3,72.25,42,7,5,Excellent,108.38,30,29,Not Promoted,Active
14118,Rahul Verma,employee14118@company.com,Engineering,Software Engineer,Mumbai,Contract,B.Com,2020-09-11,50905,34,10.3,85.27,68,14,3,Average,48.33,3,16,Not Promoted,Active
14119,Ravi Nair,employee14119@company.com,IT,Support Associate,Pune,Full-Time,MBA,2023-09-07,34838,44,14.9,81.62,15,5,2,Needs Improvement,96.09,12,9,Not Promoted,Active
14120,Kavya Singh,employee14120@company.com,Marketing,Operations Analyst,Delhi,Full-Time,BBA,2020-03-20,49275,33,3.7,85.98,55,1,4,Good,68.96,38,5,Not Promoted,Active
14121,Swetha Iyer,employee14121@company.com,Operations,Financial Analyst,Mumbai,Full-Time,B.E,2018-09-29,31339,22,1.0,79.61,40,1,3,Average,54.99,29,12,Not Promoted,Active
14122,Divya Nair,employee14122@company.com,Finance,Software Engineer,Bangalore,Full-Time,M.Com,2021-01-28,84999,54,3.3,87.11,76,8,4,Good,57.5,18,27,Not Promoted,Active
14123,Pooja Joshi,employee14123@company.com,Operations,Support Associate,Coimbatore,Full-Time,BBA,2021-05-12,125689,35,8.4,72.45,7,5,4,Good,105.05,3,20,Not Promoted,Active
14124,Divya Das,employee14124@company.com,Finance,Project Manager,Pune,Full-Time,B.E,2018-07-09,38449,22,9.7,81.28,53,5,5,Excellent,97.61,0,15,Not Promoted,Active
14125,Divya Pillai,employee14125@company.com,IT,Operations Analyst,Delhi,Full-Time,M.Sc,2019-06-30,101565,45,15.5,77.12,89,0,4,Good,65.26,39,23,Not Promoted,Active
14126,Ajay Mishra,employee14126@company.com,Operations,Support Associate,Hyderabad,Full-Time,B.E,2024-05-30,72550,25,13.0,83.14,4,7,4,Good,106.11,31,1,Promoted,Active
14127,Kavya Mishra,employee14127@company.com,HR,Project Manager,Chennai,Full-Time,M.Sc,2023-06-27,46813,54,17.8,81.95,8,13,4,Good,51.84,11,27,Not Promoted,Active
14128,Nisha Gupta,employee14128@company.com,Marketing,Software Engineer,Delhi,Full-Time,B.Tech,2020-04-27,128602,25,1.9,88.94,65,10,5,Excellent,65.96,11,19,Not Promoted,Active
14129,Pooja Nair,employee14129@company.com,Operations,Sales Executive,Coimbatore,Full-Time,MCA,2021-09-29,103160,28,2.8,88.86,70,7,3,Average,87.44,19,4,Not Promoted,Active
14130,Arun Kumar,employee14130@company.com,Sales,Data Analyst,Pune,Full-Time,B.E,2020-02-10,142993,34,2.0,82.4,29,3,1,Needs Improvement,109.96,10,23,Not Promoted,Active
14131,Karthik Das,employee14131@company.com,Finance,Sales Executive,Mumbai,Part-Time,M.Sc,2020-02-08,143008,49,9.9,75.45,80,6,3,Average,75.27,29,28,Not Promoted,Active
14132,Divya Joshi,employee14132@company.com,Customer Support,Project Manager,Pune,Contract,B.Com,2023-10-02,47659,50,5.2,87.46,94,14,3,Average,97.7,30,16,Not Promoted,Inactive
14133,Vijay Joshi,employee14133@company.com,Customer Support,HR Executive,Chennai,Part-Time,MBA,2025-06-24,113312,24,12.5,99.0,64,8,4,Good,104.53,27,6,Not Promoted,Active
14134,Nisha Rao,employee14134@company.com,Operations,Data Analyst,Chennai,Full-Time,BBA,2020-12-06,37068,55,2.8,75.56,91,13,4,Good,45.63,28,23,Promoted,Inactive
14135,Ravi Mishra,employee14135@company.com,Engineering,Data Analyst,Delhi,Part-Time,MBA,2020-10-07,126830,27,2.3,72.07,29,10,4,Good,63.78,40,16,Not Promoted,Active
14136,Vijay Menon,employee14136@company.com,HR,Financial Analyst,Mumbai,Contract,B.Tech,2019-12-04,113562,46,8.6,77.94,46,12,1,Needs Improvement,51.52,21,4,Not Promoted,Active
14137,Vijay Singh,employee14137@company.com,Finance,Financial Analyst,Mumbai,Full-Time,B.Com,2019-04-10,102886,52,7.1,82.39,94,0,4,Good,95.44,28,5,Not Promoted,Active
14138,Meena Reddy,employee14138@company.com,HR,Support Associate,Bangalore,Full-Time,MCA,2025-02-13,144602,53,15.0,79.19,87,11,3,Average,81.86,0,9,Not Promoted,Active
14139,Rohan Patel,employee14139@company.com,Customer Support,Operations Analyst,Chennai,Full-Time,B.Com,2020-07-05,71471,44,15.2,95.04,30,12,4,Good,51.21,20,4,Not Promoted,Active
14140,Priya Pillai,employee14140@company.com,Marketing,Sales Executive,Mumbai,Full-Time,M.Sc,2021-12-23,51880,21,2.6,84.79,59,4,4,Good,72.35,30,13,Not Promoted,Active
14141,Aakash Menon,employee14141@company.com,Customer Support,Marketing Executive,Chennai,Contract,MBA,2023-07-24,50847,49,14.7,77.38,74,12,3,Average,78.41,26,30,Promoted,Active
14142,Vijay Reddy,employee14142@company.com,Marketing,HR Executive,Bangalore,Full-Time,B.Com,2018-07-13,59055,41,10.4,98.51,79,7,2,Needs Improvement,90.35,34,24,Not Promoted,Active
14143,Vijay Das,employee14143@company.com,Marketing,Marketing Executive,Hyderabad,Full-Time,MCA,2018-03-07,39802,43,9.3,73.75,8,6,2,Needs Improvement,95.67,7,19,Not Promoted,Active
14144,Pooja Sharma,employee14144@company.com,IT,Support Associate,Chennai,Full-Time,M.Com,2025-02-15,29944,25,2.2,73.69,93,12,4,Good,50.71,39,13,Not Promoted,Active
14145,Dinesh Verma,employee14145@company.com,Customer Support,Project Manager,Bangalore,Full-Time,B.E,2022-09-22,25360,50,13.4,77.36,75,9,5,Excellent,76.7,7,1,Not Promoted,Active
14146,Ajay Iyer,employee14146@company.com,Engineering,Data Analyst,Bangalore,Full-Time,BBA,2019-08-24,88475,38,1.5,72.3,53,3,4,Good,55.47,5,8,Not Promoted,Active
14147,Kavya Gupta,employee14147@company.com,Customer Support,HR Executive,Coimbatore,Contract,M.Sc,2022-02-08,108894,26,5.4,92.55,60,2,2,Needs Improvement,93.96,14,17,Promoted,Active
14148,Swetha Sharma,employee14148@company.com,HR,Support Associate,Bangalore,Full-Time,B.E,2022-09-08,28464,25,2.2,79.38,63,0,3,Average,87.75,20,17,Not Promoted,Active
14149,Karthik Joshi,employee14149@company.com,Operations,HR Executive,Pune,Part-Time,MBA,2023-03-20,43610,38,9.8,91.9,79,15,4,Good,92.0,36,27,Not Promoted,Active
14150,Vijay Joshi,employee14150@company.com,Sales,Senior Software Engineer,Delhi,Full-Time,MBA,2019-04-21,55607,33,11.8,92.88,96,2,4,Good,49.87,5,21,Not Promoted,Active
14151,Meena Singh,employee14151@company.com,Sales,Sales Executive,Mumbai,Full-Time,MCA,2025-03-05,30044,40,16.1,77.13,5,14,2,Needs Improvement,78.17,28,8,Not Promoted,Active
14152,Kavya Singh,employee14152@company.com,Engineering,Financial Analyst,Chennai,Full-Time,B.Com,2025-09-10,112545,41,13.3,85.55,44,1,1,Needs Improvement,99.64,24,4,Not Promoted,Inactive
14153,Divya Kumar,employee14153@company.com,Marketing,Sales Executive,Delhi,Part-Time,MCA,2020-06-05,125154,24,17.3,85.59,64,4,4,Good,91.37,22,25,Not Promoted,Active
14154,Priya Mishra,employee14154@company.com,Engineering,Marketing Executive,Pune,Full-Time,B.Tech,2025-11-17,63700,33,13.8,96.14,76,13,3,Average,101.01,37,17,Not Promoted,Active
14155,Divya Iyer,employee14155@company.com,Sales,HR Executive,Chennai,Full-Time,MBA,2018-03-23,84890,38,5.7,70.77,36,15,3,Average,58.4,26,11,Not Promoted,Active
14156,Swetha Verma,employee14156@company.com,Engineering,Software Engineer,Delhi,Full-Time,M.Sc,2023-05-15,35916,33,10.1,79.5,98,0,1,Needs Improvement,63.65,22,5,Not Promoted,Active
14157,Manoj Singh,employee14157@company.com,Finance,Financial Analyst,Pune,Contract,BBA,2025-07-10,118786,33,8.5,96.47,89,3,4,Good,73.68,18,16,Not Promoted,Inactive
14158,Swetha Pillai,employee14158@company.com,HR,Marketing Executive,Mumbai,Full-Time,M.Sc,2018-02-13,110825,55,10.4,77.1,72,7,4,Good,79.01,27,13,Promoted,Active
14159,Anjali Singh,employee14159@company.com,HR,Senior Software Engineer,Bangalore,Full-Time,MBA,2025-11-11,94311,47,10.5,74.11,16,8,5,Excellent,61.39,33,9,Not Promoted,Active
14160,Aakash Nair,employee14160@company.com,Engineering,Senior Software Engineer,Delhi,Full-Time,MBA,2022-02-10,70347,46,12.8,87.28,98,14,4,Good,69.78,6,25,Not Promoted,Active
14161,Manoj Sharma,employee14161@company.com,HR,Software Engineer,Delhi,Full-Time,MCA,2019-09-02,25817,32,2.0,79.18,24,15,4,Good,89.66,12,18,Not Promoted,Active
14162,Arun Joshi,employee14162@company.com,Finance,Data Analyst,Chennai,Part-Time,M.Sc,2023-03-04,27146,22,13.6,84.02,49,15,2,Needs Improvement,86.95,3,2,Not Promoted,Active
14163,Rohan Singh,employee14163@company.com,Operations,HR Executive,Bangalore,Contract,MCA,2021-09-14,114694,40,3.0,94.6,70,0,4,Good,52.18,10,9,Not Promoted,Active
14164,Ravi Patel,employee14164@company.com,IT,Senior Software Engineer,Coimbatore,Full-Time,B.Com,2021-12-08,115292,55,1.0,85.62,30,2,3,Average,109.07,20,13,Not Promoted,Active
14165,Vijay Iyer,employee14165@company.com,Finance,Financial Analyst,Mumbai,Contract,M.Com,2022-11-23,48480,30,9.6,85.48,31,5,4,Good,81.58,20,14,Not Promoted,Active
14166,Nisha Gupta,employee14166@company.com,HR,Marketing Executive,Chennai,Full-Time,MBA,2019-12-21,57146,28,10.7,78.35,47,4,3,Average,76.43,25,15,Not Promoted,Active
14167,Divya Singh,employee14167@company.com,HR,Software Engineer,Hyderabad,Full-Time,M.Com,2019-11-22,131137,51,1.1,93.79,82,11,3,Average,107.87,30,5,Not Promoted,Active
14168,Divya Mishra,employee14168@company.com,Customer Support,Data Analyst,Hyderabad,Contract,MCA,2023-04-30,144157,35,9.5,92.19,16,0,2,Needs Improvement,54.12,3,13,Not Promoted,Active
14169,Pooja Verma,employee14169@company.com,HR,Data Analyst,Hyderabad,Full-Time,BBA,2025-07-09,57611,38,9.9,77.02,60,1,3,Average,80.34,2,3,Not Promoted,Active
14170,Ajay Sharma,employee14170@company.com,Operations,Support Associate,Mumbai,Full-Time,B.Com,2025-11-24,112875,35,1.4,79.6,56,1,2,Needs Improvement,97.33,38,12,Not Promoted,Active
14171,Manoj Menon,employee14171@company.com,Sales,Marketing Executive,Hyderabad,Full-Time,MCA,2018-04-20,111639,39,13.0,93.66,56,15,3,Average,70.93,20,26,Not Promoted,Active
14172,Vijay Sharma,employee14172@company.com,IT,Financial Analyst,Delhi,Full-Time,B.Tech,2018-08-07,49234,44,4.2,80.73,69,6,5,Excellent,92.86,37,26,Not Promoted,Active
14173,Ravi Singh,employee14173@company.com,Finance,Senior Software Engineer,Coimbatore,Full-Time,M.Sc,2019-04-08,129318,55,14.4,82.11,88,5,3,Average,103.45,17,7,Promoted,Inactive
14174,Manoj Menon,employee14174@company.com,Engineering,Support Associate,Chennai,Full-Time,B.E,2025-12-17,29958,22,5.9,80.93,32,12,4,Good,62.01,32,22,Not Promoted,Active
14175,Manoj Joshi,employee14175@company.com,HR,Operations Analyst,Coimbatore,Part-Time,B.E,2019-05-30,80417,33,8.9,74.85,18,14,5,Excellent,60.69,34,8,Not Promoted,Active
14176,Ajay Iyer,employee14176@company.com,Customer Support,Financial Analyst,Coimbatore,Full-Time,MCA,2019-09-29,41825,29,16.1,80.23,14,5,5,Excellent,68.44,31,20,Not Promoted,Active
14177,Dinesh Mishra,employee14177@company.com,Customer Support,HR Executive,Coimbatore,Full-Time,B.E,2021-05-01,82036,55,14.6,94.09,34,0,4,Good,72.2,10,10,Not Promoted,Active
14178,Arun Joshi,employee14178@company.com,Marketing,Marketing Executive,Delhi,Contract,B.E,2019-09-19,133788,22,14.2,84.73,48,12,4,Good,52.22,38,4,Not Promoted,Active
14179,Anjali Das,employee14179@company.com,IT,Software Engineer,Hyderabad,Full-Time,B.Com,2018-03-11,84006,36,3.3,83.75,95,15,3,Average,60.03,30,4,Not Promoted,Active
14180,Divya Sharma,employee14180@company.com,Customer Support,Senior Software Engineer,Coimbatore,Full-Time,B.E,2024-11-11,147346,22,1.3,74.69,35,15,3,Average,101.76,29,24,Not Promoted,Active
14181,Kavya Singh,employee14181@company.com,Marketing,Operations Analyst,Coimbatore,Full-Time,B.Com,2022-02-26,83214,36,11.1,75.33,95,0,3,Average,81.83,37,17,Not Promoted,Active
14182,Nisha Reddy,employee14182@company.com,IT,HR Executive,Chennai,Full-Time,B.Tech,2023-11-15,52450,28,7.7,71.29,95,3,4,Good,62.41,19,15,Not Promoted,Active
14183,Suresh Joshi,employee14183@company.com,HR,Software Engineer,Delhi,Full-Time,MBA,2023-01-25,89557,21,16.4,70.42,53,15,4,Good,106.33,39,22,Not Promoted,Active
14184,Kavya Reddy,employee14184@company.com,IT,Senior Software Engineer,Mumbai,Full-Time,BBA,2018-08-12,101227,38,6.6,84.64,35,9,3,Average,95.33,25,25,Promoted,Active
14185,Vijay Patel,employee14185@company.com,IT,Project Manager,Bangalore,Part-Time,MBA,2023-02-09,105167,46,7.7,82.28,52,14,2,Needs Improvement,68.56,10,18,Not Promoted,Active
14186,Pooja Nair,employee14186@company.com,Engineering,Project Manager,Delhi,Contract,MBA,2025-11-18,88211,25,9.7,78.26,59,5,4,Good,94.75,1,23,Promoted,Active
14187,Vijay Singh,employee14187@company.com,HR,Data Analyst,Pune,Full-Time,M.Sc,2025-05-12,44596,41,14.4,99.7,97,10,2,Needs Improvement,83.74,38,8,Not Promoted,Active
14188,Swetha Reddy,employee14188@company.com,Operations,Operations Analyst,Hyderabad,Full-Time,B.Com,2022-06-23,84000,55,5.2,81.94,73,5,4,Good,89.45,16,10,Not Promoted,Active
14189,Priya Rao,employee14189@company.com,Customer Support,Operations Analyst,Pune,Full-Time,B.Com,2022-12-11,92432,48,17.0,93.67,43,4,4,Good,65.89,23,10,Not Promoted,Active
14190,Divya Iyer,employee14190@company.com,Marketing,Project Manager,Bangalore,Part-Time,B.Com,2024-12-18,58857,46,9.9,76.32,32,3,4,Good,58.62,29,13,Not Promoted,Active
14191,Nisha Menon,employee14191@company.com,Engineering,Support Associate,Mumbai,Full-Time,B.Tech,2022-11-15,148362,52,15.2,77.41,43,1,4,Good,61.48,36,9,Not Promoted,Active
14192,Dinesh Singh,employee14192@company.com,Engineering,Support Associate,Delhi,Full-Time,BBA,2020-11-27,25308,41,9.7,87.05,54,6,5,Excellent,50.44,5,8,Not Promoted,Active
14193,Rahul Rao,employee14193@company.com,Operations,Data Analyst,Mumbai,Full-Time,M.Com,2020-02-08,137075,24,14.0,70.12,73,11,3,Average,75.62,22,4,Not Promoted,Active
14194,Sneha Das,employee14194@company.com,Marketing,Senior Software Engineer,Bangalore,Full-Time,B.Com,2023-02-19,50168,44,1.4,70.52,43,15,4,Good,71.41,34,25,Not Promoted,Active
14195,Nisha Rao,employee14195@company.com,Sales,Support Associate,Pune,Full-Time,B.Com,2025-09-08,53419,53,14.5,74.27,50,5,4,Good,45.17,25,26,Not Promoted,Active
14196,Rohan Gupta,employee14196@company.com,Customer Support,Support Associate,Delhi,Full-Time,MBA,2022-07-27,140706,25,9.7,76.69,98,15,3,Average,100.66,24,10,Promoted,Active
14197,Arun Verma,employee14197@company.com,Marketing,Sales Executive,Hyderabad,Full-Time,MCA,2024-12-10,123173,23,8.4,85.84,85,6,1,Needs Improvement,89.32,35,27,Not Promoted,Active
14198,Rohan Mishra,employee14198@company.com,Marketing,Sales Executive,Chennai,Full-Time,M.Sc,2025-02-16,95029,31,2.5,90.59,50,13,3,Average,74.04,20,8,Promoted,Active
14199,Rahul Menon,employee14199@company.com,IT,Financial Analyst,Coimbatore,Full-Time,BBA,2020-09-18,37756,52,13.5,79.36,86,2,3,Average,107.86,22,12,Not Promoted,Active
14200,Manoj Iyer,employee14200@company.com,Sales,Sales Executive,Mumbai,Contract,B.E,2022-09-25,54288,42,2.8,77.17,6,0,4,Good,106.14,0,28,Not Promoted,Active
14201,Pooja Pillai,employee14201@company.com,HR,Senior Software Engineer,Bangalore,Contract,B.E,2023-07-22,37384,31,3.9,94.68,84,0,4,Good,51.18,9,18,Not Promoted,Active
14202,Ajay Nair,employee14202@company.com,HR,Senior Software Engineer,Delhi,Full-Time,B.Tech,2022-03-10,142949,42,2.7,74.88,0,3,3,Average,84.98,24,7,Not Promoted,Active
14203,Pooja Mishra,employee14203@company.com,Finance,Sales Executive,Pune,Full-Time,B.E,2019-05-04,64852,24,0.6,90.35,12,3,2,Needs Improvement,98.11,21,22,Not Promoted,Active
14204,Swetha Menon,employee14204@company.com,Sales,HR Executive,Hyderabad,Full-Time,M.Com,2018-02-26,40195,23,12.1,97.94,72,6,5,Excellent,56.24,7,3,Promoted,Inactive
14205,Divya Reddy,employee14205@company.com,IT,Software Engineer,Pune,Full-Time,MBA,2019-05-27,111210,30,5.2,76.97,47,12,2,Needs Improvement,53.32,40,11,Not Promoted,Active
14206,Karthik Menon,employee14206@company.com,Finance,Data Analyst,Hyderabad,Full-Time,B.Tech,2023-11-22,146789,39,3.1,72.61,83,6,3,Average,61.89,32,24,Not Promoted,Active
14207,Dinesh Gupta,employee14207@company.com,Finance,Senior Software Engineer,Delhi,Full-Time,BBA,2025-02-17,59125,38,6.1,99.39,46,3,4,Good,63.18,11,30,Not Promoted,Active
14208,Sneha Singh,employee14208@company.com,HR,Project Manager,Chennai,Full-Time,B.E,2023-10-09,25082,48,9.2,78.12,46,6,4,Good,107.72,38,6,Not Promoted,Active
14209,Rohan Gupta,employee14209@company.com,Marketing,Senior Software Engineer,Chennai,Full-Time,BBA,2022-05-21,98978,51,9.3,78.27,9,7,2,Needs Improvement,95.73,11,23,Not Promoted,Active
14210,Priya Singh,employee14210@company.com,IT,Financial Analyst,Coimbatore,Full-Time,B.E,2020-01-05,99821,37,6.9,84.51,25,8,2,Needs Improvement,48.88,11,26,Not Promoted,Active
14211,Manoj Nair,employee14211@company.com,Engineering,Senior Software Engineer,Bangalore,Full-Time,MCA,2022-05-02,128715,44,9.2,76.93,49,5,2,Needs Improvement,96.12,10,7,Not Promoted,Active
14212,Ravi Das,employee14212@company.com,Engineering,Operations Analyst,Bangalore,Full-Time,MBA,2019-01-06,76539,21,8.0,99.79,46,14,4,Good,56.03,7,18,Promoted,Active
14213,Ajay Singh,employee14213@company.com,Sales,Project Manager,Hyderabad,Full-Time,B.Tech,2023-09-05,108328,25,14.9,71.29,43,3,4,Good,68.22,7,22,Promoted,Inactive
14214,Pooja Nair,employee14214@company.com,Finance,Software Engineer,Hyderabad,Full-Time,MBA,2024-09-06,72803,52,1.0,83.54,0,9,3,Average,65.7,36,7,Not Promoted,Active
14215,Kavya Iyer,employee14215@company.com,IT,Senior Software Engineer,Hyderabad,Full-Time,B.Tech,2023-01-17,83825,37,15.7,86.45,62,1,4,Good,62.7,15,18,Not Promoted,Active
14216,Aakash Sharma,employee14216@company.com,HR,Sales Executive,Hyderabad,Full-Time,M.Sc,2019-08-29,106036,41,4.8,84.01,16,8,4,Good,65.07,35,24,Promoted,Active
14217,Manoj Mishra,employee14217@company.com,Finance,Senior Software Engineer,Coimbatore,Full-Time,M.Sc,2018-04-20,85555,42,13.1,85.62,16,11,2,Needs Improvement,94.02,17,28,Not Promoted,Active
14218,Pooja Reddy,employee14218@company.com,Finance,Data Analyst,Delhi,Full-Time,B.E,2020-02-12,99826,54,7.6,99.63,38,6,3,Average,62.33,20,25,Promoted,Active
14219,Ajay Reddy,employee14219@company.com,Operations,Financial Analyst,Delhi,Full-Time,MBA,2024-04-20,61496,34,5.7,96.31,42,5,4,Good,97.05,3,3,Not Promoted,Active
14220,Rahul Singh,employee14220@company.com,HR,Data Analyst,Chennai,Full-Time,MBA,2023-01-05,30294,36,11.3,79.25,75,3,3,Average,50.92,6,28,Not Promoted,Active
14221,Divya Iyer,employee14221@company.com,Engineering,Software Engineer,Bangalore,Full-Time,M.Com,2023-02-03,69852,25,14.0,86.54,40,3,3,Average,83.69,33,9,Not Promoted,Active
14222,Divya Singh,employee14222@company.com,Operations,Software Engineer,Coimbatore,Full-Time,M.Sc,2023-01-02,148612,38,8.4,70.01,14,1,4,Good,101.1,33,14,Not Promoted,Active
14223,Pooja Menon,employee14223@company.com,HR,Software Engineer,Bangalore,Full-Time,MCA,2020-07-05,90858,24,8.7,82.29,0,0,5,Excellent,50.15,35,22,Promoted,Active
14224,Arun Sharma,employee14224@company.com,HR,Financial Analyst,Mumbai,Full-Time,MBA,2025-09-14,40836,48,1.5,74.92,57,15,4,Good,86.27,36,7,Not Promoted,Active
14225,Arun Das,employee14225@company.com,Operations,Data Analyst,Bangalore,Full-Time,BBA,2025-01-29,125361,47,16.7,91.34,53,4,4,Good,78.26,29,14,Not Promoted,Active
14226,Ajay Rao,employee14226@company.com,Engineering,Support Associate,Bangalore,Full-Time,BBA,2025-04-16,60828,26,15.3,76.63,95,5,4,Good,66.58,25,15,Not Promoted,Active
14227,Rohan Iyer,employee14227@company.com,Customer Support,Operations Analyst,Pune,Full-Time,B.Tech,2025-03-19,73978,31,7.5,92.47,74,9,3,Average,51.54,11,23,Promoted,Active
14228,Divya Joshi,employee14228@company.com,IT,Software Engineer,Pune,Full-Time,M.Com,2019-08-20,110620,41,13.9,79.39,4,8,4,Good,88.97,10,20,Not Promoted,Active
14229,Swetha Gupta,employee14229@company.com,IT,HR Executive,Coimbatore,Full-Time,BBA,2021-05-22,63403,37,6.0,97.77,61,0,3,Average,65.11,28,6,Not Promoted,Active
14230,Rohan Menon,employee14230@company.com,Customer Support,Data Analyst,Mumbai,Contract,MBA,2023-12-01,93920,51,13.3,83.36,81,4,3,Average,67.03,2,7,Not Promoted,Active
14231,Karthik Menon,employee14231@company.com,IT,Data Analyst,Hyderabad,Contract,MBA,2021-08-28,34453,54,9.5,95.19,81,10,4,Good,91.64,10,28,Not Promoted,Active
14232,Rahul Nair,employee14232@company.com,Marketing,Sales Executive,Mumbai,Full-Time,M.Com,2025-03-01,50381,33,8.6,88.84,86,12,4,Good,106.45,8,12,Promoted,Active
14233,Suresh Mishra,employee14233@company.com,Finance,Marketing Executive,Mumbai,Full-Time,B.E,2020-08-12,89542,43,1.5,99.32,70,4,3,Average,66.69,25,12,Not Promoted,Active
14234,Anjali Joshi,employee14234@company.com,IT,Marketing Executive,Chennai,Full-Time,MBA,2021-01-29,83877,21,17.4,92.28,45,8,5,Excellent,93.54,7,26,Not Promoted,Inactive
14235,Karthik Mishra,employee14235@company.com,Marketing,Project Manager,Delhi,Contract,B.Com,2020-02-01,133537,24,15.2,91.83,89,10,1,Needs Improvement,107.18,20,28,Promoted,Active
14236,Dinesh Joshi,employee14236@company.com,Finance,Financial Analyst,Bangalore,Full-Time,MCA,2020-07-26,78377,50,14.4,77.95,64,15,3,Average,51.36,7,1,Not Promoted,Active
14237,Dinesh Mishra,employee14237@company.com,IT,Software Engineer,Chennai,Full-Time,B.E,2025-05-24,126760,51,5.8,85.15,27,10,2,Needs Improvement,79.4,5,25,Promoted,Active
14238,Suresh Das,employee14238@company.com,HR,Sales Executive,Coimbatore,Full-Time,MBA,2023-11-02,28664,36,5.6,78.7,83,3,4,Good,45.73,17,19,Not Promoted,Active
14239,Manoj Rao,employee14239@company.com,Customer Support,Software Engineer,Delhi,Full-Time,B.E,2019-12-20,60864,23,10.5,70.58,40,12,4,Good,98.64,5,14,Not Promoted,Active
14240,Suresh Kumar,employee14240@company.com,Sales,Software Engineer,Coimbatore,Full-Time,B.Tech,2023-05-08,114348,32,15.3,91.32,22,12,3,Average,63.65,20,5,Not Promoted,Active
14241,Manoj Sharma,employee14241@company.com,IT,Sales Executive,Bangalore,Full-Time,B.E,2025-12-25,38871,32,16.9,77.08,31,2,4,Good,66.63,22,24,Not Promoted,Active
14242,Ajay Verma,employee14242@company.com,Sales,Sales Executive,Coimbatore,Full-Time,M.Com,2020-08-06,98101,31,5.2,81.92,57,2,3,Average,89.67,35,17,Not Promoted,Active
14243,Divya Nair,employee14243@company.com,IT,Operations Analyst,Mumbai,Full-Time,MBA,2018-10-29,95195,36,11.1,78.54,38,5,4,Good,96.3,17,6,Promoted,Active
14244,Ajay Rao,employee14244@company.com,HR,Senior Software Engineer,Bangalore,Contract,B.E,2021-05-25,50929,49,13.2,75.99,81,14,3,Average,71.0,26,1,Promoted,Active
14245,Divya Iyer,employee14245@company.com,Customer Support,Marketing Executive,Hyderabad,Full-Time,BBA,2025-02-28,139836,41,4.5,72.01,32,10,3,Average,88.26,2,25,Not Promoted,Active
14246,Anjali Gupta,employee14246@company.com,Engineering,Senior Software Engineer,Hyderabad,Full-Time,B.Com,2025-02-01,120640,25,7.6,80.14,57,0,5,Excellent,107.16,11,1,Not Promoted,Active
14247,Kavya Singh,employee14247@company.com,Customer Support,Project Manager,Mumbai,Full-Time,B.Tech,2023-11-10,30730,33,3.8,72.45,88,0,3,Average,102.65,19,0,Not Promoted,Active
14248,Anjali Menon,employee14248@company.com,Sales,Sales Executive,Coimbatore,Full-Time,B.Tech,2025-05-25,121834,37,12.7,86.21,31,0,2,Needs Improvement,90.58,18,24,Not Promoted,Active
14249,Ravi Nair,employee14249@company.com,Marketing,Financial Analyst,Pune,Full-Time,M.Sc,2022-01-15,114083,32,15.6,70.59,49,6,4,Good,106.3,22,21,Not Promoted,Active
14250,Swetha Mishra,employee14250@company.com,HR,Project Manager,Hyderabad,Full-Time,B.E,2019-09-06,139385,37,15.9,98.2,50,13,5,Excellent,101.94,4,28,Not Promoted,Active
14251,Dinesh Joshi,employee14251@company.com,Sales,Sales Executive,Mumbai,Contract,M.Com,2023-10-20,51359,21,12.2,98.99,91,4,3,Average,92.39,18,13,Not Promoted,Active
14252,Anjali Das,employee14252@company.com,Sales,Senior Software Engineer,Chennai,Full-Time,B.Tech,2022-03-29,80414,28,6.6,79.14,76,13,2,Needs Improvement,104.62,11,1,Not Promoted,Active
14253,Anjali Iyer,employee14253@company.com,Operations,Support Associate,Pune,Full-Time,M.Sc,2021-11-25,145241,36,12.1,77.81,18,13,3,Average,98.13,27,9,Not Promoted,Active
14254,Divya Menon,employee14254@company.com,Operations,Support Associate,Hyderabad,Full-Time,B.E,2019-10-31,101003,35,15.6,73.13,2,10,4,Good,77.65,36,3,Promoted,Active
14255,Nisha Nair,employee14255@company.com,HR,Marketing Executive,Mumbai,Full-Time,B.E,2023-10-30,107534,39,11.5,97.15,90,14,3,Average,77.65,33,3,Not Promoted,Active
14256,Ravi Iyer,employee14256@company.com,HR,HR Executive,Mumbai,Full-Time,B.Tech,2025-03-27,116936,45,7.7,87.61,16,8,4,Good,45.57,15,27,Not Promoted,Active
14257,Kavya Kumar,employee14257@company.com,HR,Financial Analyst,Chennai,Full-Time,B.E,2018-08-06,131735,51,16.6,88.3,42,11,5,Excellent,46.97,3,22,Not Promoted,Active
14258,Ajay Iyer,employee14258@company.com,Finance,Software Engineer,Chennai,Full-Time,B.E,2020-01-19,140600,22,15.1,96.88,28,10,3,Average,93.5,5,6,Not Promoted,Active
14259,Rahul Pillai,employee14259@company.com,Marketing,Data Analyst,Pune,Full-Time,MCA,2018-05-05,126317,45,15.9,97.32,43,13,3,Average,81.06,6,19,Not Promoted,Active
14260,Ravi Kumar,employee14260@company.com,IT,Project Manager,Delhi,Full-Time,B.Com,2018-07-20,95945,51,16.3,94.85,51,14,3,Average,94.46,33,4,Not Promoted,Active
14261,Nisha Sharma,employee14261@company.com,Engineering,Sales Executive,Hyderabad,Contract,B.E,2025-03-06,120385,24,7.4,93.2,96,2,2,Needs Improvement,106.73,3,26,Not Promoted,Active
14262,Suresh Sharma,employee14262@company.com,Operations,Support Associate,Mumbai,Full-Time,BBA,2020-11-09,102481,24,15.5,96.32,27,5,5,Excellent,74.41,14,11,Not Promoted,Active
14263,Rahul Menon,employee14263@company.com,Customer Support,HR Executive,Pune,Full-Time,MCA,2019-12-23,107078,32,10.5,96.28,83,6,3,Average,50.75,12,11,Not Promoted,Active
14264,Manoj Nair,employee14264@company.com,Customer Support,Financial Analyst,Coimbatore,Full-Time,MCA,2020-08-09,106520,37,1.2,81.06,33,2,3,Average,85.73,8,24,Not Promoted,Active
14265,Aakash Joshi,employee14265@company.com,Sales,Financial Analyst,Pune,Contract,B.E,2023-02-25,54234,41,11.6,99.2,79,8,4,Good,51.48,36,5,Not Promoted,Active
14266,Manoj Gupta,employee14266@company.com,Operations,Support Associate,Coimbatore,Full-Time,M.Com,2024-02-06,25547,49,8.7,91.27,53,1,3,Average,85.38,16,30,Promoted,Active
14267,Sneha Rao,employee14267@company.com,IT,Data Analyst,Chennai,Full-Time,B.Tech,2021-12-03,79284,42,5.3,81.11,1,11,4,Good,79.3,37,17,Not Promoted,Active
14268,Sneha Sharma,employee14268@company.com,HR,HR Executive,Mumbai,Full-Time,BBA,2020-12-21,93436,36,17.5,83.26,91,11,2,Needs Improvement,91.29,13,28,Not Promoted,Active
14269,Priya Kumar,employee14269@company.com,Customer Support,Operations Analyst,Bangalore,Full-Time,MCA,2024-05-09,130978,35,1.5,90.61,16,15,4,Good,67.81,36,1,Promoted,Active
14270,Kavya Nair,employee14270@company.com,Operations,Data Analyst,Delhi,Full-Time,BBA,2025-10-25,76417,50,17.1,80.83,83,6,5,Excellent,54.35,30,18,Promoted,Active
14271,Ajay Pillai,employee14271@company.com,Marketing,Senior Software Engineer,Delhi,Full-Time,MCA,2022-11-12,33946,31,3.3,94.8,17,9,4,Good,60.35,1,28,Not Promoted,Active
14272,Karthik Patel,employee14272@company.com,Marketing,Financial Analyst,Chennai,Full-Time,M.Sc,2025-09-11,107654,33,7.1,74.44,27,3,5,Excellent,89.44,18,26,Promoted,Active
14273,Anjali Pillai,employee14273@company.com,Engineering,HR Executive,Coimbatore,Full-Time,BBA,2019-11-30,77943,43,7.8,97.23,27,14,2,Needs Improvement,76.08,18,30,Not Promoted,Active
14274,Rahul Patel,employee14274@company.com,Finance,Support Associate,Mumbai,Full-Time,M.Com,2019-09-14,122246,54,13.3,79.04,51,15,3,Average,80.15,12,30,Not Promoted,Active
14275,Kavya Das,employee14275@company.com,Operations,Financial Analyst,Pune,Full-Time,MBA,2025-01-31,36020,40,4.3,74.58,15,8,4,Good,65.99,20,15,Promoted,Active
14276,Rohan Mishra,employee14276@company.com,HR,Data Analyst,Delhi,Full-Time,M.Com,2020-09-12,29317,22,17.8,95.74,32,6,4,Good,99.39,30,22,Not Promoted,Active
14277,Anjali Menon,employee14277@company.com,Sales,Software Engineer,Pune,Full-Time,M.Sc,2019-04-05,125228,28,13.6,77.18,84,7,3,Average,109.96,27,1,Not Promoted,Active
14278,Divya Iyer,employee14278@company.com,Engineering,Software Engineer,Hyderabad,Full-Time,MBA,2020-12-20,25523,38,14.3,95.3,4,10,3,Average,65.29,0,16,Not Promoted,Active
14279,Rohan Sharma,employee14279@company.com,Engineering,Financial Analyst,Bangalore,Full-Time,MBA,2018-10-27,116622,27,2.4,78.89,44,9,2,Needs Improvement,91.71,34,19,Not Promoted,Inactive
14280,Manoj Pillai,employee14280@company.com,Finance,HR Executive,Chennai,Full-Time,BBA,2024-12-19,101474,51,8.8,98.02,36,2,3,Average,56.12,9,30,Not Promoted,Active
14281,Manoj Gupta,employee14281@company.com,HR,HR Executive,Coimbatore,Full-Time,BBA,2021-06-29,80076,42,17.0,76.57,81,5,3,Average,93.26,7,30,Not Promoted,Active
14282,Sneha Singh,employee14282@company.com,Engineering,Project Manager,Delhi,Full-Time,M.Com,2021-12-01,105195,48,5.2,72.09,51,3,4,Good,73.01,12,25,Promoted,Active
14283,Pooja Mishra,employee14283@company.com,Finance,Senior Software Engineer,Hyderabad,Full-Time,B.Com,2021-07-03,33809,45,3.0,98.1,63,12,3,Average,84.34,18,6,Not Promoted,Active
14284,Rohan Pillai,employee14284@company.com,Operations,Project Manager,Hyderabad,Full-Time,M.Com,2025-03-23,40535,21,9.0,74.97,61,3,2,Needs Improvement,60.44,2,20,Not Promoted,Active
14285,Arun Rao,employee14285@company.com,IT,Project Manager,Bangalore,Contract,MCA,2024-07-16,106834,52,16.8,98.32,4,11,4,Good,100.36,2,6,Not Promoted,Inactive
14286,Dinesh Rao,employee14286@company.com,Engineering,Senior Software Engineer,Chennai,Full-Time,B.Tech,2023-01-04,75012,45,9.0,94.72,10,1,4,Good,56.27,26,22,Not Promoted,Active
14287,Suresh Menon,employee14287@company.com,Customer Support,Support Associate,Chennai,Full-Time,M.Com,2022-12-27,145872,36,7.6,72.46,85,15,5,Excellent,105.36,17,11,Not Promoted,Active
14288,Rahul Verma,employee14288@company.com,Operations,Software Engineer,Pune,Full-Time,B.Com,2024-09-16,73951,49,11.9,83.35,86,10,4,Good,48.98,34,22,Not Promoted,Active
14289,Ravi Kumar,employee14289@company.com,HR,Support Associate,Chennai,Full-Time,M.Com,2024-05-24,114412,44,16.9,72.2,89,9,3,Average,63.72,33,28,Promoted,Active
14290,Arun Singh,employee14290@company.com,Sales,Project Manager,Hyderabad,Full-Time,B.Com,2020-09-15,47264,37,1.4,79.89,90,8,4,Good,81.59,29,10,Not Promoted,Active
14291,Anjali Gupta,employee14291@company.com,Sales,HR Executive,Pune,Full-Time,B.Tech,2018-08-02,104114,26,3.2,80.55,2,10,4,Good,100.8,7,28,Promoted,Active
14292,Ajay Reddy,employee14292@company.com,HR,Senior Software Engineer,Chennai,Full-Time,B.E,2019-06-16,114821,34,2.8,87.99,50,0,2,Needs Improvement,82.51,20,16,Not Promoted,Inactive
14293,Rahul Joshi,employee14293@company.com,Finance,Data Analyst,Coimbatore,Full-Time,B.Com,2025-12-27,86832,46,2.0,99.28,59,15,4,Good,59.05,18,10,Not Promoted,Active
14294,Meena Sharma,employee14294@company.com,Marketing,Sales Executive,Coimbatore,Full-Time,B.Com,2025-08-21,136728,48,5.8,75.09,65,0,5,Excellent,100.84,39,7,Not Promoted,Active
14295,Swetha Verma,employee14295@company.com,HR,Sales Executive,Bangalore,Full-Time,MCA,2022-05-19,140995,51,4.5,79.87,56,15,3,Average,83.75,29,5,Not Promoted,Active
14296,Meena Singh,employee14296@company.com,Customer Support,Marketing Executive,Hyderabad,Full-Time,B.Com,2023-06-08,104637,47,10.1,87.61,16,6,3,Average,60.1,26,30,Not Promoted,Active
14297,Swetha Kumar,employee14297@company.com,Engineering,Financial Analyst,Mumbai,Full-Time,B.Tech,2024-03-08,113266,22,6.2,75.14,2,14,2,Needs Improvement,81.52,19,5,Not Promoted,Inactive
14298,Karthik Verma,employee14298@company.com,Operations,Operations Analyst,Bangalore,Full-Time,MBA,2024-01-28,52476,39,7.6,91.32,2,9,2,Needs Improvement,88.89,13,14,Not Promoted,Active
14299,Dinesh Kumar,employee14299@company.com,Sales,Operations Analyst,Bangalore,Full-Time,B.Com,2019-06-22,76973,48,17.0,82.11,39,6,3,Average,89.23,11,25,Not Promoted,Active
14300,Suresh Das,employee14300@company.com,IT,Data Analyst,Chennai,Full-Time,M.Sc,2021-07-10,78017,41,3.2,98.49,79,3,4,Good,92.06,22,19,Not Promoted,Active
14301,Ravi Patel,employee14301@company.com,Sales,Marketing Executive,Pune,Full-Time,B.Tech,2025-10-20,40503,35,7.3,88.9,75,13,2,Needs Improvement,103.22,11,11,Promoted,Active
14302,Vijay Joshi,employee14302@company.com,Marketing,Software Engineer,Pune,Full-Time,MCA,2019-11-07,36506,54,5.0,80.89,62,7,5,Excellent,98.61,38,8,Promoted,Active
14303,Anjali Gupta,employee14303@company.com,Engineering,Data Analyst,Coimbatore,Full-Time,BBA,2019-01-25,146613,23,10.1,91.58,50,4,4,Good,84.5,29,12,Not Promoted,Active
14304,Suresh Rao,employee14304@company.com,Sales,Project Manager,Hyderabad,Full-Time,M.Sc,2024-10-04,65994,21,13.4,95.16,0,5,4,Good,47.09,26,14,Not Promoted,Inactive
14305,Suresh Singh,employee14305@company.com,Marketing,Data Analyst,Chennai,Full-Time,MCA,2023-10-11,41169,44,14.8,94.01,50,11,4,Good,93.72,23,14,Not Promoted,Active
14306,Ajay Kumar,employee14306@company.com,Engineering,Sales Executive,Pune,Full-Time,B.E,2023-11-04,43484,47,9.5,77.88,3,3,2,Needs Improvement,108.37,2,25,Promoted,Inactive
14307,Kavya Pillai,employee14307@company.com,Customer Support,Operations Analyst,Coimbatore,Full-Time,B.Com,2022-05-28,105374,29,15.5,82.51,80,2,3,Average,64.86,29,29,Not Promoted,Active
14308,Manoj Patel,employee14308@company.com,Engineering,Software Engineer,Delhi,Full-Time,MBA,2024-12-13,83723,44,14.2,83.57,82,1,4,Good,84.45,34,28,Not Promoted,Inactive
14309,Kavya Pillai,employee14309@company.com,HR,Financial Analyst,Mumbai,Full-Time,BBA,2023-10-09,119357,37,3.2,81.65,3,7,4,Good,94.96,32,29,Not Promoted,Active
14310,Ravi Reddy,employee14310@company.com,Sales,Project Manager,Delhi,Full-Time,B.Tech,2024-11-29,74588,48,4.8,79.33,46,10,4,Good,86.54,36,12,Not Promoted,Active
14311,Divya Das,employee14311@company.com,Finance,Financial Analyst,Chennai,Full-Time,B.E,2018-11-16,103273,24,12.3,92.58,38,4,3,Average,104.97,39,8,Not Promoted,Active
14312,Nisha Kumar,employee14312@company.com,Operations,Sales Executive,Chennai,Part-Time,MBA,2019-11-21,125876,49,17.6,70.37,83,9,5,Excellent,75.77,15,29,Not Promoted,Active
14313,Swetha Joshi,employee14313@company.com,Finance,Marketing Executive,Pune,Full-Time,BBA,2023-10-01,144050,48,7.1,78.81,48,5,2,Needs Improvement,79.57,17,10,Not Promoted,Active
14314,Anjali Kumar,employee14314@company.com,Operations,Financial Analyst,Bangalore,Full-Time,B.E,2019-10-19,102707,49,4.5,74.25,56,13,5,Excellent,47.49,17,21,Not Promoted,Active
14315,Arun Reddy,employee14315@company.com,Sales,Marketing Executive,Chennai,Full-Time,BBA,2020-04-07,38920,49,15.7,73.86,38,5,5,Excellent,103.51,13,10,Not Promoted,Active
14316,Vijay Rao,employee14316@company.com,Customer Support,Project Manager,Bangalore,Full-Time,MBA,2021-01-05,121341,25,4.0,78.31,67,3,3,Average,62.05,31,8,Not Promoted,Active
14317,Rahul Menon,employee14317@company.com,Sales,Operations Analyst,Hyderabad,Part-Time,M.Com,2018-04-29,139996,31,12.7,92.86,16,8,4,Good,108.6,11,16,Not Promoted,Active
14318,Ajay Iyer,employee14318@company.com,Operations,HR Executive,Coimbatore,Full-Time,M.Com,2025-07-31,135856,22,1.1,99.08,14,6,2,Needs Improvement,58.14,1,22,Not Promoted,Active
14319,Karthik Reddy,employee14319@company.com,Customer Support,Data Analyst,Hyderabad,Full-Time,M.Com,2021-04-20,41875,24,0.8,85.44,27,11,3,Average,61.47,25,24,Not Promoted,Active
14320,Aakash Patel,employee14320@company.com,IT,Support Associate,Pune,Part-Time,BBA,2019-05-21,120814,30,8.4,80.17,15,11,4,Good,76.5,22,20,Not Promoted,Inactive
14321,Ajay Iyer,employee14321@company.com,Customer Support,Software Engineer,Hyderabad,Full-Time,B.E,2025-05-08,87480,28,12.0,94.88,5,9,4,Good,87.93,34,5,Not Promoted,Active
14322,Pooja Mishra,employee14322@company.com,Sales,Senior Software Engineer,Delhi,Full-Time,M.Com,2024-01-10,128612,43,3.0,72.01,91,11,5,Excellent,73.64,32,21,Not Promoted,Active
14323,Ajay Singh,employee14323@company.com,IT,Senior Software Engineer,Delhi,Contract,B.Tech,2020-11-07,107441,47,13.9,72.8,31,12,4,Good,67.87,40,4,Promoted,Active
14324,Nisha Joshi,employee14324@company.com,IT,Project Manager,Delhi,Full-Time,B.Tech,2019-05-12,87629,43,2.8,80.36,80,7,3,Average,80.11,24,25,Not Promoted,Active
14325,Suresh Pillai,employee14325@company.com,Operations,Data Analyst,Pune,Full-Time,M.Com,2022-11-07,92450,54,9.8,83.45,24,15,4,Good,107.29,3,24,Not Promoted,Active
14326,Rahul Verma,employee14326@company.com,IT,Data Analyst,Pune,Full-Time,MBA,2018-03-20,104398,55,5.9,93.94,38,6,5,Excellent,107.53,20,20,Not Promoted,Active
14327,Priya Gupta,employee14327@company.com,IT,Data Analyst,Delhi,Full-Time,MBA,2018-02-28,27925,37,13.7,97.76,16,3,1,Needs Improvement,66.32,3,2,Not Promoted,Active
14328,Meena Menon,employee14328@company.com,HR,Software Engineer,Bangalore,Full-Time,B.E,2021-12-05,149248,30,14.6,85.94,45,8,5,Excellent,89.21,30,5,Not Promoted,Active
14329,Suresh Rao,employee14329@company.com,Customer Support,Operations Analyst,Delhi,Full-Time,MBA,2025-09-11,93826,22,1.7,84.87,78,1,2,Needs Improvement,91.92,14,21,Not Promoted,Active
14330,Manoj Gupta,employee14330@company.com,Engineering,HR Executive,Bangalore,Full-Time,M.Sc,2025-11-13,68101,37,3.9,76.39,52,13,4,Good,87.47,3,16,Not Promoted,Active
14331,Dinesh Menon,employee14331@company.com,Finance,Data Analyst,Hyderabad,Full-Time,M.Sc,2022-07-12,44613,51,16.1,83.54,50,4,3,Average,52.35,3,10,Not Promoted,Active
14332,Suresh Iyer,employee14332@company.com,IT,Support Associate,Bangalore,Full-Time,BBA,2022-11-08,121106,36,7.8,97.71,17,13,2,Needs Improvement,80.07,2,3,Not Promoted,Active
14333,Divya Verma,employee14333@company.com,Engineering,HR Executive,Chennai,Full-Time,M.Sc,2023-02-06,86473,44,8.8,81.79,19,1,3,Average,94.61,4,25,Not Promoted,Active
14334,Karthik Das,employee14334@company.com,Finance,Software Engineer,Mumbai,Full-Time,B.Com,2022-09-03,134344,27,3.4,76.32,86,7,4,Good,58.05,18,11,Not Promoted,Active
14335,Meena Kumar,employee14335@company.com,Engineering,Data Analyst,Chennai,Full-Time,BBA,2022-02-20,88903,39,17.9,80.12,4,8,3,Average,67.63,37,9,Not Promoted,Active
14336,Suresh Kumar,employee14336@company.com,IT,Project Manager,Chennai,Full-Time,MBA,2018-09-01,44961,36,16.7,85.44,61,2,2,Needs Improvement,58.25,31,16,Not Promoted,Inactive
14337,Anjali Joshi,employee14337@company.com,Finance,Software Engineer,Pune,Full-Time,BBA,2024-03-05,128913,53,0.5,87.96,11,15,4,Good,102.65,8,5,Not Promoted,Active
14338,Manoj Reddy,employee14338@company.com,Sales,HR Executive,Mumbai,Full-Time,B.Tech,2025-12-13,93107,30,10.1,82.97,80,4,5,Excellent,100.8,2,17,Not Promoted,Active
14339,Kavya Iyer,employee14339@company.com,Sales,Marketing Executive,Pune,Full-Time,MCA,2021-01-15,41616,35,15.8,92.76,29,15,3,Average,56.0,33,20,Not Promoted,Active
14340,Vijay Menon,employee14340@company.com,Finance,Marketing Executive,Bangalore,Full-Time,MBA,2022-08-02,133118,23,8.0,87.53,82,8,3,Average,94.44,24,18,Promoted,Active
14341,Suresh Mishra,employee14341@company.com,Customer Support,Project Manager,Delhi,Full-Time,M.Sc,2025-04-01,109572,22,8.1,89.95,95,5,3,Average,68.66,9,21,Not Promoted,Active
14342,Anjali Nair,employee14342@company.com,IT,Financial Analyst,Coimbatore,Full-Time,B.E,2025-05-16,145938,55,7.1,95.89,15,2,2,Needs Improvement,89.6,31,28,Not Promoted,Active
14343,Rahul Mishra,employee14343@company.com,HR,Senior Software Engineer,Coimbatore,Contract,MBA,2023-06-01,58984,47,1.0,95.97,1,15,4,Good,77.07,4,24,Not Promoted,Active
14344,Aakash Patel,employee14344@company.com,Engineering,Project Manager,Coimbatore,Full-Time,M.Sc,2018-02-08,28539,25,14.3,76.11,75,5,4,Good,75.68,28,14,Not Promoted,Active
14345,Aakash Iyer,employee14345@company.com,Customer Support,Marketing Executive,Bangalore,Full-Time,B.E,2024-11-30,58289,35,8.5,88.7,2,8,4,Good,102.28,6,11,Promoted,Active
14346,Priya Sharma,employee14346@company.com,Finance,Project Manager,Mumbai,Full-Time,B.Com,2022-06-04,87076,53,9.8,91.5,7,15,3,Average,86.4,14,18,Promoted,Active
14347,Dinesh Reddy,employee14347@company.com,Customer Support,Sales Executive,Hyderabad,Full-Time,M.Com,2018-01-20,101562,21,5.0,74.38,36,10,4,Good,60.32,1,24,Not Promoted,Active
14348,Meena Rao,employee14348@company.com,Engineering,Marketing Executive,Bangalore,Full-Time,B.Com,2018-08-09,109986,32,14.2,95.28,52,10,4,Good,52.2,9,4,Promoted,Active
14349,Priya Patel,employee14349@company.com,Marketing,Operations Analyst,Chennai,Contract,B.Tech,2023-02-16,122558,29,14.4,75.41,54,15,4,Good,105.67,10,28,Not Promoted,Active
14350,Karthik Iyer,employee14350@company.com,HR,Data Analyst,Mumbai,Full-Time,MCA,2024-05-11,36391,40,10.2,93.98,87,9,4,Good,54.97,39,17,Not Promoted,Active
14351,Meena Patel,employee14351@company.com,Engineering,Operations Analyst,Mumbai,Full-Time,B.Com,2024-11-15,107260,50,16.3,74.84,48,6,4,Good,92.71,20,25,Promoted,Active
14352,Nisha Reddy,employee14352@company.com,Marketing,Financial Analyst,Bangalore,Full-Time,B.Com,2018-09-08,134240,34,2.5,92.25,88,3,4,Good,77.23,11,11,Not Promoted,Active
14353,Ravi Singh,employee14353@company.com,Engineering,Project Manager,Bangalore,Part-Time,B.Tech,2018-07-31,69906,43,14.3,74.44,58,15,3,Average,54.1,3,25,Not Promoted,Active
14354,Suresh Sharma,employee14354@company.com,Engineering,Sales Executive,Pune,Full-Time,B.Tech,2025-06-27,102666,49,10.3,81.36,59,3,5,Excellent,95.48,27,25,Not Promoted,Active
14355,Sneha Sharma,employee14355@company.com,Finance,Marketing Executive,Pune,Full-Time,M.Com,2019-02-23,33250,55,4.5,74.31,88,0,4,Good,103.79,28,14,Not Promoted,Active
14356,Swetha Singh,employee14356@company.com,IT,Data Analyst,Chennai,Full-Time,M.Com,2021-04-10,74135,47,2.8,78.12,77,2,4,Good,52.9,12,9,Not Promoted,Inactive
14357,Dinesh Rao,employee14357@company.com,Customer Support,Sales Executive,Mumbai,Full-Time,MBA,2019-05-22,126557,47,5.8,99.54,45,11,3,Average,49.36,17,27,Promoted,Active
14358,Divya Rao,employee14358@company.com,Customer Support,Sales Executive,Coimbatore,Full-Time,B.E,2019-10-08,46065,50,15.5,73.23,99,8,4,Good,100.24,26,24,Promoted,Active
14359,Vijay Gupta,employee14359@company.com,Marketing,Operations Analyst,Hyderabad,Full-Time,B.Tech,2022-07-10,79785,23,14.3,82.19,62,0,4,Good,77.56,2,29,Not Promoted,Active
14360,Sneha Gupta,employee14360@company.com,Customer Support,Senior Software Engineer,Hyderabad,Full-Time,BBA,2020-05-18,139930,32,11.8,90.31,78,12,3,Average,88.84,34,18,Promoted,Active
14361,Nisha Gupta,employee14361@company.com,Finance,HR Executive,Mumbai,Part-Time,B.Com,2019-05-07,123531,51,2.1,72.84,31,1,2,Needs Improvement,73.7,38,8,Promoted,Active
14362,Vijay Reddy,employee14362@company.com,HR,Senior Software Engineer,Chennai,Full-Time,B.Com,2024-05-31,31703,47,17.2,73.27,65,1,4,Good,71.81,21,5,Not Promoted,Active
14363,Swetha Pillai,employee14363@company.com,IT,Project Manager,Coimbatore,Part-Time,M.Com,2024-11-09,136109,44,5.8,74.3,84,7,4,Good,64.48,16,13,Not Promoted,Inactive
14364,Pooja Patel,employee14364@company.com,Marketing,Project Manager,Pune,Full-Time,B.E,2021-03-15,76754,31,11.1,89.35,3,5,4,Good,81.59,27,0,Not Promoted,Active
14365,Karthik Reddy,employee14365@company.com,Customer Support,Senior Software Engineer,Pune,Full-Time,M.Sc,2021-06-15,120376,47,14.6,97.28,28,6,3,Average,55.39,37,0,Not Promoted,Active
14366,Rohan Pillai,employee14366@company.com,Finance,HR Executive,Pune,Full-Time,B.Tech,2020-01-10,98854,29,2.8,94.78,48,10,4,Good,91.62,15,28,Promoted,Active
14367,Ajay Pillai,employee14367@company.com,IT,Marketing Executive,Hyderabad,Full-Time,M.Com,2022-11-26,94966,36,11.9,99.49,92,3,2,Needs Improvement,80.71,4,30,Not Promoted,Active
14368,Divya Mishra,employee14368@company.com,IT,Sales Executive,Hyderabad,Full-Time,M.Sc,2019-02-28,62621,34,1.1,87.34,22,15,3,Average,100.09,21,10,Not Promoted,Active
14369,Anjali Pillai,employee14369@company.com,Sales,Sales Executive,Chennai,Full-Time,B.E,2018-10-19,139595,50,2.3,98.84,2,10,3,Average,104.87,16,2,Not Promoted,Active
14370,Vijay Reddy,employee14370@company.com,IT,Senior Software Engineer,Hyderabad,Full-Time,B.Tech,2024-01-13,100159,44,13.2,79.15,53,3,3,Average,103.54,10,20,Not Promoted,Active
14371,Pooja Singh,employee14371@company.com,Engineering,Senior Software Engineer,Bangalore,Full-Time,B.Com,2023-06-07,59936,33,3.2,82.65,20,3,3,Average,84.08,21,21,Promoted,Active
14372,Ravi Sharma,employee14372@company.com,Finance,Software Engineer,Hyderabad,Full-Time,B.Com,2024-07-25,55439,53,8.3,81.88,79,11,3,Average,65.72,35,4,Not Promoted,Active
14373,Ravi Kumar,employee14373@company.com,HR,HR Executive,Pune,Full-Time,M.Com,2023-05-12,119071,29,4.8,71.42,43,5,2,Needs Improvement,68.22,40,7,Not Promoted,Active
14374,Kavya Patel,employee14374@company.com,Operations,Operations Analyst,Chennai,Full-Time,B.E,2018-08-31,126052,46,7.9,94.89,19,11,3,Average,87.41,39,21,Not Promoted,Active
14375,Karthik Pillai,employee14375@company.com,Sales,Sales Executive,Mumbai,Full-Time,B.Com,2021-05-15,75460,33,1.9,70.74,98,11,4,Good,91.28,2,17,Not Promoted,Inactive
14376,Dinesh Nair,employee14376@company.com,Finance,Operations Analyst,Mumbai,Contract,BBA,2022-11-25,84469,41,13.7,91.9,56,12,3,Average,55.48,26,4,Not Promoted,Active
14377,Anjali Sharma,employee14377@company.com,Finance,Data Analyst,Chennai,Full-Time,M.Sc,2024-04-24,92129,49,1.9,82.21,68,12,3,Average,109.87,12,11,Not Promoted,Active
14378,Rohan Sharma,employee14378@company.com,Finance,Marketing Executive,Bangalore,Full-Time,B.E,2019-08-08,138089,48,15.2,70.19,89,3,4,Good,51.99,12,22,Promoted,Active
14379,Pooja Pillai,employee14379@company.com,Marketing,Senior Software Engineer,Mumbai,Part-Time,M.Com,2023-09-14,119191,44,12.1,78.7,70,13,2,Needs Improvement,84.46,29,28,Not Promoted,Active
14380,Rohan Verma,employee14380@company.com,Customer Support,Software Engineer,Pune,Full-Time,M.Sc,2024-10-13,141181,33,7.8,80.38,51,0,4,Good,79.52,17,17,Not Promoted,Active
14381,Divya Pillai,employee14381@company.com,Marketing,Software Engineer,Mumbai,Full-Time,M.Sc,2021-09-04,117142,40,15.7,98.94,79,0,2,Needs Improvement,83.41,39,20,Not Promoted,Active
14382,Karthik Menon,employee14382@company.com,Engineering,Project Manager,Mumbai,Full-Time,MBA,2018-04-05,134748,27,3.8,89.83,16,7,2,Needs Improvement,79.69,32,11,Not Promoted,Active
14383,Ravi Reddy,employee14383@company.com,HR,Data Analyst,Pune,Full-Time,B.E,2024-03-17,40941,35,5.1,86.31,65,1,4,Good,48.76,16,20,Not Promoted,Active
14384,Meena Reddy,employee14384@company.com,Engineering,Marketing Executive,Hyderabad,Full-Time,MCA,2018-10-28,103088,45,2.9,73.81,11,11,4,Good,109.74,40,7,Not Promoted,Active
14385,Kavya Iyer,employee14385@company.com,Finance,Marketing Executive,Bangalore,Contract,B.E,2022-07-19,49267,55,7.2,81.73,57,8,5,Excellent,108.78,9,29,Not Promoted,Active
14386,Sneha Mishra,employee14386@company.com,Customer Support,Financial Analyst,Coimbatore,Full-Time,M.Com,2021-04-23,95313,33,17.8,71.07,76,9,4,Good,79.08,40,8,Not Promoted,Inactive
14387,Swetha Iyer,employee14387@company.com,Engineering,Senior Software Engineer,Pune,Part-Time,MCA,2025-09-23,80590,28,3.3,92.85,4,7,5,Excellent,58.54,23,14,Not Promoted,Active
14388,Rahul Das,employee14388@company.com,Marketing,Project Manager,Pune,Full-Time,MBA,2024-09-13,64876,41,15.0,74.88,79,14,2,Needs Improvement,56.89,28,2,Not Promoted,Active
14389,Kavya Joshi,employee14389@company.com,Marketing,HR Executive,Delhi,Full-Time,B.Com,2019-11-21,98974,26,11.9,87.83,91,0,2,Needs Improvement,48.71,7,14,Not Promoted,Active
14390,Kavya Rao,employee14390@company.com,Marketing,HR Executive,Chennai,Full-Time,B.Tech,2021-03-11,119631,30,0.8,90.98,71,15,2,Needs Improvement,84.77,35,27,Promoted,Active
14391,Rohan Patel,employee14391@company.com,HR,Support Associate,Bangalore,Part-Time,M.Com,2020-09-19,140770,41,17.0,81.0,55,9,3,Average,76.09,13,3,Not Promoted,Active
14392,Rohan Verma,employee14392@company.com,HR,Marketing Executive,Hyderabad,Full-Time,B.Tech,2023-12-22,55507,34,17.5,88.98,91,10,4,Good,72.06,28,27,Not Promoted,Active
14393,Manoj Das,employee14393@company.com,Finance,Operations Analyst,Delhi,Full-Time,MBA,2019-10-23,103656,53,16.7,92.93,45,15,4,Good,79.14,6,29,Not Promoted,Inactive
14394,Ajay Sharma,employee14394@company.com,Sales,Data Analyst,Coimbatore,Full-Time,MCA,2023-04-14,51057,45,9.3,75.52,71,7,2,Needs Improvement,101.74,24,15,Not Promoted,Active
14395,Rohan Mishra,employee14395@company.com,Engineering,Software Engineer,Pune,Full-Time,MBA,2023-04-10,123314,39,4.4,88.03,92,8,5,Excellent,49.6,29,24,Not Promoted,Active
14396,Kavya Nair,employee14396@company.com,Finance,Senior Software Engineer,Coimbatore,Full-Time,BBA,2024-04-24,121602,29,7.3,92.02,17,3,4,Good,80.37,27,24,Not Promoted,Active
14397,Aakash Sharma,employee14397@company.com,Marketing,Data Analyst,Coimbatore,Full-Time,B.E,2020-11-28,108926,35,11.2,80.71,43,6,3,Average,90.57,9,18,Not Promoted,Active
14398,Suresh Reddy,employee14398@company.com,Operations,Sales Executive,Coimbatore,Full-Time,BBA,2018-11-01,87468,25,7.1,74.87,42,3,2,Needs Improvement,108.09,33,17,Not Promoted,Active
14399,Priya Patel,employee14399@company.com,Engineering,Financial Analyst,Delhi,Part-Time,B.Tech,2023-01-22,88180,37,12.9,78.58,79,12,3,Average,93.08,15,26,Not Promoted,Active
14400,Nisha Joshi,employee14400@company.com,Customer Support,Software Engineer,Hyderabad,Full-Time,B.Tech,2019-06-10,94065,50,14.4,97.99,89,2,2,Needs Improvement,80.63,9,15,Not Promoted,Active
14401,Priya Iyer,employee14401@company.com,Marketing,Data Analyst,Delhi,Full-Time,MBA,2019-02-11,141980,27,4.2,80.72,85,10,2,Needs Improvement,94.84,28,11,Not Promoted,Active
14402,Manoj Singh,employee14402@company.com,IT,Data Analyst,Delhi,Full-Time,MCA,2021-10-14,39584,26,7.6,73.23,78,0,4,Good,109.81,14,11,Not Promoted,Active
14403,Nisha Patel,employee14403@company.com,Operations,Financial Analyst,Delhi,Contract,B.Tech,2020-06-04,140632,35,17.3,72.48,76,1,3,Average,102.77,27,22,Not Promoted,Active
14404,Rohan Verma,employee14404@company.com,Operations,Data Analyst,Pune,Full-Time,M.Sc,2024-08-22,82778,30,4.9,75.41,21,6,3,Average,50.79,23,3,Promoted,Active
14405,Priya Singh,employee14405@company.com,Customer Support,Project Manager,Pune,Full-Time,B.Com,2024-11-21,47632,26,6.6,73.83,59,5,5,Excellent,82.36,19,14,Not Promoted,Active
14406,Vijay Singh,employee14406@company.com,Finance,Software Engineer,Chennai,Full-Time,MBA,2020-05-22,43673,33,1.1,84.85,84,14,4,Good,96.12,28,18,Not Promoted,Inactive
14407,Priya Joshi,employee14407@company.com,Marketing,Sales Executive,Mumbai,Full-Time,B.E,2023-05-25,28343,34,6.3,80.43,62,14,5,Excellent,88.67,1,17,Not Promoted,Active
14408,Swetha Patel,employee14408@company.com,Marketing,Software Engineer,Bangalore,Contract,B.E,2020-09-16,43950,21,7.0,95.24,23,12,2,Needs Improvement,72.1,31,25,Not Promoted,Active
14409,Sneha Kumar,employee14409@company.com,Sales,Financial Analyst,Chennai,Part-Time,B.E,2021-07-28,125063,53,2.2,96.43,64,7,3,Average,65.96,29,10,Not Promoted,Active
14410,Rahul Verma,employee14410@company.com,IT,Sales Executive,Hyderabad,Full-Time,B.Tech,2022-05-08,105600,39,0.5,84.2,28,10,4,Good,85.76,8,29,Not Promoted,Active
14411,Nisha Pillai,employee14411@company.com,Finance,HR Executive,Delhi,Full-Time,MBA,2018-01-11,46547,29,10.6,96.66,0,15,2,Needs Improvement,71.8,18,27,Promoted,Active
14412,Rahul Pillai,employee14412@company.com,HR,Senior Software Engineer,Pune,Full-Time,BBA,2025-06-15,122305,32,5.8,83.51,0,2,1,Needs Improvement,70.48,5,23,Not Promoted,Inactive
14413,Swetha Iyer,employee14413@company.com,Finance,Marketing Executive,Delhi,Full-Time,B.E,2025-07-05,78027,25,0.8,89.26,72,5,4,Good,99.39,7,22,Not Promoted,Active
14414,Ajay Joshi,employee14414@company.com,Engineering,HR Executive,Pune,Full-Time,MBA,2023-06-11,125532,26,15.5,74.88,20,11,4,Good,65.52,33,14,Not Promoted,Active
14415,Arun Gupta,employee14415@company.com,Engineering,Project Manager,Coimbatore,Full-Time,B.Tech,2020-08-30,89091,31,10.7,71.58,77,5,3,Average,86.92,0,15,Not Promoted,Active
14416,Kavya Rao,employee14416@company.com,Operations,Software Engineer,Bangalore,Full-Time,B.Com,2018-01-09,72531,30,3.5,74.8,27,11,3,Average,101.77,12,10,Not Promoted,Active
14417,Rohan Patel,employee14417@company.com,Finance,Sales Executive,Chennai,Contract,B.Com,2018-01-28,66227,35,15.6,77.56,17,15,3,Average,85.42,5,10,Promoted,Active
14418,Anjali Gupta,employee14418@company.com,Sales,Senior Software Engineer,Chennai,Full-Time,B.Com,2025-11-10,72683,48,4.9,92.53,96,1,1,Needs Improvement,77.03,34,20,Not Promoted,Active
14419,Swetha Das,employee14419@company.com,Finance,Senior Software Engineer,Hyderabad,Full-Time,B.Tech,2019-11-17,81171,23,4.5,75.21,51,0,3,Average,47.29,28,12,Not Promoted,Active
14420,Pooja Gupta,employee14420@company.com,Sales,Financial Analyst,Coimbatore,Full-Time,B.E,2025-01-02,35390,36,16.2,73.92,65,1,3,Average,89.3,1,6,Not Promoted,Active
14421,Suresh Nair,employee14421@company.com,Operations,Financial Analyst,Chennai,Full-Time,B.Tech,2024-12-24,36879,37,3.6,97.83,97,8,2,Needs Improvement,109.84,9,30,Not Promoted,Active
14422,Dinesh Singh,employee14422@company.com,Sales,Financial Analyst,Chennai,Full-Time,BBA,2019-08-05,39935,39,15.9,90.66,87,12,5,Excellent,97.55,30,14,Not Promoted,Active
14423,Sneha Iyer,employee14423@company.com,Customer Support,Operations Analyst,Mumbai,Full-Time,MBA,2025-09-26,78629,24,14.6,84.2,61,15,4,Good,86.24,7,16,Not Promoted,Active
14424,Sneha Reddy,employee14424@company.com,Customer Support,Software Engineer,Bangalore,Full-Time,B.Com,2025-06-01,145605,45,5.9,72.85,18,5,4,Good,75.49,40,24,Not Promoted,Active
14425,Divya Joshi,employee14425@company.com,Engineering,Support Associate,Delhi,Full-Time,MBA,2021-05-26,57574,47,1.1,95.55,1,2,3,Average,59.58,38,23,Not Promoted,Inactive
14426,Ravi Reddy,employee14426@company.com,Marketing,Project Manager,Chennai,Full-Time,B.Tech,2022-07-20,74666,32,1.9,73.25,69,14,3,Average,89.99,27,26,Not Promoted,Active
14427,Karthik Verma,employee14427@company.com,HR,Data Analyst,Hyderabad,Contract,M.Com,2023-08-13,108663,47,2.4,88.33,54,9,3,Average,56.52,30,12,Not Promoted,Active
14428,Meena Nair,employee14428@company.com,Operations,Project Manager,Delhi,Full-Time,M.Com,2021-04-25,99657,24,16.1,90.03,78,6,2,Needs Improvement,102.66,12,3,Not Promoted,Active
14429,Meena Verma,employee14429@company.com,Engineering,Marketing Executive,Pune,Contract,M.Sc,2018-02-12,53507,44,7.6,82.0,56,0,3,Average,68.01,6,0,Not Promoted,Active
14430,Manoj Joshi,employee14430@company.com,Sales,Financial Analyst,Coimbatore,Contract,B.Tech,2022-06-23,147544,37,1.1,97.34,10,13,4,Good,70.99,0,11,Not Promoted,Active
14431,Ravi Gupta,employee14431@company.com,IT,Marketing Executive,Coimbatore,Contract,B.E,2025-09-23,73555,46,10.2,71.52,15,12,4,Good,59.04,25,3,Promoted,Active
14432,Rohan Patel,employee14432@company.com,Operations,Project Manager,Chennai,Part-Time,BBA,2021-12-05,124752,38,4.1,94.54,84,7,4,Good,76.31,15,0,Not Promoted,Active
14433,Aakash Joshi,employee14433@company.com,IT,Operations Analyst,Chennai,Full-Time,MCA,2018-02-11,143575,42,4.6,86.61,61,9,3,Average,89.23,11,5,Not Promoted,Active
14434,Rohan Rao,employee14434@company.com,HR,Marketing Executive,Delhi,Contract,MBA,2019-12-31,41582,26,3.3,88.34,26,6,5,Excellent,64.68,15,23,Not Promoted,Active
14435,Anjali Joshi,employee14435@company.com,Sales,Software Engineer,Pune,Full-Time,B.Tech,2023-06-05,51631,39,13.8,99.6,21,2,2,Needs Improvement,90.62,33,10,Not Promoted,Active
14436,Rohan Joshi,employee14436@company.com,Operations,Sales Executive,Mumbai,Full-Time,BBA,2019-10-10,43164,54,0.5,87.48,2,12,3,Average,85.34,26,20,Not Promoted,Active
14437,Manoj Mishra,employee14437@company.com,Operations,Support Associate,Bangalore,Full-Time,B.Tech,2025-05-28,111820,31,8.2,93.91,2,3,3,Average,69.21,24,24,Promoted,Active
14438,Ajay Sharma,employee14438@company.com,HR,Support Associate,Mumbai,Full-Time,M.Com,2023-06-06,55646,44,2.0,74.61,20,10,4,Good,65.33,18,25,Not Promoted,Active
14439,Rohan Mishra,employee14439@company.com,Marketing,Project Manager,Hyderabad,Full-Time,B.Com,2023-04-13,45806,43,10.2,94.28,42,6,5,Excellent,100.99,6,17,Not Promoted,Active
14440,Aakash Verma,employee14440@company.com,IT,Data Analyst,Delhi,Full-Time,B.Com,2021-03-05,84057,24,6.6,92.83,69,3,3,Average,45.78,11,27,Not Promoted,Active
14441,Dinesh Kumar,employee14441@company.com,Operations,Financial Analyst,Chennai,Full-Time,MCA,2025-01-01,112633,38,1.0,99.04,88,4,5,Excellent,91.53,23,17,Not Promoted,Active
14442,Rohan Patel,employee14442@company.com,Finance,Project Manager,Mumbai,Full-Time,B.E,2022-03-23,79895,50,8.6,98.07,36,12,4,Good,72.12,38,19,Not Promoted,Active
14443,Suresh Kumar,employee14443@company.com,IT,Marketing Executive,Bangalore,Full-Time,B.E,2018-02-06,72974,35,10.5,76.42,93,11,3,Average,91.65,4,5,Promoted,Active
14444,Vijay Patel,employee14444@company.com,Engineering,Operations Analyst,Hyderabad,Full-Time,MCA,2023-07-13,36284,43,4.8,83.95,55,15,3,Average,77.99,0,13,Not Promoted,Active
14445,Swetha Singh,employee14445@company.com,Sales,Sales Executive,Coimbatore,Full-Time,B.E,2020-04-02,38857,32,13.9,97.34,38,0,3,Average,50.45,6,5,Not Promoted,Inactive
14446,Dinesh Nair,employee14446@company.com,HR,Support Associate,Mumbai,Full-Time,M.Sc,2019-08-02,110424,24,7.0,89.22,19,13,5,Excellent,108.83,25,21,Not Promoted,Inactive
14447,Priya Das,employee14447@company.com,Engineering,HR Executive,Chennai,Full-Time,M.Sc,2025-11-24,65440,24,13.6,83.91,64,4,3,Average,50.59,23,14,Not Promoted,Active
14448,Ravi Menon,employee14448@company.com,IT,Support Associate,Bangalore,Full-Time,M.Com,2025-01-08,71106,34,10.6,73.27,34,9,4,Good,55.3,16,21,Promoted,Active
14449,Anjali Sharma,employee14449@company.com,Finance,Sales Executive,Chennai,Full-Time,B.Tech,2025-10-03,43951,28,15.7,80.55,42,13,3,Average,72.32,3,28,Not Promoted,Active
14450,Vijay Joshi,employee14450@company.com,Customer Support,Software Engineer,Chennai,Full-Time,B.E,2020-10-17,132425,43,10.1,89.96,89,9,4,Good,106.4,15,0,Promoted,Active
14451,Ajay Rao,employee14451@company.com,Finance,Marketing Executive,Hyderabad,Full-Time,M.Com,2020-12-17,46009,21,3.7,93.31,20,12,3,Average,64.05,35,16,Not Promoted,Active
14452,Sneha Verma,employee14452@company.com,Engineering,Senior Software Engineer,Bangalore,Full-Time,M.Sc,2024-01-12,114010,31,14.9,83.42,9,15,4,Good,81.96,4,28,Promoted,Active
14453,Suresh Reddy,employee14453@company.com,HR,Operations Analyst,Pune,Full-Time,MBA,2023-03-11,39835,47,14.2,71.68,44,13,4,Good,78.89,4,11,Promoted,Active
14454,Manoj Gupta,employee14454@company.com,Engineering,Data Analyst,Coimbatore,Contract,B.Tech,2023-07-16,95888,24,17.5,89.0,92,11,4,Good,66.46,16,29,Not Promoted,Active
14455,Meena Nair,employee14455@company.com,HR,HR Executive,Chennai,Full-Time,MCA,2018-04-23,141107,49,2.1,97.65,2,3,5,Excellent,90.26,40,30,Promoted,Active
14456,Rohan Menon,employee14456@company.com,Customer Support,Project Manager,Bangalore,Full-Time,MBA,2025-11-23,117117,37,10.8,84.89,42,2,2,Needs Improvement,77.6,20,2,Not Promoted,Active
14457,Kavya Sharma,employee14457@company.com,IT,Financial Analyst,Chennai,Full-Time,B.Com,2022-11-15,67290,39,9.1,97.85,51,11,4,Good,82.59,29,1,Not Promoted,Active
14458,Priya Menon,employee14458@company.com,Sales,Financial Analyst,Mumbai,Full-Time,B.Com,2022-12-25,43941,44,12.2,80.62,40,8,2,Needs Improvement,58.66,32,22,Promoted,Active
14459,Rohan Menon,employee14459@company.com,Marketing,Financial Analyst,Mumbai,Contract,B.Tech,2019-08-24,131174,52,17.7,96.59,40,0,3,Average,105.23,22,5,Not Promoted,Active
14460,Priya Rao,employee14460@company.com,Finance,HR Executive,Bangalore,Full-Time,B.E,2019-03-18,123727,51,9.8,93.59,76,9,4,Good,52.19,28,4,Not Promoted,Active
14461,Pooja Menon,employee14461@company.com,HR,Sales Executive,Coimbatore,Full-Time,B.Tech,2018-08-16,57917,36,12.5,98.85,8,4,3,Average,89.87,38,7,Not Promoted,Active
14462,Meena Mishra,employee14462@company.com,Marketing,Data Analyst,Hyderabad,Full-Time,B.E,2020-05-23,53039,52,6.6,93.73,45,9,4,Good,102.58,37,1,Not Promoted,Active
14463,Dinesh Joshi,employee14463@company.com,Engineering,Support Associate,Pune,Full-Time,MCA,2021-02-19,51089,54,5.7,79.64,15,12,5,Excellent,50.46,6,26,Not Promoted,Inactive
14464,Meena Patel,employee14464@company.com,Marketing,Project Manager,Mumbai,Full-Time,B.Com,2019-11-02,85059,55,6.4,97.02,46,1,2,Needs Improvement,46.87,36,30,Promoted,Active
14465,Arun Menon,employee14465@company.com,Marketing,Senior Software Engineer,Hyderabad,Full-Time,M.Sc,2021-07-15,120278,36,1.2,90.09,27,4,4,Good,66.65,6,11,Not Promoted,Active
14466,Karthik Rao,employee14466@company.com,Sales,Data Analyst,Pune,Part-Time,M.Sc,2019-11-26,137951,41,5.5,74.86,27,4,3,Average,96.35,14,6,Promoted,Active
14467,Suresh Pillai,employee14467@company.com,HR,Project Manager,Mumbai,Part-Time,B.Tech,2022-02-17,82247,33,3.5,71.38,74,9,2,Needs Improvement,91.63,28,13,Not Promoted,Active
14468,Rahul Singh,employee14468@company.com,Engineering,Senior Software Engineer,Pune,Full-Time,B.Tech,2025-12-26,139826,38,8.5,80.98,93,15,2,Needs Improvement,98.44,9,9,Not Promoted,Inactive
14469,Rahul Sharma,employee14469@company.com,Finance,Operations Analyst,Delhi,Full-Time,MCA,2020-10-24,64833,22,8.6,93.61,10,10,5,Excellent,70.84,19,19,Not Promoted,Active
14470,Nisha Patel,employee14470@company.com,HR,Sales Executive,Chennai,Full-Time,M.Sc,2018-05-01,102453,53,13.9,88.55,28,0,5,Excellent,109.59,8,13,Not Promoted,Active
14471,Karthik Singh,employee14471@company.com,IT,Operations Analyst,Bangalore,Full-Time,B.E,2020-01-12,43254,38,9.3,85.81,55,3,5,Excellent,68.8,5,10,Not Promoted,Active
14472,Rahul Mishra,employee14472@company.com,Engineering,Sales Executive,Mumbai,Full-Time,B.Com,2022-02-18,108981,48,8.6,70.11,75,6,5,Excellent,97.35,19,27,Promoted,Active
14473,Meena Pillai,employee14473@company.com,Finance,Marketing Executive,Mumbai,Full-Time,B.Com,2021-05-27,117107,55,4.6,83.07,71,14,3,Average,67.8,20,30,Not Promoted,Active
14474,Rohan Pillai,employee14474@company.com,Engineering,Support Associate,Chennai,Full-Time,B.E,2019-11-25,57611,32,15.4,74.73,56,0,3,Average,59.2,6,18,Promoted,Active
14475,Vijay Nair,employee14475@company.com,HR,Software Engineer,Mumbai,Part-Time,MCA,2018-09-14,134314,28,2.1,83.64,52,11,4,Good,66.88,37,0,Promoted,Active
14476,Suresh Iyer,employee14476@company.com,Finance,Software Engineer,Mumbai,Full-Time,B.E,2023-09-22,71827,45,17.7,99.75,73,12,3,Average,57.52,33,25,Not Promoted,Active
14477,Kavya Iyer,employee14477@company.com,IT,Sales Executive,Delhi,Full-Time,MCA,2025-12-27,82272,27,8.8,96.39,58,13,3,Average,53.39,2,1,Promoted,Active
14478,Meena Patel,employee14478@company.com,Operations,Software Engineer,Mumbai,Full-Time,B.E,2022-04-03,84257,22,3.8,79.32,34,9,3,Average,68.66,16,30,Not Promoted,Active
14479,Kavya Das,employee14479@company.com,Finance,HR Executive,Mumbai,Full-Time,B.Com,2022-09-09,38830,53,6.7,87.81,51,14,4,Good,54.54,1,22,Not Promoted,Active
14480,Sneha Rao,employee14480@company.com,Operations,Project Manager,Mumbai,Full-Time,BBA,2025-03-20,137166,53,0.8,85.06,35,1,4,Good,77.65,11,2,Not Promoted,Active
14481,Manoj Menon,employee14481@company.com,Marketing,Data Analyst,Hyderabad,Full-Time,B.Com,2020-07-01,131485,43,3.4,73.9,76,3,3,Average,47.3,12,26,Not Promoted,Active
14482,Dinesh Singh,employee14482@company.com,Customer Support,Operations Analyst,Mumbai,Part-Time,B.Tech,2019-08-17,127584,25,6.4,99.69,57,9,3,Average,73.04,37,4,Promoted,Active
14483,Manoj Rao,employee14483@company.com,Engineering,Marketing Executive,Chennai,Full-Time,BBA,2020-10-30,137749,34,10.2,82.76,90,1,4,Good,107.27,35,10,Not Promoted,Active
14484,Sneha Iyer,employee14484@company.com,Sales,Support Associate,Delhi,Full-Time,M.Sc,2025-10-10,30696,28,2.8,85.17,1,15,4,Good,68.32,11,18,Not Promoted,Active
14485,Divya Reddy,employee14485@company.com,IT,Support Associate,Mumbai,Full-Time,M.Sc,2018-07-31,91278,40,12.3,89.43,27,15,3,Average,53.95,26,6,Not Promoted,Active
14486,Aakash Verma,employee14486@company.com,Finance,Marketing Executive,Pune,Full-Time,MCA,2022-08-03,146112,38,15.3,75.75,97,1,4,Good,64.84,25,27,Not Promoted,Active
14487,Ravi Das,employee14487@company.com,IT,Financial Analyst,Delhi,Part-Time,B.Com,2023-05-16,56262,43,10.5,76.67,84,15,1,Needs Improvement,96.43,39,15,Not Promoted,Active
14488,Sneha Mishra,employee14488@company.com,Marketing,Financial Analyst,Delhi,Full-Time,MCA,2021-11-06,61949,49,5.7,75.78,69,0,3,Average,65.39,4,19,Not Promoted,Active
14489,Karthik Iyer,employee14489@company.com,Operations,Financial Analyst,Pune,Full-Time,MCA,2021-11-13,37425,27,2.6,81.53,62,1,4,Good,69.93,31,7,Not Promoted,Active
14490,Karthik Patel,employee14490@company.com,Sales,Marketing Executive,Chennai,Full-Time,MBA,2020-07-10,69497,44,0.8,75.99,51,2,4,Good,96.27,35,25,Not Promoted,Active
14491,Ravi Gupta,employee14491@company.com,IT,Software Engineer,Hyderabad,Full-Time,MBA,2024-07-11,82420,45,13.3,97.79,59,15,3,Average,61.94,37,23,Not Promoted,Active
14492,Pooja Singh,employee14492@company.com,Operations,Senior Software Engineer,Coimbatore,Full-Time,B.E,2020-07-10,125295,34,11.5,91.43,89,3,4,Good,76.09,15,3,Not Promoted,Active
14493,Divya Nair,employee14493@company.com,Marketing,Marketing Executive,Coimbatore,Full-Time,M.Sc,2023-11-01,46640,23,8.8,96.94,35,0,4,Good,49.11,9,11,Not Promoted,Active
14494,Ravi Mishra,employee14494@company.com,Marketing,Software Engineer,Chennai,Full-Time,MCA,2023-08-02,127009,34,2.3,95.45,81,0,4,Good,56.31,36,17,Not Promoted,Active
14495,Swetha Mishra,employee14495@company.com,Marketing,Data Analyst,Hyderabad,Contract,B.E,2024-01-09,136367,23,4.1,91.09,61,6,4,Good,58.61,14,22,Promoted,Active
14496,Karthik Patel,employee14496@company.com,Engineering,Marketing Executive,Bangalore,Full-Time,B.E,2022-10-25,124320,29,14.8,77.28,42,4,4,Good,75.13,10,13,Not Promoted,Active
14497,Anjali Iyer,employee14497@company.com,Customer Support,Operations Analyst,Pune,Full-Time,B.Tech,2022-02-02,98824,27,8.9,88.46,38,12,3,Average,98.36,8,16,Promoted,Active
14498,Swetha Gupta,employee14498@company.com,Engineering,Software Engineer,Delhi,Full-Time,MBA,2018-03-19,107914,46,17.3,75.59,4,6,2,Needs Improvement,68.04,17,28,Promoted,Active
14499,Kavya Rao,employee14499@company.com,Operations,Support Associate,Delhi,Full-Time,MBA,2019-02-16,149434,27,18.0,73.97,89,9,3,Average,69.73,32,11,Not Promoted,Active
14500,Swetha Mishra,employee14500@company.com,Finance,Sales Executive,Delhi,Full-Time,B.Com,2022-04-27,81093,27,14.5,88.98,74,8,3,Average,64.57,8,8,Not Promoted,Active
14501,Meena Mishra,employee14501@company.com,HR,Sales Executive,Pune,Full-Time,MBA,2022-05-17,148912,33,5.0,88.74,49,13,4,Good,65.83,40,15,Not Promoted,Active
14502,Suresh Menon,employee14502@company.com,IT,Marketing Executive,Pune,Part-Time,B.Com,2024-08-25,131578,23,4.5,74.7,15,14,4,Good,71.23,14,20,Not Promoted,Active
14503,Priya Pillai,employee14503@company.com,Customer Support,Operations Analyst,Coimbatore,Full-Time,MCA,2025-10-08,72150,40,4.9,80.57,82,0,3,Average,103.46,35,9,Not Promoted,Active
14504,Priya Sharma,employee14504@company.com,HR,Operations Analyst,Coimbatore,Full-Time,B.Tech,2018-11-09,51111,29,17.8,71.99,51,7,1,Needs Improvement,46.58,35,19,Not Promoted,Active
14505,Meena Singh,employee14505@company.com,Marketing,Sales Executive,Coimbatore,Full-Time,B.E,2025-12-21,62293,42,6.4,91.47,68,9,3,Average,85.6,0,29,Not Promoted,Active
14506,Rohan Gupta,employee14506@company.com,HR,Software Engineer,Hyderabad,Full-Time,B.E,2024-09-08,128513,53,12.9,99.62,70,14,3,Average,102.7,27,19,Promoted,Active
14507,Pooja Nair,employee14507@company.com,Operations,Data Analyst,Delhi,Full-Time,MCA,2025-02-03,74664,43,17.3,92.2,2,3,4,Good,72.1,32,10,Not Promoted,Active
14508,Suresh Reddy,employee14508@company.com,Engineering,Marketing Executive,Chennai,Full-Time,B.Com,2018-01-04,43306,43,14.8,95.32,88,8,1,Needs Improvement,87.31,0,27,Not Promoted,Active
14509,Dinesh Verma,employee14509@company.com,Marketing,Data Analyst,Hyderabad,Full-Time,M.Com,2018-04-19,125001,46,11.0,84.29,9,12,4,Good,83.07,5,27,Not Promoted,Active
14510,Suresh Verma,employee14510@company.com,Engineering,Financial Analyst,Delhi,Full-Time,MCA,2020-06-04,120896,52,3.5,72.87,50,1,5,Excellent,67.01,10,8,Promoted,Active
14511,Pooja Nair,employee14511@company.com,Customer Support,Senior Software Engineer,Pune,Full-Time,B.Com,2018-04-03,102213,48,3.6,91.8,68,8,3,Average,53.93,26,0,Not Promoted,Active
14512,Rohan Nair,employee14512@company.com,Marketing,HR Executive,Pune,Contract,MCA,2021-01-27,117672,50,9.1,77.7,31,7,3,Average,59.28,4,15,Not Promoted,Active
14513,Sneha Singh,employee14513@company.com,Sales,Financial Analyst,Pune,Full-Time,B.Tech,2018-07-11,43298,37,17.2,81.65,95,13,2,Needs Improvement,48.73,9,3,Not Promoted,Active
14514,Kavya Joshi,employee14514@company.com,Sales,Project Manager,Delhi,Full-Time,MCA,2024-07-08,29753,38,16.3,91.09,4,5,4,Good,94.71,27,21,Promoted,Active
14515,Priya Reddy,employee14515@company.com,Customer Support,Support Associate,Coimbatore,Full-Time,MCA,2021-05-20,97352,45,3.4,97.14,42,4,4,Good,79.63,15,28,Not Promoted,Active
14516,Rahul Singh,employee14516@company.com,Operations,HR Executive,Pune,Full-Time,MBA,2019-09-19,102704,24,5.5,84.59,82,2,3,Average,96.07,25,7,Promoted,Active
14517,Arun Mishra,employee14517@company.com,Operations,Support Associate,Bangalore,Full-Time,B.Com,2019-07-27,99374,46,10.8,98.85,11,15,4,Good,63.86,27,1,Not Promoted,Active
14518,Arun Iyer,employee14518@company.com,HR,Marketing Executive,Pune,Full-Time,B.Tech,2024-07-31,58565,51,8.9,85.6,30,0,5,Excellent,97.3,13,13,Not Promoted,Active
14519,Anjali Patel,employee14519@company.com,Customer Support,Financial Analyst,Delhi,Full-Time,BBA,2023-04-10,49652,32,2.6,73.68,80,14,3,Average,65.1,12,23,Not Promoted,Active
14520,Aakash Mishra,employee14520@company.com,Engineering,Operations Analyst,Coimbatore,Full-Time,M.Sc,2025-03-23,113144,38,7.0,85.55,21,5,1,Needs Improvement,52.89,0,8,Promoted,Active
14521,Arun Nair,employee14521@company.com,IT,Sales Executive,Hyderabad,Full-Time,B.E,2018-07-15,106676,30,17.2,95.82,58,9,5,Excellent,79.7,34,30,Promoted,Active
14522,Swetha Verma,employee14522@company.com,Customer Support,Sales Executive,Pune,Full-Time,M.Com,2018-09-19,104628,22,17.2,86.14,51,4,4,Good,106.44,14,23,Not Promoted,Active
14523,Aakash Joshi,employee14523@company.com,HR,Data Analyst,Coimbatore,Full-Time,M.Com,2024-06-27,113617,45,10.3,92.43,46,7,5,Excellent,71.94,28,13,Not Promoted,Active
14524,Nisha Joshi,employee14524@company.com,Operations,HR Executive,Coimbatore,Full-Time,B.Com,2024-10-03,35875,29,11.6,86.44,85,0,4,Good,78.5,30,13,Not Promoted,Active
14525,Manoj Iyer,employee14525@company.com,IT,Project Manager,Mumbai,Full-Time,MCA,2023-04-19,115853,52,4.4,86.38,48,12,4,Good,74.33,11,20,Not Promoted,Active
14526,Aakash Singh,employee14526@company.com,Customer Support,Financial Analyst,Bangalore,Contract,MBA,2018-11-28,73996,25,13.5,78.54,55,9,3,Average,74.73,4,29,Not Promoted,Active
14527,Aakash Menon,employee14527@company.com,HR,Sales Executive,Delhi,Full-Time,MCA,2021-08-12,58993,23,1.4,76.04,89,15,4,Good,58.93,31,11,Promoted,Active
14528,Vijay Menon,employee14528@company.com,Finance,Software Engineer,Pune,Full-Time,B.Com,2021-06-13,122101,37,4.4,78.37,30,0,5,Excellent,72.46,9,10,Not Promoted,Active
14529,Suresh Singh,employee14529@company.com,Engineering,Operations Analyst,Mumbai,Full-Time,M.Com,2019-11-12,30566,33,0.6,83.23,58,6,4,Good,77.3,4,0,Not Promoted,Active
14530,Divya Sharma,employee14530@company.com,Finance,Support Associate,Delhi,Full-Time,M.Com,2023-08-17,135698,23,7.2,94.29,69,14,3,Average,93.42,26,21,Not Promoted,Active
14531,Anjali Gupta,employee14531@company.com,Engineering,Marketing Executive,Hyderabad,Full-Time,MCA,2019-06-18,148844,48,15.4,94.87,75,7,3,Average,54.09,38,0,Not Promoted,Active
14532,Aakash Reddy,employee14532@company.com,IT,Data Analyst,Bangalore,Full-Time,MCA,2023-10-21,104139,24,17.7,74.9,42,13,3,Average,82.15,20,10,Not Promoted,Active
14533,Arun Iyer,employee14533@company.com,Sales,HR Executive,Coimbatore,Full-Time,MCA,2022-03-04,63690,38,12.2,86.59,90,9,3,Average,88.04,15,19,Not Promoted,Active
14534,Pooja Das,employee14534@company.com,Engineering,Senior Software Engineer,Pune,Part-Time,B.E,2025-04-19,70741,55,13.5,82.48,80,11,3,Average,69.88,28,24,Not Promoted,Active
14535,Arun Sharma,employee14535@company.com,IT,Sales Executive,Hyderabad,Full-Time,MBA,2023-12-27,128340,34,5.1,87.13,73,0,4,Good,80.7,14,14,Not Promoted,Active
14536,Nisha Verma,employee14536@company.com,HR,Data Analyst,Delhi,Full-Time,MBA,2025-02-02,82655,36,9.6,89.43,4,8,4,Good,91.2,37,27,Not Promoted,Active
14537,Arun Reddy,employee14537@company.com,Marketing,Software Engineer,Mumbai,Part-Time,M.Sc,2018-11-20,27646,32,13.4,78.39,3,6,3,Average,75.23,6,20,Not Promoted,Active
14538,Rohan Mishra,employee14538@company.com,Finance,Software Engineer,Delhi,Full-Time,M.Sc,2025-04-02,147372,31,9.2,97.58,14,6,4,Good,66.67,17,22,Not Promoted,Active
14539,Suresh Pillai,employee14539@company.com,Marketing,Project Manager,Delhi,Full-Time,BBA,2023-04-25,109651,22,2.0,98.06,1,7,2,Needs Improvement,98.61,18,8,Not Promoted,Active
14540,Sneha Kumar,employee14540@company.com,Finance,HR Executive,Bangalore,Full-Time,M.Com,2018-03-14,66592,53,13.5,73.16,48,13,2,Needs Improvement,109.27,16,19,Promoted,Inactive
14541,Ravi Reddy,employee14541@company.com,HR,Project Manager,Pune,Full-Time,M.Com,2025-11-27,54339,33,4.3,91.09,55,7,3,Average,59.08,13,20,Not Promoted,Active
14542,Rahul Das,employee14542@company.com,Finance,HR Executive,Hyderabad,Full-Time,B.Com,2021-11-13,127998,50,2.2,71.0,7,12,4,Good,102.81,40,21,Promoted,Active
14543,Kavya Mishra,employee14543@company.com,IT,Sales Executive,Bangalore,Full-Time,B.Com,2021-06-15,128849,46,8.9,71.4,15,0,3,Average,80.45,9,16,Not Promoted,Active
14544,Anjali Kumar,employee14544@company.com,Marketing,Financial Analyst,Mumbai,Full-Time,M.Sc,2020-09-14,61449,38,1.8,98.73,63,3,3,Average,74.12,24,9,Not Promoted,Active
14545,Vijay Verma,employee14545@company.com,Operations,Marketing Executive,Coimbatore,Full-Time,B.E,2021-09-07,123718,33,11.5,90.85,83,12,3,Average,103.06,40,30,Promoted,Active
14546,Pooja Reddy,employee14546@company.com,Marketing,Support Associate,Pune,Full-Time,M.Com,2022-11-22,134702,24,11.7,79.74,23,12,4,Good,104.17,8,14,Not Promoted,Inactive
14547,Pooja Sharma,employee14547@company.com,HR,Support Associate,Coimbatore,Full-Time,B.Com,2021-08-21,116654,53,5.0,90.1,98,10,1,Needs Improvement,62.72,15,11,Promoted,Active
14548,Rohan Gupta,employee14548@company.com,Operations,Financial Analyst,Bangalore,Full-Time,B.E,2020-10-28,115883,35,17.4,95.38,54,8,4,Good,68.29,23,4,Not Promoted,Active
14549,Vijay Sharma,employee14549@company.com,Marketing,Software Engineer,Mumbai,Full-Time,MBA,2023-06-30,78631,37,14.9,96.13,53,2,4,Good,100.38,20,13,Promoted,Active
14550,Kavya Reddy,employee14550@company.com,Engineering,Operations Analyst,Mumbai,Full-Time,BBA,2021-05-15,64967,26,2.4,70.62,80,5,4,Good,76.9,33,9,Not Promoted,Active
14551,Sneha Joshi,employee14551@company.com,Customer Support,Marketing Executive,Hyderabad,Full-Time,M.Com,2019-02-15,68547,25,13.6,94.55,68,3,5,Excellent,63.72,38,19,Not Promoted,Active
14552,Swetha Sharma,employee14552@company.com,Engineering,Sales Executive,Delhi,Full-Time,B.Tech,2024-04-24,90463,53,6.7,95.6,77,0,1,Needs Improvement,107.54,6,0,Not Promoted,Active
14553,Rahul Pillai,employee14553@company.com,HR,Financial Analyst,Mumbai,Full-Time,M.Com,2022-12-25,71851,36,13.6,87.87,77,2,2,Needs Improvement,59.11,6,29,Promoted,Active
14554,Pooja Singh,employee14554@company.com,Customer Support,Marketing Executive,Mumbai,Full-Time,B.Com,2025-05-22,50062,44,14.5,84.4,59,2,5,Excellent,84.67,27,15,Promoted,Active
14555,Rahul Singh,employee14555@company.com,Sales,Support Associate,Delhi,Full-Time,M.Com,2023-12-14,84123,25,3.1,73.33,30,15,3,Average,72.81,34,3,Promoted,Active
14556,Swetha Gupta,employee14556@company.com,IT,Marketing Executive,Chennai,Full-Time,M.Sc,2021-04-08,98068,23,12.1,77.19,19,14,4,Good,74.33,9,4,Promoted,Active
14557,Anjali Pillai,employee14557@company.com,Engineering,HR Executive,Mumbai,Contract,B.Tech,2025-02-04,113327,55,15.6,84.71,76,12,4,Good,51.89,37,8,Not Promoted,Active
14558,Nisha Menon,employee14558@company.com,Finance,Data Analyst,Pune,Full-Time,M.Sc,2024-11-07,114229,47,6.2,95.95,53,2,4,Good,61.71,31,16,Not Promoted,Active
14559,Aakash Patel,employee14559@company.com,Customer Support,HR Executive,Coimbatore,Full-Time,M.Com,2019-10-24,33221,32,1.9,94.09,8,10,5,Excellent,55.85,33,5,Not Promoted,Active
14560,Nisha Mishra,employee14560@company.com,Finance,Financial Analyst,Coimbatore,Full-Time,M.Sc,2021-05-14,40234,45,1.0,84.88,33,5,5,Excellent,93.73,23,23,Not Promoted,Active
14561,Manoj Das,employee14561@company.com,Finance,Sales Executive,Bangalore,Full-Time,B.Com,2021-09-18,33321,37,2.4,93.57,75,8,4,Good,90.35,40,24,Not Promoted,Active
14562,Divya Verma,employee14562@company.com,Sales,Senior Software Engineer,Delhi,Part-Time,MBA,2022-08-01,32945,40,0.6,92.97,79,15,3,Average,96.62,40,26,Not Promoted,Active
14563,Sneha Reddy,employee14563@company.com,IT,Project Manager,Delhi,Part-Time,B.Com,2020-12-24,30189,48,6.2,87.37,64,6,5,Excellent,90.45,1,4,Promoted,Active
14564,Ravi Patel,employee14564@company.com,Marketing,Project Manager,Delhi,Full-Time,B.E,2023-11-06,127518,55,5.7,76.61,15,6,2,Needs Improvement,53.37,3,17,Not Promoted,Active
14565,Rahul Patel,employee14565@company.com,Customer Support,Senior Software Engineer,Pune,Full-Time,M.Sc,2023-02-02,27374,35,2.4,80.44,69,0,3,Average,108.61,0,16,Promoted,Active
14566,Ravi Kumar,employee14566@company.com,Marketing,Marketing Executive,Delhi,Full-Time,B.Com,2020-12-02,94519,53,11.9,74.92,83,12,5,Excellent,57.25,21,20,Not Promoted,Active
14567,Nisha Nair,employee14567@company.com,Engineering,Senior Software Engineer,Pune,Full-Time,B.E,2023-03-22,36333,23,17.9,70.21,5,14,3,Average,67.78,10,10,Not Promoted,Active
14568,Divya Joshi,employee14568@company.com,IT,Project Manager,Coimbatore,Full-Time,M.Com,2023-05-15,90743,27,16.3,72.42,34,8,3,Average,90.95,10,2,Promoted,Active
14569,Manoj Pillai,employee14569@company.com,Operations,Software Engineer,Hyderabad,Full-Time,B.E,2025-01-07,135711,30,4.9,92.79,2,3,2,Needs Improvement,54.13,13,5,Not Promoted,Active
14570,Pooja Patel,employee14570@company.com,IT,Support Associate,Chennai,Full-Time,M.Sc,2019-05-15,65907,46,14.0,71.0,20,12,4,Good,56.08,26,8,Not Promoted,Active
14571,Pooja Patel,employee14571@company.com,Finance,Project Manager,Delhi,Full-Time,MCA,2021-07-26,34173,26,16.9,82.0,6,7,4,Good,101.98,32,12,Promoted,Active
14572,Dinesh Pillai,employee14572@company.com,Marketing,Project Manager,Coimbatore,Full-Time,M.Com,2018-11-22,29302,53,16.4,99.57,77,11,4,Good,66.58,27,26,Promoted,Active
14573,Ravi Reddy,employee14573@company.com,IT,Software Engineer,Chennai,Full-Time,B.E,2021-12-12,135997,36,16.0,93.86,29,0,3,Average,88.26,22,0,Not Promoted,Active
14574,Swetha Mishra,employee14574@company.com,Marketing,Project Manager,Coimbatore,Full-Time,M.Sc,2019-07-07,64679,44,14.3,92.52,21,7,4,Good,100.82,8,29,Not Promoted,Active
14575,Sneha Pillai,employee14575@company.com,IT,Marketing Executive,Delhi,Full-Time,M.Sc,2023-04-22,80842,50,5.6,78.24,13,8,4,Good,108.26,17,14,Not Promoted,Active
14576,Ajay Singh,employee14576@company.com,HR,Software Engineer,Pune,Full-Time,B.Com,2020-06-06,51747,30,2.0,89.25,54,4,3,Average,58.67,23,19,Not Promoted,Active
14577,Vijay Nair,employee14577@company.com,Engineering,Support Associate,Coimbatore,Full-Time,B.Tech,2020-09-22,25111,31,9.0,84.96,88,6,3,Average,52.99,26,3,Not Promoted,Active
14578,Vijay Patel,employee14578@company.com,Customer Support,Sales Executive,Bangalore,Full-Time,M.Com,2020-07-17,146841,42,1.5,88.71,66,10,3,Average,93.15,34,27,Not Promoted,Active
14579,Pooja Verma,employee14579@company.com,Finance,HR Executive,Chennai,Full-Time,B.E,2018-11-04,106102,23,18.0,83.07,4,9,5,Excellent,57.23,3,22,Not Promoted,Inactive
14580,Priya Menon,employee14580@company.com,IT,Sales Executive,Chennai,Full-Time,B.Tech,2025-05-28,122238,43,6.8,85.93,68,1,4,Good,82.71,21,1,Not Promoted,Active
14581,Priya Joshi,employee14581@company.com,Sales,Software Engineer,Pune,Full-Time,M.Sc,2021-08-23,128013,39,17.3,99.65,58,0,5,Excellent,79.62,10,15,Not Promoted,Active
14582,Suresh Sharma,employee14582@company.com,IT,Software Engineer,Chennai,Full-Time,B.E,2023-04-07,46424,33,14.0,79.88,8,11,3,Average,81.4,6,23,Not Promoted,Active
14583,Arun Menon,employee14583@company.com,HR,Financial Analyst,Hyderabad,Full-Time,BBA,2019-04-15,108329,23,7.7,76.49,47,12,4,Good,87.24,40,28,Not Promoted,Active
14584,Suresh Kumar,employee14584@company.com,Engineering,Data Analyst,Pune,Full-Time,B.E,2022-07-13,33897,42,2.6,83.45,36,10,4,Good,100.31,36,5,Promoted,Active
14585,Sneha Patel,employee14585@company.com,Sales,Data Analyst,Chennai,Full-Time,B.E,2019-09-17,63640,45,4.7,85.73,67,5,4,Good,62.67,33,19,Not Promoted,Active
14586,Karthik Joshi,employee14586@company.com,Sales,Software Engineer,Chennai,Full-Time,B.Com,2024-05-27,39482,40,12.3,72.57,19,8,5,Excellent,81.09,11,14,Not Promoted,Active
14587,Aakash Verma,employee14587@company.com,Engineering,HR Executive,Chennai,Full-Time,B.E,2018-09-06,115052,48,15.0,94.18,84,15,3,Average,66.88,3,18,Not Promoted,Active
14588,Aakash Gupta,employee14588@company.com,IT,Financial Analyst,Pune,Full-Time,B.Tech,2024-06-29,145963,23,17.6,82.66,49,11,2,Needs Improvement,65.72,1,25,Not Promoted,Active
14589,Ajay Verma,employee14589@company.com,HR,Senior Software Engineer,Bangalore,Contract,MCA,2022-01-06,52355,42,2.8,82.4,23,0,4,Good,46.33,0,27,Promoted,Active
14590,Karthik Das,employee14590@company.com,Sales,Operations Analyst,Mumbai,Full-Time,B.E,2019-08-27,81145,38,3.2,89.77,70,13,4,Good,83.96,17,6,Promoted,Active
14591,Sneha Reddy,employee14591@company.com,Customer Support,HR Executive,Coimbatore,Part-Time,MCA,2018-02-28,45583,40,1.2,93.2,48,9,4,Good,108.21,22,24,Promoted,Active
14592,Pooja Joshi,employee14592@company.com,Finance,Software Engineer,Delhi,Full-Time,MBA,2020-10-17,142288,25,5.1,99.58,7,0,3,Average,94.48,33,10,Promoted,Active
14593,Swetha Reddy,employee14593@company.com,Operations,Software Engineer,Coimbatore,Full-Time,M.Sc,2024-05-05,134111,29,14.9,75.21,74,3,4,Good,60.78,3,17,Not Promoted,Active
14594,Swetha Reddy,employee14594@company.com,Finance,HR Executive,Chennai,Full-Time,M.Com,2021-09-03,106718,49,4.0,80.37,72,9,3,Average,91.55,18,7,Not Promoted,Active
14595,Meena Pillai,employee14595@company.com,Marketing,Marketing Executive,Coimbatore,Contract,B.Com,2023-11-12,29857,37,10.1,75.05,5,5,3,Average,64.32,39,1,Promoted,Active
14596,Vijay Gupta,employee14596@company.com,Marketing,Financial Analyst,Mumbai,Full-Time,MBA,2021-07-01,122521,32,8.3,96.43,39,13,4,Good,93.99,39,26,Promoted,Active
14597,Arun Joshi,employee14597@company.com,HR,Software Engineer,Mumbai,Full-Time,MBA,2019-11-18,36166,46,6.2,86.45,80,14,4,Good,100.57,40,11,Not Promoted,Active
14598,Manoj Iyer,employee14598@company.com,Sales,Operations Analyst,Chennai,Full-Time,B.Tech,2019-05-30,147494,53,11.3,95.57,53,8,3,Average,66.73,8,21,Not Promoted,Active
14599,Arun Iyer,employee14599@company.com,Finance,Senior Software Engineer,Chennai,Full-Time,B.Tech,2019-06-17,146493,53,9.3,99.56,76,1,3,Average,45.14,22,29,Promoted,Active
14600,Rahul Das,employee14600@company.com,Finance,Sales Executive,Delhi,Contract,BBA,2019-02-06,32498,49,6.4,86.51,16,13,3,Average,64.83,12,7,Not Promoted,Active
14601,Meena Patel,employee14601@company.com,Operations,Support Associate,Mumbai,Full-Time,MCA,2025-07-31,62807,42,12.6,73.54,50,4,3,Average,58.38,0,0,Promoted,Active
14602,Suresh Pillai,employee14602@company.com,HR,Operations Analyst,Bangalore,Full-Time,MCA,2025-04-09,50423,38,5.4,80.84,1,6,4,Good,85.21,11,6,Not Promoted,Active
14603,Vijay Iyer,employee14603@company.com,Customer Support,Support Associate,Mumbai,Full-Time,B.Com,2023-11-11,77095,37,11.8,71.09,29,11,5,Excellent,63.85,9,8,Not Promoted,Active
14604,Dinesh Reddy,employee14604@company.com,Sales,Project Manager,Bangalore,Part-Time,B.Com,2019-07-28,131371,44,17.3,95.48,31,3,3,Average,47.34,26,21,Not Promoted,Active
14605,Rahul Rao,employee14605@company.com,HR,Marketing Executive,Coimbatore,Full-Time,BBA,2022-04-15,69180,42,13.3,70.54,49,12,4,Good,79.54,18,21,Not Promoted,Active
14606,Suresh Nair,employee14606@company.com,IT,Operations Analyst,Hyderabad,Full-Time,M.Com,2020-08-28,66128,25,7.8,87.77,99,5,5,Excellent,101.85,39,8,Not Promoted,Active
14607,Vijay Nair,employee14607@company.com,Finance,Data Analyst,Bangalore,Part-Time,B.E,2022-12-11,113620,21,13.6,73.18,70,5,4,Good,74.34,31,30,Promoted,Active
14608,Kavya Pillai,employee14608@company.com,HR,Marketing Executive,Delhi,Full-Time,B.Com,2019-03-13,124288,39,14.7,70.23,15,3,3,Average,69.46,21,1,Not Promoted,Active
14609,Manoj Reddy,employee14609@company.com,HR,Data Analyst,Pune,Full-Time,B.Com,2024-11-08,124411,50,6.2,77.68,82,3,5,Excellent,56.6,24,3,Not Promoted,Active
14610,Kavya Sharma,employee14610@company.com,Operations,Senior Software Engineer,Coimbatore,Full-Time,MCA,2024-09-28,84911,35,12.8,86.56,78,8,3,Average,70.18,10,13,Not Promoted,Active
14611,Divya Joshi,employee14611@company.com,Customer Support,Senior Software Engineer,Chennai,Full-Time,B.E,2023-06-26,82450,55,8.1,72.25,54,10,3,Average,66.51,10,13,Promoted,Active
14612,Swetha Iyer,employee14612@company.com,IT,Senior Software Engineer,Hyderabad,Full-Time,M.Com,2021-10-30,70940,25,14.8,88.45,56,0,2,Needs Improvement,109.67,25,26,Not Promoted,Inactive
14613,Anjali Gupta,employee14613@company.com,Marketing,Marketing Executive,Mumbai,Full-Time,M.Sc,2022-04-04,81584,26,5.7,90.16,77,12,3,Average,46.98,15,7,Promoted,Active
14614,Ajay Singh,employee14614@company.com,Finance,Senior Software Engineer,Bangalore,Full-Time,M.Sc,2025-07-14,85049,45,16.9,99.09,44,4,2,Needs Improvement,60.53,28,20,Not Promoted,Active
14615,Meena Joshi,employee14615@company.com,Operations,HR Executive,Hyderabad,Full-Time,B.Tech,2022-06-27,35270,31,10.6,96.99,51,10,3,Average,49.46,29,8,Not Promoted,Active
14616,Pooja Sharma,employee14616@company.com,Customer Support,Support Associate,Coimbatore,Contract,M.Com,2020-02-01,85962,42,6.7,87.0,70,8,3,Average,100.73,10,2,Not Promoted,Active
14617,Swetha Mishra,employee14617@company.com,Customer Support,Support Associate,Pune,Full-Time,B.E,2022-01-02,29342,54,7.8,93.8,46,8,4,Good,72.13,0,21,Not Promoted,Active
14618,Karthik Menon,employee14618@company.com,HR,Financial Analyst,Bangalore,Full-Time,B.Tech,2024-05-01,68933,34,6.6,80.91,32,8,5,Excellent,96.76,5,21,Not Promoted,Active
14619,Pooja Verma,employee14619@company.com,Finance,Data Analyst,Delhi,Full-Time,B.Tech,2024-12-29,92089,29,3.1,87.57,97,1,3,Average,89.99,12,18,Not Promoted,Active
14620,Rohan Verma,employee14620@company.com,Engineering,Support Associate,Mumbai,Full-Time,BBA,2025-05-17,92538,40,1.7,82.1,23,6,4,Good,105.32,26,5,Not Promoted,Active
14621,Sneha Kumar,employee14621@company.com,Marketing,Software Engineer,Mumbai,Full-Time,B.Tech,2020-05-10,49488,36,6.1,80.11,34,13,4,Good,46.54,34,0,Not Promoted,Active
14622,Sneha Nair,employee14622@company.com,Engineering,Support Associate,Bangalore,Full-Time,M.Com,2023-05-29,121279,37,8.5,91.83,63,9,4,Good,58.48,32,20,Not Promoted,Active
14623,Pooja Pillai,employee14623@company.com,Engineering,Software Engineer,Pune,Full-Time,BBA,2025-06-29,140185,37,6.8,78.9,84,7,2,Needs Improvement,90.63,13,17,Not Promoted,Active
14624,Aakash Patel,employee14624@company.com,Engineering,Financial Analyst,Chennai,Full-Time,MCA,2020-05-16,79101,54,0.7,81.42,87,0,4,Good,83.04,21,7,Not Promoted,Active
14625,Suresh Das,employee14625@company.com,Customer Support,Project Manager,Chennai,Full-Time,B.E,2021-01-27,70359,31,10.6,81.02,100,1,5,Excellent,90.15,20,6,Not Promoted,Active
14626,Vijay Iyer,employee14626@company.com,HR,Marketing Executive,Mumbai,Full-Time,M.Com,2020-11-19,26421,55,3.0,96.11,79,0,4,Good,82.41,1,6,Not Promoted,Active
14627,Manoj Mishra,employee14627@company.com,Customer Support,Operations Analyst,Coimbatore,Full-Time,M.Com,2021-08-07,94010,54,4.2,75.11,59,12,3,Average,82.77,4,9,Promoted,Active
14628,Kavya Reddy,employee14628@company.com,IT,Project Manager,Coimbatore,Full-Time,MBA,2024-12-09,86755,28,2.6,81.44,80,8,4,Good,105.62,14,3,Promoted,Active
14629,Swetha Mishra,employee14629@company.com,Customer Support,Financial Analyst,Pune,Full-Time,B.Com,2023-05-17,145668,39,9.6,96.64,28,9,4,Good,104.88,19,29,Not Promoted,Active
14630,Pooja Kumar,employee14630@company.com,Finance,Support Associate,Mumbai,Part-Time,M.Sc,2018-01-28,78525,53,2.2,70.46,17,15,4,Good,47.47,25,17,Not Promoted,Active
14631,Aakash Rao,employee14631@company.com,Customer Support,Support Associate,Chennai,Full-Time,M.Com,2024-05-24,50117,43,5.0,98.44,57,10,2,Needs Improvement,71.89,23,18,Promoted,Active
14632,Manoj Rao,employee14632@company.com,Customer Support,Data Analyst,Mumbai,Full-Time,MBA,2019-08-04,81462,22,8.4,96.97,47,15,3,Average,78.19,34,30,Promoted,Active
14633,Suresh Singh,employee14633@company.com,Engineering,Marketing Executive,Bangalore,Full-Time,M.Sc,2024-04-18,99516,28,3.4,82.54,10,4,4,Good,68.26,23,30,Promoted,Active
14634,Meena Iyer,employee14634@company.com,Operations,Financial Analyst,Coimbatore,Full-Time,MCA,2020-07-15,139073,49,8.3,89.59,2,3,5,Excellent,48.22,25,9,Not Promoted,Active
14635,Ajay Verma,employee14635@company.com,IT,Senior Software Engineer,Coimbatore,Full-Time,BBA,2023-11-28,148235,27,6.5,99.73,41,7,2,Needs Improvement,75.7,40,19,Not Promoted,Active
14636,Divya Mishra,employee14636@company.com,Marketing,Operations Analyst,Delhi,Full-Time,MCA,2023-03-04,145331,49,15.6,86.65,17,15,5,Excellent,108.42,21,18,Not Promoted,Active
14637,Manoj Patel,employee14637@company.com,Marketing,Project Manager,Bangalore,Full-Time,B.E,2025-05-15,69934,51,14.4,72.91,15,2,3,Average,49.69,26,2,Not Promoted,Active
14638,Divya Singh,employee14638@company.com,Finance,HR Executive,Delhi,Full-Time,MBA,2024-09-11,99954,50,17.9,95.61,40,7,4,Good,98.08,18,28,Promoted,Active
14639,Anjali Iyer,employee14639@company.com,Marketing,HR Executive,Pune,Full-Time,BBA,2022-04-05,82593,55,9.8,74.02,64,2,4,Good,57.72,36,29,Not Promoted,Active
14640,Ravi Das,employee14640@company.com,Sales,HR Executive,Chennai,Full-Time,M.Com,2018-10-03,37390,45,10.6,77.72,42,5,4,Good,82.49,35,16,Promoted,Active
14641,Ravi Patel,employee14641@company.com,Operations,Financial Analyst,Pune,Full-Time,BBA,2025-06-29,47562,24,17.1,96.21,42,3,5,Excellent,70.16,28,30,Promoted,Active
14642,Pooja Pillai,employee14642@company.com,Finance,Senior Software Engineer,Pune,Full-Time,B.E,2024-04-13,118507,37,7.5,77.68,90,12,3,Average,67.69,39,0,Not Promoted,Active
14643,Divya Rao,employee14643@company.com,Customer Support,Sales Executive,Chennai,Full-Time,MBA,2021-09-09,119081,30,10.2,92.35,30,13,4,Good,101.58,38,23,Not Promoted,Active
14644,Aakash Mishra,employee14644@company.com,Sales,HR Executive,Hyderabad,Full-Time,M.Com,2024-09-21,58299,21,7.1,83.43,27,14,2,Needs Improvement,108.28,11,7,Not Promoted,Inactive
14645,Ajay Singh,employee14645@company.com,Marketing,Project Manager,Hyderabad,Contract,B.E,2023-12-13,82902,38,10.1,92.79,50,14,4,Good,70.13,15,16,Promoted,Active
14646,Karthik Das,employee14646@company.com,Customer Support,Sales Executive,Mumbai,Full-Time,M.Sc,2018-06-02,124923,39,1.9,76.97,26,7,4,Good,86.63,30,3,Not Promoted,Active
14647,Arun Joshi,employee14647@company.com,Finance,Operations Analyst,Hyderabad,Contract,B.E,2022-05-24,42675,52,14.2,82.59,8,6,4,Good,81.17,14,1,Not Promoted,Active
14648,Vijay Mishra,employee14648@company.com,Engineering,Data Analyst,Bangalore,Full-Time,M.Sc,2025-05-29,110044,51,17.7,79.54,37,11,3,Average,50.0,32,16,Not Promoted,Active
14649,Sneha Reddy,employee14649@company.com,Sales,Senior Software Engineer,Coimbatore,Full-Time,B.Com,2023-03-17,144568,53,1.7,77.47,35,4,5,Excellent,47.68,14,1,Promoted,Active
14650,Meena Reddy,employee14650@company.com,Marketing,Data Analyst,Delhi,Full-Time,MCA,2023-08-30,61881,42,14.5,79.43,59,12,3,Average,95.27,31,0,Promoted,Active
14651,Rohan Das,employee14651@company.com,HR,Project Manager,Coimbatore,Full-Time,BBA,2023-01-01,34319,21,4.7,79.69,90,13,2,Needs Improvement,70.64,21,4,Promoted,Active
14652,Pooja Sharma,employee14652@company.com,HR,Marketing Executive,Pune,Full-Time,BBA,2018-09-04,70207,55,4.0,98.66,56,14,4,Good,64.99,5,30,Promoted,Inactive
14653,Dinesh Joshi,employee14653@company.com,IT,Marketing Executive,Coimbatore,Full-Time,M.Sc,2021-11-14,28911,37,12.6,86.0,46,12,3,Average,109.06,29,25,Not Promoted,Active
14654,Nisha Reddy,employee14654@company.com,HR,HR Executive,Mumbai,Full-Time,M.Com,2021-10-02,120908,54,1.3,83.86,89,2,4,Good,50.54,40,30,Not Promoted,Active
14655,Arun Iyer,employee14655@company.com,Engineering,Project Manager,Pune,Contract,B.Com,2021-05-11,64927,49,8.6,85.1,90,4,3,Average,62.49,16,30,Not Promoted,Active
14656,Rohan Pillai,employee14656@company.com,Sales,Data Analyst,Chennai,Contract,B.E,2020-10-29,136464,26,0.5,99.88,67,13,3,Average,100.69,1,27,Not Promoted,Active
14657,Karthik Mishra,employee14657@company.com,Engineering,Financial Analyst,Coimbatore,Full-Time,B.E,2022-09-12,104261,21,10.2,89.61,50,3,4,Good,71.97,15,29,Not Promoted,Active
14658,Vijay Menon,employee14658@company.com,Operations,Sales Executive,Hyderabad,Part-Time,MBA,2022-08-19,124411,47,8.6,91.1,57,7,4,Good,82.98,11,5,Not Promoted,Active
14659,Ajay Iyer,employee14659@company.com,HR,HR Executive,Chennai,Full-Time,B.Com,2025-01-22,63195,32,16.5,79.41,47,10,3,Average,48.14,11,11,Promoted,Active
14660,Aakash Singh,employee14660@company.com,Finance,Sales Executive,Mumbai,Full-Time,B.Tech,2023-11-21,79422,24,13.1,84.15,58,4,4,Good,104.82,38,23,Promoted,Inactive
14661,Rohan Sharma,employee14661@company.com,Finance,Support Associate,Delhi,Full-Time,M.Com,2025-03-29,136140,36,2.7,75.52,75,9,4,Good,53.9,16,9,Not Promoted,Active
14662,Nisha Menon,employee14662@company.com,Finance,Support Associate,Bangalore,Full-Time,MCA,2024-07-26,72561,31,6.7,90.56,46,9,4,Good,58.87,40,7,Promoted,Active
14663,Kavya Kumar,employee14663@company.com,HR,Support Associate,Hyderabad,Part-Time,M.Sc,2024-03-31,129800,40,16.8,80.33,14,15,3,Average,55.19,5,13,Promoted,Active
14664,Ajay Reddy,employee14664@company.com,Customer Support,Marketing Executive,Chennai,Full-Time,B.Com,2022-07-29,26687,46,13.2,92.45,93,4,4,Good,77.34,40,3,Not Promoted,Active
14665,Rohan Das,employee14665@company.com,Engineering,Software Engineer,Delhi,Part-Time,B.E,2018-02-06,63755,48,10.9,76.39,77,1,4,Good,98.1,25,18,Promoted,Active
14666,Priya Kumar,employee14666@company.com,HR,Project Manager,Coimbatore,Contract,MBA,2022-06-16,45855,28,10.3,82.11,71,8,4,Good,62.35,0,27,Promoted,Active
14667,Rohan Rao,employee14667@company.com,IT,Marketing Executive,Hyderabad,Full-Time,M.Com,2024-05-28,53879,22,7.5,84.14,91,14,2,Needs Improvement,54.25,15,4,Not Promoted,Active
14668,Vijay Joshi,employee14668@company.com,Operations,Project Manager,Pune,Full-Time,MCA,2023-08-27,47065,46,10.7,75.0,94,5,4,Good,71.64,39,23,Not Promoted,Active
14669,Ravi Nair,employee14669@company.com,Customer Support,Operations Analyst,Bangalore,Full-Time,M.Sc,2023-11-08,41091,47,14.0,72.09,1,10,4,Good,108.81,15,20,Not Promoted,Inactive
14670,Nisha Das,employee14670@company.com,Operations,Data Analyst,Coimbatore,Full-Time,M.Com,2021-10-03,37747,53,2.7,79.51,78,15,4,Good,45.72,15,25,Not Promoted,Active
14671,Swetha Iyer,employee14671@company.com,Customer Support,Support Associate,Delhi,Full-Time,MBA,2019-11-08,61243,27,17.5,86.35,60,15,3,Average,77.76,38,6,Not Promoted,Active
14672,Pooja Rao,employee14672@company.com,Customer Support,Support Associate,Hyderabad,Full-Time,B.E,2020-09-03,73686,41,4.7,89.58,39,0,5,Excellent,88.51,28,19,Promoted,Active
14673,Kavya Kumar,employee14673@company.com,Marketing,Operations Analyst,Coimbatore,Full-Time,BBA,2022-01-07,109497,54,8.3,82.76,42,2,4,Good,97.44,25,1,Not Promoted,Active
14674,Anjali Verma,employee14674@company.com,IT,Senior Software Engineer,Bangalore,Contract,M.Sc,2018-09-10,76684,43,0.9,85.01,47,3,2,Needs Improvement,93.5,29,24,Not Promoted,Active
14675,Nisha Patel,employee14675@company.com,Sales,Software Engineer,Delhi,Full-Time,BBA,2025-11-04,45601,54,10.1,86.3,71,15,3,Average,49.84,32,10,Not Promoted,Active
14676,Swetha Mishra,employee14676@company.com,Finance,Senior Software Engineer,Pune,Full-Time,MCA,2022-06-05,146625,27,7.2,85.36,68,9,5,Excellent,75.02,19,9,Not Promoted,Active
14677,Karthik Mishra,employee14677@company.com,HR,Marketing Executive,Pune,Full-Time,B.Tech,2023-07-10,59797,46,4.9,72.71,56,9,2,Needs Improvement,50.12,36,17,Not Promoted,Active
14678,Meena Iyer,employee14678@company.com,Marketing,Senior Software Engineer,Chennai,Full-Time,MBA,2024-02-10,132639,37,17.7,82.15,67,13,5,Excellent,85.29,12,1,Promoted,Active
14679,Rohan Patel,employee14679@company.com,Marketing,Project Manager,Mumbai,Full-Time,B.Tech,2024-05-26,119458,51,8.0,76.13,11,1,4,Good,50.01,7,13,Not Promoted,Active
14680,Vijay Patel,employee14680@company.com,Customer Support,Financial Analyst,Chennai,Full-Time,B.Com,2020-01-31,145646,45,7.8,86.01,73,12,4,Good,48.15,31,23,Promoted,Active
14681,Karthik Gupta,employee14681@company.com,HR,Project Manager,Bangalore,Full-Time,BBA,2024-01-15,128722,35,8.6,92.74,67,10,3,Average,64.89,17,9,Not Promoted,Active
14682,Swetha Joshi,employee14682@company.com,IT,HR Executive,Chennai,Full-Time,M.Com,2025-07-01,31190,22,2.5,87.38,50,12,3,Average,106.02,40,5,Not Promoted,Inactive
14683,Nisha Verma,employee14683@company.com,Marketing,Marketing Executive,Delhi,Full-Time,MCA,2019-01-28,49148,31,7.4,76.65,73,9,5,Excellent,91.15,10,20,Promoted,Active
14684,Vijay Menon,employee14684@company.com,Operations,Support Associate,Hyderabad,Full-Time,BBA,2019-03-07,138962,52,6.4,76.23,28,14,3,Average,45.26,37,2,Not Promoted,Active
14685,Manoj Iyer,employee14685@company.com,IT,Marketing Executive,Delhi,Full-Time,B.E,2020-09-23,102471,50,8.6,71.11,91,3,4,Good,63.51,13,22,Not Promoted,Active
14686,Vijay Kumar,employee14686@company.com,HR,Senior Software Engineer,Chennai,Full-Time,B.Tech,2020-12-27,69550,37,15.5,82.79,28,1,3,Average,46.14,39,15,Not Promoted,Active
14687,Meena Mishra,employee14687@company.com,Customer Support,Sales Executive,Mumbai,Full-Time,B.E,2021-01-05,105116,44,3.9,82.99,82,14,2,Needs Improvement,64.13,32,7,Not Promoted,Active
14688,Divya Reddy,employee14688@company.com,IT,Marketing Executive,Delhi,Full-Time,B.Com,2018-04-12,69758,24,11.1,77.09,12,14,1,Needs Improvement,89.56,40,8,Not Promoted,Active
14689,Kavya Das,employee14689@company.com,Customer Support,Data Analyst,Delhi,Contract,B.Tech,2025-05-23,133243,52,1.2,92.93,56,5,4,Good,94.39,22,10,Promoted,Active
14690,Anjali Nair,employee14690@company.com,Operations,Marketing Executive,Delhi,Full-Time,B.E,2020-06-11,95355,39,6.0,81.59,97,12,5,Excellent,97.27,6,15,Not Promoted,Inactive
14691,Arun Gupta,employee14691@company.com,Finance,Project Manager,Mumbai,Full-Time,B.E,2025-03-17,30919,23,8.8,90.08,45,9,3,Average,104.15,14,1,Promoted,Active
14692,Ravi Reddy,employee14692@company.com,Customer Support,Sales Executive,Delhi,Full-Time,M.Sc,2024-03-04,49793,24,1.8,89.2,19,14,3,Average,68.78,14,23,Not Promoted,Active
14693,Swetha Das,employee14693@company.com,Customer Support,Software Engineer,Bangalore,Full-Time,B.Com,2024-03-10,121227,45,10.0,88.14,81,8,3,Average,101.07,8,30,Promoted,Active
14694,Kavya Patel,employee14694@company.com,Engineering,Project Manager,Pune,Full-Time,MBA,2023-10-28,93346,29,5.9,97.24,58,0,4,Good,92.3,20,4,Not Promoted,Inactive
14695,Aakash Menon,employee14695@company.com,HR,Sales Executive,Mumbai,Full-Time,MCA,2022-11-24,61183,41,17.9,70.48,35,4,3,Average,79.95,36,0,Promoted,Active
14696,Pooja Singh,employee14696@company.com,Operations,Sales Executive,Bangalore,Full-Time,B.Com,2023-12-21,112872,43,11.5,72.04,0,8,5,Excellent,107.05,38,29,Promoted,Active
14697,Aakash Menon,employee14697@company.com,HR,Marketing Executive,Mumbai,Full-Time,B.Tech,2021-05-05,79585,49,4.8,91.66,89,10,4,Good,106.6,27,25,Not Promoted,Active
14698,Nisha Pillai,employee14698@company.com,Operations,Operations Analyst,Mumbai,Full-Time,B.Tech,2019-04-17,26716,50,2.3,80.61,2,6,4,Good,103.34,5,22,Not Promoted,Active
14699,Karthik Iyer,employee14699@company.com,Operations,Financial Analyst,Pune,Full-Time,M.Com,2022-11-16,114817,45,1.2,99.6,43,13,2,Needs Improvement,58.14,9,29,Not Promoted,Active
14700,Ajay Pillai,employee14700@company.com,Marketing,Operations Analyst,Hyderabad,Part-Time,B.E,2024-05-26,25289,49,2.1,76.49,54,10,5,Excellent,58.51,14,14,Not Promoted,Active
14701,Anjali Mishra,employee14701@company.com,Marketing,Sales Executive,Bangalore,Full-Time,MCA,2021-07-03,29697,54,12.4,75.5,59,5,3,Average,103.57,23,6,Not Promoted,Active
14702,Nisha Rao,employee14702@company.com,Marketing,Marketing Executive,Mumbai,Contract,B.Tech,2022-02-07,73099,34,15.5,87.65,2,15,2,Needs Improvement,70.86,3,15,Not Promoted,Active
14703,Ajay Joshi,employee14703@company.com,Finance,Financial Analyst,Coimbatore,Full-Time,MBA,2025-05-05,117855,42,3.2,78.38,84,6,4,Good,96.83,34,25,Not Promoted,Active
14704,Anjali Nair,employee14704@company.com,Finance,Support Associate,Mumbai,Full-Time,MBA,2019-02-26,88041,36,7.5,80.21,62,13,4,Good,89.65,14,11,Not Promoted,Active
14705,Nisha Verma,employee14705@company.com,Operations,Data Analyst,Chennai,Full-Time,B.Com,2025-02-18,139079,31,6.7,97.63,81,12,3,Average,94.55,36,18,Not Promoted,Inactive
14706,Priya Mishra,employee14706@company.com,Sales,Senior Software Engineer,Delhi,Full-Time,BBA,2025-03-13,91145,34,11.8,70.79,30,8,3,Average,46.71,1,14,Not Promoted,Active
14707,Priya Nair,employee14707@company.com,HR,Financial Analyst,Hyderabad,Full-Time,B.Tech,2019-06-23,27353,27,3.7,85.94,99,2,4,Good,72.95,39,26,Not Promoted,Active
14708,Rohan Pillai,employee14708@company.com,Marketing,Support Associate,Pune,Full-Time,MCA,2022-09-03,147333,25,17.2,80.05,60,7,3,Average,100.71,27,2,Promoted,Active
14709,Rohan Patel,employee14709@company.com,HR,Support Associate,Coimbatore,Full-Time,MCA,2022-11-16,41919,49,13.2,80.38,48,0,4,Good,76.85,4,19,Not Promoted,Active
14710,Manoj Singh,employee14710@company.com,Customer Support,Data Analyst,Bangalore,Full-Time,BBA,2024-11-14,110211,37,17.2,77.43,43,9,4,Good,89.86,22,20,Not Promoted,Active
14711,Vijay Verma,employee14711@company.com,Operations,HR Executive,Mumbai,Full-Time,B.Tech,2024-06-06,45141,50,5.4,74.05,51,5,3,Average,94.14,8,20,Not Promoted,Active
14712,Ravi Rao,employee14712@company.com,IT,Software Engineer,Delhi,Full-Time,BBA,2021-08-04,99484,45,10.8,71.03,30,8,3,Average,52.85,6,4,Not Promoted,Inactive
14713,Anjali Singh,employee14713@company.com,Operations,Data Analyst,Bangalore,Full-Time,M.Sc,2023-05-15,139289,34,13.3,99.63,71,0,3,Average,55.12,3,14,Not Promoted,Active
14714,Rohan Sharma,employee14714@company.com,Finance,Software Engineer,Pune,Full-Time,M.Com,2020-09-12,97693,42,12.9,89.81,88,4,4,Good,92.1,18,21,Promoted,Active
14715,Pooja Singh,employee14715@company.com,Sales,HR Executive,Hyderabad,Full-Time,M.Com,2020-03-16,28849,25,0.9,93.32,48,7,4,Good,48.55,7,16,Not Promoted,Active
14716,Swetha Iyer,employee14716@company.com,IT,HR Executive,Chennai,Full-Time,M.Com,2024-04-23,65837,48,18.0,71.95,45,15,3,Average,67.22,30,15,Not Promoted,Active
14717,Rahul Das,employee14717@company.com,HR,Data Analyst,Hyderabad,Full-Time,M.Sc,2024-11-05,131849,32,16.7,70.45,53,14,4,Good,104.68,13,15,Not Promoted,Active
14718,Meena Sharma,employee14718@company.com,Finance,Software Engineer,Chennai,Full-Time,B.Tech,2024-10-21,111750,33,2.6,88.01,83,9,5,Excellent,82.33,28,22,Not Promoted,Active
14719,Nisha Mishra,employee14719@company.com,Marketing,Operations Analyst,Bangalore,Full-Time,B.Com,2024-09-11,69851,41,10.0,91.71,10,14,3,Average,104.18,8,11,Not Promoted,Active
14720,Divya Gupta,employee14720@company.com,IT,Senior Software Engineer,Hyderabad,Full-Time,M.Sc,2021-03-22,62098,52,6.0,81.85,64,10,5,Excellent,65.11,36,3,Not Promoted,Active
14721,Kavya Nair,employee14721@company.com,Finance,Operations Analyst,Hyderabad,Full-Time,MCA,2019-10-11,148185,41,15.9,81.63,84,5,3,Average,86.38,5,28,Not Promoted,Active
14722,Divya Iyer,employee14722@company.com,HR,Software Engineer,Hyderabad,Full-Time,B.Com,2024-03-19,128533,29,12.7,81.53,16,5,2,Needs Improvement,63.64,27,4,Not Promoted,Inactive
14723,Arun Sharma,employee14723@company.com,Operations,Project Manager,Pune,Full-Time,BBA,2022-09-21,56033,22,4.4,74.58,27,13,3,Average,52.22,9,23,Promoted,Active
14724,Sneha Pillai,employee14724@company.com,HR,Project Manager,Bangalore,Full-Time,B.Com,2021-12-30,60763,23,1.1,92.62,81,2,3,Average,109.4,2,28,Not Promoted,Active
14725,Sneha Sharma,employee14725@company.com,IT,Support Associate,Coimbatore,Part-Time,M.Sc,2023-12-24,103860,30,5.6,76.46,92,7,3,Average,56.46,11,7,Promoted,Active
14726,Ravi Sharma,employee14726@company.com,Engineering,Project Manager,Chennai,Full-Time,B.Com,2022-04-01,36900,55,1.2,79.73,73,13,1,Needs Improvement,57.25,35,11,Not Promoted,Active
14727,Swetha Pillai,employee14727@company.com,IT,Project Manager,Hyderabad,Full-Time,MBA,2019-09-18,48354,29,3.0,90.14,8,0,5,Excellent,99.72,10,4,Not Promoted,Active
14728,Dinesh Gupta,employee14728@company.com,Operations,Senior Software Engineer,Bangalore,Full-Time,B.Tech,2020-02-15,27214,52,11.6,70.0,33,11,4,Good,97.15,8,10,Not Promoted,Inactive
14729,Suresh Kumar,employee14729@company.com,IT,HR Executive,Coimbatore,Full-Time,B.E,2021-07-26,37340,41,13.5,92.99,19,15,4,Good,108.56,5,28,Promoted,Active
14730,Ravi Joshi,employee14730@company.com,Sales,Support Associate,Delhi,Full-Time,B.Tech,2025-03-17,116321,54,8.7,96.97,94,3,3,Average,49.66,11,18,Not Promoted,Active
14731,Manoj Reddy,employee14731@company.com,Marketing,HR Executive,Pune,Full-Time,B.Com,2024-12-07,41659,45,11.0,71.55,2,7,2,Needs Improvement,51.12,40,9,Not Promoted,Active
14732,Ravi Mishra,employee14732@company.com,Finance,Software Engineer,Pune,Full-Time,MBA,2021-06-22,39687,52,3.2,87.75,0,5,2,Needs Improvement,74.17,7,23,Not Promoted,Active
14733,Karthik Das,employee14733@company.com,Operations,Data Analyst,Delhi,Contract,MBA,2022-11-09,145841,42,6.0,82.25,59,10,4,Good,83.46,40,17,Not Promoted,Active
14734,Suresh Menon,employee14734@company.com,HR,Support Associate,Bangalore,Full-Time,B.Tech,2021-03-12,31553,45,13.0,72.35,96,8,5,Excellent,47.47,12,11,Not Promoted,Active
14735,Ravi Gupta,employee14735@company.com,HR,Financial Analyst,Chennai,Full-Time,BBA,2024-12-23,98874,21,6.9,90.47,49,0,3,Average,55.3,8,8,Not Promoted,Active
14736,Rohan Patel,employee14736@company.com,Marketing,Support Associate,Bangalore,Full-Time,B.E,2022-03-31,143236,41,6.6,88.37,7,14,2,Needs Improvement,90.72,19,21,Promoted,Active
14737,Kavya Singh,employee14737@company.com,IT,Sales Executive,Bangalore,Full-Time,M.Sc,2023-11-11,130276,36,3.9,89.28,17,14,4,Good,88.46,39,9,Not Promoted,Active
14738,Pooja Mishra,employee14738@company.com,IT,HR Executive,Mumbai,Full-Time,M.Sc,2021-11-07,149833,52,10.9,94.4,29,15,3,Average,50.83,9,19,Promoted,Active
14739,Kavya Das,employee14739@company.com,HR,Software Engineer,Coimbatore,Full-Time,B.Com,2023-03-28,42235,41,14.7,78.61,96,1,3,Average,105.56,40,19,Not Promoted,Active
14740,Rahul Kumar,employee14740@company.com,Marketing,Project Manager,Pune,Full-Time,MBA,2024-05-15,111443,48,8.7,90.31,21,12,4,Good,61.56,26,18,Not Promoted,Active
14741,Rohan Mishra,employee14741@company.com,HR,Sales Executive,Chennai,Full-Time,B.Com,2022-10-17,99215,39,2.5,92.3,80,15,4,Good,102.67,3,26,Not Promoted,Active
14742,Karthik Gupta,employee14742@company.com,IT,Marketing Executive,Mumbai,Full-Time,B.Com,2019-09-13,141241,34,15.2,75.06,8,11,2,Needs Improvement,104.99,9,20,Promoted,Inactive
14743,Divya Sharma,employee14743@company.com,Operations,Financial Analyst,Delhi,Full-Time,MCA,2021-08-04,120608,43,1.7,98.71,21,13,1,Needs Improvement,76.85,18,5,Not Promoted,Active
14744,Rahul Patel,employee14744@company.com,Finance,Operations Analyst,Bangalore,Full-Time,B.Com,2024-11-28,141449,44,8.8,80.2,9,0,5,Excellent,71.78,9,9,Not Promoted,Active
14745,Priya Kumar,employee14745@company.com,IT,HR Executive,Delhi,Full-Time,M.Com,2019-11-03,69143,40,5.1,91.41,96,10,3,Average,63.08,22,18,Not Promoted,Active
14746,Manoj Pillai,employee14746@company.com,Operations,Operations Analyst,Pune,Full-Time,MCA,2020-03-11,99311,52,16.9,92.62,66,3,2,Needs Improvement,97.48,35,8,Promoted,Active
14747,Manoj Iyer,employee14747@company.com,Finance,Software Engineer,Mumbai,Full-Time,B.Com,2018-06-20,113719,30,13.4,85.12,80,12,3,Average,57.78,40,29,Not Promoted,Active
14748,Priya Kumar,employee14748@company.com,Customer Support,Operations Analyst,Coimbatore,Full-Time,B.Com,2022-03-29,54287,21,10.4,73.86,8,8,1,Needs Improvement,85.44,8,15,Not Promoted,Active
14749,Ajay Verma,employee14749@company.com,Sales,Software Engineer,Mumbai,Part-Time,B.E,2024-08-16,94846,51,12.2,78.27,46,3,3,Average,81.86,1,7,Promoted,Active
14750,Sneha Verma,employee14750@company.com,Marketing,Software Engineer,Chennai,Full-Time,M.Sc,2025-08-11,105863,35,9.8,77.03,39,8,4,Good,61.18,18,11,Promoted,Active
14751,Arun Kumar,employee14751@company.com,Operations,Senior Software Engineer,Coimbatore,Part-Time,MCA,2021-11-17,144293,51,3.1,85.56,35,5,3,Average,108.9,7,21,Not Promoted,Active
14752,Rohan Rao,employee14752@company.com,Sales,Senior Software Engineer,Bangalore,Full-Time,M.Sc,2023-06-05,132006,48,12.9,77.84,18,4,3,Average,100.01,25,4,Promoted,Active
14753,Ravi Sharma,employee14753@company.com,IT,Financial Analyst,Chennai,Full-Time,MCA,2024-02-11,49140,30,9.1,86.4,97,9,4,Good,46.33,35,10,Not Promoted,Inactive
14754,Rohan Mishra,employee14754@company.com,Customer Support,Software Engineer,Mumbai,Full-Time,B.E,2020-07-27,119233,26,11.6,78.65,1,3,4,Good,72.45,10,18,Promoted,Active
14755,Ajay Rao,employee14755@company.com,Marketing,Financial Analyst,Coimbatore,Full-Time,M.Com,2020-04-14,127117,35,1.3,70.03,44,12,5,Excellent,68.33,2,2,Promoted,Active
14756,Suresh Das,employee14756@company.com,Operations,Senior Software Engineer,Mumbai,Full-Time,MCA,2024-03-06,55657,47,3.0,80.9,90,9,5,Excellent,102.38,29,23,Not Promoted,Active
14757,Aakash Iyer,employee14757@company.com,Customer Support,Financial Analyst,Chennai,Full-Time,M.Com,2025-10-18,84494,30,10.8,88.21,82,1,1,Needs Improvement,62.19,17,21,Not Promoted,Active
14758,Ajay Joshi,employee14758@company.com,Engineering,Financial Analyst,Mumbai,Contract,B.Com,2023-08-09,136820,41,8.5,93.21,32,12,4,Good,109.9,16,25,Not Promoted,Active
14759,Meena Singh,employee14759@company.com,IT,Data Analyst,Coimbatore,Full-Time,MBA,2021-10-16,39746,39,4.5,70.85,63,7,3,Average,58.01,8,30,Promoted,Active
14760,Swetha Kumar,employee14760@company.com,Marketing,Data Analyst,Hyderabad,Part-Time,MBA,2023-07-25,96427,24,4.7,77.75,25,2,5,Excellent,60.85,29,14,Promoted,Active
14761,Priya Joshi,employee14761@company.com,Engineering,Software Engineer,Pune,Full-Time,B.Tech,2022-01-04,130192,42,11.6,99.56,33,14,3,Average,88.3,15,29,Not Promoted,Active
14762,Divya Reddy,employee14762@company.com,Marketing,Sales Executive,Bangalore,Contract,MBA,2024-08-13,113114,35,1.5,77.85,62,12,5,Excellent,55.47,7,26,Not Promoted,Active
14763,Karthik Kumar,employee14763@company.com,IT,Operations Analyst,Pune,Full-Time,MBA,2025-08-03,115067,26,8.1,93.32,27,0,4,Good,102.77,40,21,Not Promoted,Active
14764,Suresh Kumar,employee14764@company.com,IT,Financial Analyst,Bangalore,Full-Time,B.E,2021-06-09,126506,31,9.7,85.28,79,10,3,Average,52.15,25,19,Promoted,Active
14765,Sneha Mishra,employee14765@company.com,Customer Support,Sales Executive,Coimbatore,Full-Time,B.Tech,2020-10-01,74494,50,5.9,73.67,85,15,4,Good,108.92,4,2,Promoted,Active
14766,Swetha Menon,employee14766@company.com,Customer Support,Senior Software Engineer,Mumbai,Part-Time,M.Sc,2025-11-24,32745,44,14.9,89.3,91,9,5,Excellent,101.85,4,30,Not Promoted,Active
14767,Ravi Joshi,employee14767@company.com,Operations,HR Executive,Coimbatore,Full-Time,BBA,2022-09-28,26423,42,1.5,98.99,77,6,4,Good,99.58,23,21,Not Promoted,Inactive
14768,Pooja Menon,employee14768@company.com,Marketing,Operations Analyst,Chennai,Full-Time,B.Tech,2021-06-26,72305,50,15.7,96.6,5,15,2,Needs Improvement,71.47,13,0,Not Promoted,Active
14769,Anjali Mishra,employee14769@company.com,Operations,Project Manager,Chennai,Full-Time,B.E,2021-09-02,37059,24,13.2,90.71,10,14,4,Good,78.39,4,10,Not Promoted,Active
14770,Ravi Pillai,employee14770@company.com,Customer Support,Operations Analyst,Mumbai,Full-Time,BBA,2024-04-30,135891,26,8.3,85.36,45,7,3,Average,74.66,35,12,Promoted,Active
14771,Suresh Sharma,employee14771@company.com,Marketing,Financial Analyst,Bangalore,Full-Time,MBA,2022-10-19,49721,46,16.7,79.58,19,6,1,Needs Improvement,109.18,24,4,Not Promoted,Active
14772,Sneha Mishra,employee14772@company.com,Operations,Software Engineer,Mumbai,Full-Time,MBA,2023-05-11,144245,39,12.8,80.71,35,3,3,Average,47.26,16,6,Promoted,Active
14773,Meena Iyer,employee14773@company.com,IT,Software Engineer,Bangalore,Full-Time,B.Tech,2025-06-22,104787,22,16.8,80.39,15,15,3,Average,69.81,5,30,Not Promoted,Active
14774,Priya Mishra,employee14774@company.com,IT,Financial Analyst,Mumbai,Part-Time,MBA,2020-07-01,132411,24,8.8,97.66,69,7,4,Good,107.95,6,0,Not Promoted,Active
14775,Priya Mishra,employee14775@company.com,Engineering,Financial Analyst,Mumbai,Full-Time,B.Tech,2022-08-19,120031,25,8.4,76.34,71,9,3,Average,69.01,14,12,Not Promoted,Active
14776,Vijay Kumar,employee14776@company.com,HR,Marketing Executive,Mumbai,Full-Time,MBA,2018-03-11,97183,55,9.8,81.34,44,3,4,Good,70.89,5,30,Not Promoted,Active
14777,Manoj Kumar,employee14777@company.com,Customer Support,Operations Analyst,Chennai,Contract,B.Com,2021-06-11,59679,49,1.6,82.96,99,14,1,Needs Improvement,86.03,31,9,Not Promoted,Active
14778,Kavya Rao,employee14778@company.com,Operations,Data Analyst,Bangalore,Full-Time,B.E,2019-03-08,122895,36,16.4,82.27,47,11,3,Average,103.97,39,30,Promoted,Active
14779,Ravi Sharma,employee14779@company.com,HR,Data Analyst,Delhi,Full-Time,BBA,2020-12-13,88638,32,12.2,70.13,3,15,3,Average,64.14,26,27,Promoted,Active
14780,Ajay Iyer,employee14780@company.com,HR,Project Manager,Mumbai,Full-Time,MCA,2018-06-19,53277,41,11.3,78.13,47,4,3,Average,106.59,39,19,Not Promoted,Active
14781,Suresh Rao,employee14781@company.com,Sales,Sales Executive,Pune,Part-Time,M.Com,2023-09-15,91875,29,16.7,84.96,97,15,2,Needs Improvement,63.37,4,17,Not Promoted,Active
14782,Karthik Rao,employee14782@company.com,Marketing,Project Manager,Pune,Full-Time,M.Sc,2023-05-05,141934,31,17.9,92.81,83,7,3,Average,98.0,15,12,Promoted,Active
14783,Aakash Singh,employee14783@company.com,Finance,HR Executive,Coimbatore,Full-Time,B.Com,2023-06-08,39764,28,3.4,87.08,87,12,4,Good,62.93,10,0,Not Promoted,Active
14784,Kavya Pillai,employee14784@company.com,Sales,HR Executive,Coimbatore,Part-Time,MBA,2018-09-16,96982,46,13.6,81.55,66,1,3,Average,49.74,38,16,Not Promoted,Inactive
14785,Manoj Patel,employee14785@company.com,Customer Support,Marketing Executive,Chennai,Full-Time,M.Com,2024-04-17,139596,52,10.6,89.95,27,15,3,Average,97.8,24,11,Not Promoted,Active
14786,Aakash Singh,employee14786@company.com,Engineering,Software Engineer,Hyderabad,Part-Time,MCA,2023-08-23,142639,24,8.6,89.98,29,12,3,Average,74.25,1,22,Not Promoted,Active
14787,Rohan Joshi,employee14787@company.com,Marketing,Operations Analyst,Delhi,Full-Time,B.Com,2025-06-11,41881,54,17.6,77.44,28,15,5,Excellent,70.4,27,5,Not Promoted,Active
14788,Rahul Sharma,employee14788@company.com,Finance,HR Executive,Chennai,Full-Time,MCA,2025-02-01,101676,48,15.4,73.11,20,9,5,Excellent,72.94,6,6,Not Promoted,Active
14789,Kavya Rao,employee14789@company.com,HR,Sales Executive,Hyderabad,Full-Time,B.E,2023-10-06,74942,45,12.7,94.1,41,14,3,Average,84.75,37,0,Not Promoted,Active
14790,Rohan Iyer,employee14790@company.com,Engineering,Operations Analyst,Chennai,Full-Time,M.Com,2020-09-30,135696,55,7.2,85.89,90,7,3,Average,62.08,0,30,Promoted,Active
14791,Swetha Rao,employee14791@company.com,Finance,Operations Analyst,Coimbatore,Full-Time,MCA,2021-03-30,33201,39,12.2,75.3,49,14,2,Needs Improvement,60.42,17,9,Promoted,Active
14792,Arun Das,employee14792@company.com,IT,Data Analyst,Pune,Full-Time,M.Com,2019-03-13,139288,55,9.8,77.86,88,4,5,Excellent,76.42,11,27,Promoted,Active
14793,Sneha Gupta,employee14793@company.com,Customer Support,Software Engineer,Mumbai,Contract,B.E,2025-09-26,142786,49,4.9,92.99,2,15,2,Needs Improvement,47.32,7,2,Promoted,Active
14794,Sneha Pillai,employee14794@company.com,Engineering,HR Executive,Bangalore,Full-Time,MCA,2018-08-18,49568,34,8.4,89.6,64,4,3,Average,86.79,19,6,Not Promoted,Active
14795,Rahul Patel,employee14795@company.com,IT,Data Analyst,Coimbatore,Part-Time,B.Com,2020-04-10,56330,41,4.2,98.35,22,6,3,Average,98.48,34,9,Not Promoted,Active
14796,Aakash Rao,employee14796@company.com,Operations,Support Associate,Mumbai,Full-Time,M.Com,2020-04-20,27816,34,9.3,83.95,4,3,3,Average,92.28,15,9,Not Promoted,Active
14797,Nisha Verma,employee14797@company.com,Engineering,Senior Software Engineer,Pune,Full-Time,M.Sc,2021-05-01,58094,35,13.1,71.57,94,2,3,Average,75.5,32,8,Not Promoted,Active
14798,Dinesh Nair,employee14798@company.com,Engineering,Support Associate,Bangalore,Part-Time,M.Sc,2019-09-12,118678,50,1.1,91.01,24,12,4,Good,81.75,39,5,Promoted,Active
14799,Pooja Rao,employee14799@company.com,Marketing,Support Associate,Hyderabad,Full-Time,M.Sc,2024-08-01,107802,32,13.9,77.65,34,5,2,Needs Improvement,46.7,24,23,Promoted,Active
14800,Priya Nair,employee14800@company.com,Sales,Senior Software Engineer,Hyderabad,Part-Time,BBA,2024-07-27,43055,25,0.8,79.72,64,13,4,Good,104.3,18,8,Not Promoted,Active
14801,Dinesh Verma,employee14801@company.com,Customer Support,Support Associate,Pune,Full-Time,BBA,2025-12-22,128306,47,9.6,75.9,78,5,2,Needs Improvement,81.27,34,22,Not Promoted,Active
14802,Nisha Das,employee14802@company.com,HR,HR Executive,Bangalore,Full-Time,MCA,2021-07-05,115849,35,10.5,79.27,38,12,2,Needs Improvement,65.57,15,8,Not Promoted,Active
14803,Anjali Das,employee14803@company.com,Customer Support,Operations Analyst,Mumbai,Full-Time,B.E,2019-09-14,43558,46,13.8,94.88,87,9,5,Excellent,64.08,15,26,Not Promoted,Active
14804,Ravi Sharma,employee14804@company.com,Marketing,Data Analyst,Pune,Full-Time,M.Sc,2019-09-27,30235,29,13.8,87.3,97,11,3,Average,87.88,24,9,Not Promoted,Active
14805,Divya Iyer,employee14805@company.com,Engineering,Financial Analyst,Hyderabad,Full-Time,MCA,2023-06-17,124227,55,7.8,73.27,17,5,4,Good,82.98,31,28,Not Promoted,Active
14806,Sneha Mishra,employee14806@company.com,HR,Marketing Executive,Pune,Full-Time,MCA,2025-04-29,41161,33,1.7,87.6,24,6,4,Good,57.21,27,3,Not Promoted,Active
14807,Karthik Rao,employee14807@company.com,IT,Data Analyst,Mumbai,Full-Time,B.Com,2022-11-01,78418,53,12.6,89.01,99,3,2,Needs Improvement,71.64,8,24,Not Promoted,Active
14808,Karthik Nair,employee14808@company.com,Customer Support,Sales Executive,Chennai,Full-Time,MBA,2024-05-29,39547,54,9.4,96.54,0,2,5,Excellent,88.95,17,15,Promoted,Active
14809,Divya Nair,employee14809@company.com,Sales,Software Engineer,Delhi,Full-Time,B.Tech,2021-11-10,115032,24,6.3,95.79,61,2,3,Average,64.35,22,24,Not Promoted,Active
14810,Divya Singh,employee14810@company.com,Sales,HR Executive,Delhi,Full-Time,MBA,2020-04-08,55908,33,4.6,71.89,8,2,4,Good,78.1,29,1,Not Promoted,Active
14811,Suresh Pillai,employee14811@company.com,IT,Data Analyst,Coimbatore,Full-Time,BBA,2024-03-31,71569,30,2.6,96.0,40,14,3,Average,61.57,31,10,Not Promoted,Active
14812,Sneha Iyer,employee14812@company.com,Finance,HR Executive,Delhi,Full-Time,MBA,2022-09-23,122188,21,5.7,71.53,94,15,4,Good,49.66,23,8,Not Promoted,Active
14813,Manoj Gupta,employee14813@company.com,Sales,Project Manager,Chennai,Full-Time,B.Tech,2019-06-21,126128,31,8.5,74.62,21,12,1,Needs Improvement,70.24,10,2,Promoted,Active
14814,Arun Kumar,employee14814@company.com,Finance,Senior Software Engineer,Mumbai,Full-Time,MCA,2021-11-03,79259,29,8.9,73.35,65,15,4,Good,92.59,25,26,Not Promoted,Active
14815,Nisha Das,employee14815@company.com,HR,Financial Analyst,Coimbatore,Full-Time,MBA,2020-03-15,81021,43,10.7,75.45,44,1,4,Good,58.9,10,6,Not Promoted,Active
14816,Anjali Gupta,employee14816@company.com,Sales,Sales Executive,Bangalore,Contract,BBA,2023-07-30,145408,33,6.8,94.1,51,5,5,Excellent,94.04,19,12,Not Promoted,Active
14817,Meena Patel,employee14817@company.com,Operations,Operations Analyst,Pune,Full-Time,BBA,2025-01-30,99881,25,16.6,90.58,19,0,5,Excellent,88.52,17,26,Not Promoted,Active
14818,Aakash Reddy,employee14818@company.com,Engineering,Operations Analyst,Mumbai,Full-Time,MBA,2020-05-01,27070,45,9.2,90.61,86,5,4,Good,77.98,33,12,Promoted,Active
14819,Priya Mishra,employee14819@company.com,IT,Data Analyst,Chennai,Part-Time,B.E,2024-02-04,114266,30,7.9,97.66,11,7,5,Excellent,108.14,35,27,Promoted,Active
14820,Suresh Kumar,employee14820@company.com,Engineering,Support Associate,Coimbatore,Full-Time,B.E,2019-07-10,97080,25,1.3,81.76,73,5,3,Average,102.42,3,18,Promoted,Active
14821,Manoj Menon,employee14821@company.com,Engineering,Senior Software Engineer,Hyderabad,Part-Time,B.Com,2021-05-30,127904,42,11.0,70.1,63,1,3,Average,81.61,20,27,Not Promoted,Active
14822,Dinesh Iyer,employee14822@company.com,Customer Support,Support Associate,Delhi,Full-Time,BBA,2020-08-05,58688,45,11.1,89.19,31,6,3,Average,81.26,25,10,Promoted,Active
14823,Rahul Verma,employee14823@company.com,Finance,Support Associate,Delhi,Full-Time,M.Com,2025-11-10,129395,40,10.7,96.04,61,11,3,Average,63.06,13,28,Not Promoted,Active
14824,Ravi Kumar,employee14824@company.com,Operations,Sales Executive,Mumbai,Part-Time,MCA,2018-08-16,143170,48,16.0,99.29,4,2,3,Average,104.81,25,4,Promoted,Active
14825,Sneha Menon,employee14825@company.com,HR,HR Executive,Delhi,Full-Time,M.Sc,2023-02-08,71611,41,13.9,80.92,43,8,4,Good,103.24,12,15,Not Promoted,Active
14826,Sneha Verma,employee14826@company.com,HR,Data Analyst,Delhi,Full-Time,BBA,2023-04-18,47856,31,15.7,94.66,28,11,2,Needs Improvement,93.23,25,27,Promoted,Active
14827,Karthik Pillai,employee14827@company.com,Sales,Operations Analyst,Mumbai,Full-Time,B.Com,2018-09-11,72574,49,1.5,95.48,32,10,4,Good,53.31,40,1,Not Promoted,Active
14828,Dinesh Gupta,employee14828@company.com,Sales,Software Engineer,Mumbai,Full-Time,BBA,2025-06-15,42827,25,6.1,74.33,86,7,3,Average,90.74,14,9,Promoted,Active
14829,Nisha Sharma,employee14829@company.com,Operations,Support Associate,Coimbatore,Full-Time,BBA,2023-08-16,37699,25,6.1,88.94,99,5,3,Average,61.45,26,9,Not Promoted,Active
14830,Kavya Gupta,employee14830@company.com,Marketing,Project Manager,Chennai,Full-Time,B.E,2023-09-26,126105,53,12.0,75.19,12,0,4,Good,57.27,22,18,Not Promoted,Active
14831,Arun Iyer,employee14831@company.com,Marketing,Sales Executive,Chennai,Full-Time,BBA,2025-03-12,108695,28,8.4,83.4,49,1,4,Good,94.35,21,25,Not Promoted,Active
14832,Pooja Mishra,employee14832@company.com,Sales,Marketing Executive,Delhi,Full-Time,B.E,2018-09-11,98756,26,14.1,96.38,1,13,4,Good,107.38,9,19,Not Promoted,Active
14833,Rahul Singh,employee14833@company.com,Marketing,Data Analyst,Coimbatore,Full-Time,B.Tech,2018-02-28,43676,35,7.2,93.68,74,11,4,Good,52.08,4,25,Promoted,Active
14834,Karthik Menon,employee14834@company.com,IT,Project Manager,Mumbai,Full-Time,B.Tech,2022-09-18,28703,35,4.4,87.11,27,12,2,Needs Improvement,55.66,3,27,Not Promoted,Active
14835,Swetha Reddy,employee14835@company.com,Operations,Support Associate,Mumbai,Full-Time,M.Sc,2025-02-20,122193,29,5.6,94.26,88,7,4,Good,59.25,35,27,Promoted,Active
14836,Rahul Nair,employee14836@company.com,IT,HR Executive,Delhi,Full-Time,BBA,2020-10-11,58593,25,3.7,74.58,99,5,2,Needs Improvement,107.59,15,5,Not Promoted,Inactive
14837,Priya Kumar,employee14837@company.com,Marketing,Sales Executive,Bangalore,Full-Time,M.Sc,2021-04-29,137501,46,4.0,75.85,17,0,3,Average,90.27,31,26,Not Promoted,Active
14838,Priya Verma,employee14838@company.com,Sales,Financial Analyst,Hyderabad,Full-Time,B.E,2018-09-22,131015,43,4.3,76.27,72,8,3,Average,89.09,10,21,Promoted,Active
14839,Anjali Gupta,employee14839@company.com,Engineering,Software Engineer,Pune,Full-Time,MBA,2022-09-04,106547,36,0.8,93.28,65,13,1,Needs Improvement,77.83,38,15,Not Promoted,Active
14840,Priya Mishra,employee14840@company.com,Engineering,Sales Executive,Pune,Full-Time,M.Sc,2022-05-01,143429,55,13.0,96.73,99,7,3,Average,79.94,32,12,Not Promoted,Active
14841,Rohan Verma,employee14841@company.com,IT,Project Manager,Delhi,Full-Time,B.Com,2024-04-12,120291,30,7.5,86.89,45,13,5,Excellent,63.86,34,18,Not Promoted,Active
14842,Suresh Nair,employee14842@company.com,HR,Operations Analyst,Coimbatore,Contract,B.E,2024-10-20,49714,47,0.9,98.74,16,1,5,Excellent,55.05,3,2,Not Promoted,Active
14843,Anjali Gupta,employee14843@company.com,Customer Support,Software Engineer,Pune,Full-Time,MCA,2025-06-28,111372,36,7.0,91.84,32,9,3,Average,95.72,22,8,Not Promoted,Active
14844,Karthik Singh,employee14844@company.com,Engineering,Financial Analyst,Chennai,Full-Time,BBA,2024-11-28,141947,41,16.3,86.91,98,11,2,Needs Improvement,75.6,2,9,Promoted,Active
14845,Ravi Pillai,employee14845@company.com,Engineering,Marketing Executive,Coimbatore,Full-Time,B.E,2020-07-26,108082,32,9.4,88.35,32,4,3,Average,61.64,19,15,Not Promoted,Active
14846,Sneha Singh,employee14846@company.com,Sales,Data Analyst,Coimbatore,Full-Time,B.Tech,2020-05-27,126743,29,17.8,95.49,95,2,3,Average,86.13,0,17,Not Promoted,Active
14847,Manoj Joshi,employee14847@company.com,Operations,Support Associate,Chennai,Full-Time,B.Com,2025-05-28,139286,36,9.9,72.71,83,13,5,Excellent,58.61,32,3,Promoted,Active
14848,Rahul Verma,employee14848@company.com,Finance,Senior Software Engineer,Bangalore,Full-Time,BBA,2019-07-01,60301,29,17.3,75.04,29,0,2,Needs Improvement,76.77,9,20,Not Promoted,Active
14849,Arun Singh,employee14849@company.com,Finance,HR Executive,Delhi,Full-Time,B.Com,2024-09-28,63380,49,4.0,77.99,21,6,4,Good,57.36,2,23,Not Promoted,Active
14850,Anjali Joshi,employee14850@company.com,Sales,Project Manager,Chennai,Part-Time,M.Com,2019-02-02,34551,43,5.6,96.84,52,8,2,Needs Improvement,94.38,31,23,Not Promoted,Active
14851,Divya Joshi,employee14851@company.com,Marketing,Sales Executive,Delhi,Full-Time,B.E,2023-08-02,131234,44,12.7,98.35,88,11,5,Excellent,65.85,37,21,Not Promoted,Active
14852,Kavya Reddy,employee14852@company.com,Engineering,Operations Analyst,Delhi,Contract,M.Com,2024-01-25,120842,42,17.8,80.69,45,10,3,Average,73.71,30,15,Promoted,Active
14853,Nisha Nair,employee14853@company.com,Engineering,HR Executive,Coimbatore,Full-Time,B.Tech,2022-06-19,43609,51,14.9,97.72,43,6,4,Good,94.07,20,17,Not Promoted,Active
14854,Suresh Iyer,employee14854@company.com,IT,Operations Analyst,Mumbai,Full-Time,M.Com,2023-01-26,117672,30,10.2,86.41,74,2,3,Average,87.87,23,25,Not Promoted,Active
14855,Ajay Menon,employee14855@company.com,IT,Sales Executive,Hyderabad,Full-Time,MBA,2025-10-21,94208,47,2.0,84.2,33,5,4,Good,70.98,23,30,Promoted,Active
14856,Dinesh Patel,employee14856@company.com,Sales,Project Manager,Hyderabad,Full-Time,B.E,2018-08-18,27160,54,6.9,94.98,27,2,3,Average,49.62,9,28,Not Promoted,Active
14857,Divya Mishra,employee14857@company.com,HR,Marketing Executive,Delhi,Full-Time,B.E,2019-12-04,82626,44,2.0,86.38,34,3,2,Needs Improvement,104.9,5,9,Not Promoted,Active
14858,Nisha Rao,employee14858@company.com,Operations,Marketing Executive,Hyderabad,Contract,B.Com,2021-11-28,116251,41,5.9,83.63,67,15,5,Excellent,45.52,27,0,Not Promoted,Active
14859,Dinesh Das,employee14859@company.com,Marketing,Financial Analyst,Hyderabad,Full-Time,BBA,2024-01-01,26797,35,5.0,70.48,8,14,5,Excellent,92.75,0,22,Not Promoted,Active
14860,Nisha Kumar,employee14860@company.com,Engineering,Support Associate,Pune,Full-Time,M.Sc,2022-08-27,119248,37,7.3,70.39,21,0,5,Excellent,106.45,9,9,Not Promoted,Active
14861,Anjali Joshi,employee14861@company.com,HR,Data Analyst,Coimbatore,Full-Time,M.Com,2022-04-04,36171,39,15.2,88.83,60,1,4,Good,64.93,40,16,Not Promoted,Active
14862,Vijay Verma,employee14862@company.com,Sales,Senior Software Engineer,Pune,Full-Time,B.Com,2023-10-17,116302,45,3.1,72.2,88,0,4,Good,49.9,29,26,Not Promoted,Active
14863,Kavya Mishra,employee14863@company.com,Sales,Data Analyst,Mumbai,Full-Time,MCA,2023-11-16,72958,42,5.9,92.11,84,9,2,Needs Improvement,61.22,14,18,Promoted,Active
14864,Sneha Joshi,employee14864@company.com,Engineering,Financial Analyst,Bangalore,Full-Time,BBA,2018-01-07,124548,34,5.1,88.67,24,1,3,Average,65.37,13,15,Not Promoted,Active
14865,Pooja Pillai,employee14865@company.com,HR,Marketing Executive,Coimbatore,Full-Time,M.Com,2025-11-02,48453,48,5.7,83.73,80,3,3,Average,74.34,23,24,Not Promoted,Active
14866,Meena Das,employee14866@company.com,Finance,Operations Analyst,Chennai,Full-Time,M.Sc,2018-06-26,98429,32,6.8,91.29,78,5,4,Good,79.14,9,5,Promoted,Active
14867,Sneha Patel,employee14867@company.com,Sales,Financial Analyst,Chennai,Full-Time,M.Com,2021-05-14,45792,47,4.8,99.79,40,10,3,Average,92.15,25,7,Promoted,Active
14868,Rahul Singh,employee14868@company.com,Operations,Support Associate,Pune,Contract,BBA,2018-10-26,26930,44,17.0,77.39,6,13,2,Needs Improvement,103.56,0,29,Not Promoted,Inactive
14869,Suresh Pillai,employee14869@company.com,Customer Support,Project Manager,Delhi,Part-Time,M.Sc,2022-12-29,40705,42,7.9,86.71,58,11,4,Good,75.21,19,15,Not Promoted,Active
14870,Nisha Singh,employee14870@company.com,Marketing,Support Associate,Hyderabad,Full-Time,M.Sc,2024-03-26,109438,43,2.5,95.29,95,7,4,Good,93.51,28,11,Promoted,Active
14871,Rohan Reddy,employee14871@company.com,HR,Software Engineer,Mumbai,Full-Time,B.Tech,2019-09-23,87594,28,8.7,70.51,71,13,3,Average,53.27,33,8,Not Promoted,Active
14872,Ajay Menon,employee14872@company.com,Finance,Support Associate,Bangalore,Contract,BBA,2018-09-27,25047,48,3.7,76.11,66,13,2,Needs Improvement,66.37,1,15,Not Promoted,Active
14873,Suresh Gupta,employee14873@company.com,HR,Project Manager,Pune,Full-Time,M.Com,2018-03-22,25133,49,4.3,85.63,32,9,3,Average,52.68,1,6,Not Promoted,Active
14874,Aakash Pillai,employee14874@company.com,Finance,HR Executive,Delhi,Full-Time,B.Com,2022-08-23,72622,35,5.5,86.57,99,8,3,Average,89.96,1,7,Promoted,Active
14875,Swetha Kumar,employee14875@company.com,Finance,Sales Executive,Mumbai,Full-Time,BBA,2020-03-30,112595,28,2.7,72.59,80,14,3,Average,104.0,7,19,Not Promoted,Active
14876,Rohan Pillai,employee14876@company.com,Operations,Project Manager,Delhi,Full-Time,MCA,2019-05-16,36238,48,13.1,82.22,64,9,4,Good,102.79,24,4,Promoted,Active
14877,Arun Kumar,employee14877@company.com,Marketing,Support Associate,Mumbai,Full-Time,M.Sc,2025-07-16,60132,53,14.4,85.59,99,6,4,Good,66.22,17,28,Not Promoted,Active
14878,Meena Singh,employee14878@company.com,Sales,Marketing Executive,Pune,Full-Time,BBA,2022-02-19,126813,31,7.4,82.69,59,3,4,Good,60.22,16,22,Not Promoted,Active
14879,Pooja Singh,employee14879@company.com,Finance,Financial Analyst,Mumbai,Contract,M.Com,2022-02-20,53082,45,12.6,91.02,80,14,3,Average,62.81,29,8,Not Promoted,Inactive
14880,Pooja Iyer,employee14880@company.com,Sales,Financial Analyst,Coimbatore,Full-Time,M.Com,2020-09-16,133629,54,7.3,93.14,57,13,4,Good,63.68,7,7,Not Promoted,Active
14881,Manoj Iyer,employee14881@company.com,Marketing,Financial Analyst,Hyderabad,Full-Time,B.E,2022-02-10,136663,42,3.4,83.81,43,15,3,Average,50.35,28,22,Not Promoted,Inactive
14882,Arun Rao,employee14882@company.com,Sales,Marketing Executive,Mumbai,Contract,B.E,2025-07-13,81305,22,7.5,82.77,47,13,3,Average,53.67,18,19,Not Promoted,Active
14883,Divya Menon,employee14883@company.com,Engineering,Operations Analyst,Bangalore,Part-Time,MCA,2021-08-05,78246,36,10.2,91.16,36,14,4,Good,58.94,36,15,Not Promoted,Active
14884,Anjali Nair,employee14884@company.com,Operations,Sales Executive,Mumbai,Full-Time,M.Sc,2023-11-24,76689,31,1.2,86.66,24,6,3,Average,45.53,23,10,Not Promoted,Inactive
14885,Meena Nair,employee14885@company.com,Operations,Project Manager,Coimbatore,Full-Time,B.E,2019-10-03,65764,34,12.0,96.11,24,0,2,Needs Improvement,48.07,17,0,Not Promoted,Active
14886,Rahul Sharma,employee14886@company.com,IT,Support Associate,Chennai,Full-Time,MBA,2019-09-01,47368,52,13.5,84.43,56,10,5,Excellent,90.41,9,16,Promoted,Active
14887,Vijay Nair,employee14887@company.com,Operations,Operations Analyst,Coimbatore,Full-Time,B.E,2020-10-05,60239,42,15.5,87.23,12,11,3,Average,85.26,15,11,Not Promoted,Active
14888,Swetha Verma,employee14888@company.com,Finance,Support Associate,Mumbai,Full-Time,MBA,2022-05-19,92970,25,2.3,73.86,76,13,4,Good,106.45,40,4,Not Promoted,Active
14889,Dinesh Pillai,employee14889@company.com,Marketing,Financial Analyst,Delhi,Full-Time,BBA,2022-07-22,144709,43,0.5,95.08,11,14,1,Needs Improvement,71.11,4,13,Promoted,Active
14890,Priya Nair,employee14890@company.com,Operations,Support Associate,Pune,Full-Time,MCA,2023-01-03,94871,39,1.8,82.67,95,13,4,Good,73.88,14,6,Not Promoted,Active
14891,Anjali Singh,employee14891@company.com,HR,Marketing Executive,Chennai,Full-Time,MBA,2023-06-21,106559,49,16.7,91.57,98,12,3,Average,49.4,22,26,Not Promoted,Active
14892,Karthik Kumar,employee14892@company.com,Marketing,HR Executive,Pune,Full-Time,BBA,2024-08-26,110442,43,13.9,82.88,91,13,2,Needs Improvement,54.9,30,27,Not Promoted,Active
14893,Sneha Nair,employee14893@company.com,Finance,Support Associate,Delhi,Full-Time,MCA,2025-11-25,109225,29,15.1,70.03,62,9,4,Good,89.95,29,23,Not Promoted,Active
14894,Nisha Mishra,employee14894@company.com,Marketing,Operations Analyst,Bangalore,Full-Time,B.Com,2023-04-11,112207,38,9.5,82.01,61,10,3,Average,60.28,6,6,Not Promoted,Active
14895,Rahul Sharma,employee14895@company.com,Operations,Project Manager,Hyderabad,Full-Time,B.E,2018-04-14,116922,51,9.7,74.43,83,10,3,Average,95.26,19,3,Not Promoted,Active
14896,Arun Sharma,employee14896@company.com,HR,Sales Executive,Bangalore,Full-Time,M.Com,2025-06-04,71270,37,5.7,81.96,27,5,2,Needs Improvement,90.87,38,14,Not Promoted,Active
14897,Ravi Menon,employee14897@company.com,IT,Financial Analyst,Chennai,Full-Time,M.Sc,2022-03-12,140351,38,15.2,79.64,54,0,2,Needs Improvement,93.57,2,26,Promoted,Active
14898,Pooja Kumar,employee14898@company.com,Finance,Software Engineer,Delhi,Full-Time,B.Tech,2023-06-11,112601,47,15.0,76.08,94,7,3,Average,89.89,2,29,Promoted,Active
14899,Kavya Joshi,employee14899@company.com,Customer Support,Project Manager,Delhi,Full-Time,M.Sc,2020-12-14,97979,41,7.4,73.71,87,3,2,Needs Improvement,91.0,30,6,Not Promoted,Active
14900,Suresh Singh,employee14900@company.com,Engineering,HR Executive,Hyderabad,Contract,M.Com,2018-05-01,145632,21,6.3,91.86,74,7,5,Excellent,80.54,6,21,Not Promoted,Active
14901,Vijay Das,employee14901@company.com,Finance,Senior Software Engineer,Mumbai,Full-Time,B.E,2019-02-11,69014,52,13.4,92.65,41,7,1,Needs Improvement,89.09,0,23,Not Promoted,Active
14902,Nisha Sharma,employee14902@company.com,Marketing,Support Associate,Chennai,Full-Time,M.Com,2019-11-07,89880,34,1.0,77.95,60,13,3,Average,79.2,26,8,Not Promoted,Active
14903,Swetha Iyer,employee14903@company.com,Customer Support,Support Associate,Hyderabad,Full-Time,B.E,2024-10-24,40665,34,15.5,84.86,79,13,2,Needs Improvement,58.4,0,0,Promoted,Active
14904,Suresh Singh,employee14904@company.com,Customer Support,Sales Executive,Coimbatore,Full-Time,M.Sc,2022-07-13,65542,53,8.3,83.92,37,1,3,Average,59.14,5,1,Not Promoted,Active
14905,Aakash Sharma,employee14905@company.com,Sales,Sales Executive,Coimbatore,Contract,B.E,2019-03-08,111769,32,8.2,80.66,80,5,5,Excellent,71.34,19,7,Promoted,Active
14906,Anjali Singh,employee14906@company.com,Customer Support,Financial Analyst,Pune,Full-Time,M.Com,2020-06-27,61968,45,12.2,78.33,4,12,3,Average,45.9,38,30,Not Promoted,Active
14907,Sneha Nair,employee14907@company.com,Sales,Software Engineer,Hyderabad,Part-Time,BBA,2018-03-02,48481,35,11.8,75.58,83,9,5,Excellent,102.8,2,6,Not Promoted,Active
14908,Suresh Rao,employee14908@company.com,Engineering,Software Engineer,Pune,Full-Time,MBA,2025-08-05,95558,40,5.2,96.19,47,13,3,Average,62.44,1,22,Not Promoted,Active
14909,Pooja Joshi,employee14909@company.com,Customer Support,Marketing Executive,Coimbatore,Full-Time,B.Com,2021-06-24,77644,54,17.0,95.0,34,13,4,Good,48.35,31,2,Not Promoted,Active
14910,Arun Singh,employee14910@company.com,HR,Financial Analyst,Coimbatore,Full-Time,B.Com,2025-12-26,71954,34,17.8,82.52,47,14,4,Good,72.59,19,6,Not Promoted,Inactive
14911,Rohan Gupta,employee14911@company.com,IT,Financial Analyst,Pune,Full-Time,B.Com,2022-06-02,145156,50,9.7,91.64,13,3,5,Excellent,98.01,35,19,Not Promoted,Active
14912,Ajay Reddy,employee14912@company.com,IT,HR Executive,Delhi,Part-Time,B.Com,2020-11-13,131243,33,10.3,84.95,53,2,4,Good,70.83,26,25,Not Promoted,Active
14913,Swetha Singh,employee14913@company.com,Customer Support,Data Analyst,Hyderabad,Full-Time,BBA,2024-09-19,34145,34,10.2,72.56,25,12,4,Good,62.07,19,15,Not Promoted,Active
14914,Vijay Rao,employee14914@company.com,Marketing,HR Executive,Delhi,Full-Time,B.Tech,2021-08-24,124977,49,9.0,94.67,42,8,3,Average,80.42,18,25,Promoted,Active
14915,Kavya Nair,employee14915@company.com,Marketing,Support Associate,Coimbatore,Full-Time,MCA,2025-04-14,75494,46,17.0,76.58,41,15,3,Average,82.33,20,1,Not Promoted,Active
14916,Anjali Gupta,employee14916@company.com,Sales,Senior Software Engineer,Delhi,Part-Time,B.E,2024-03-12,85835,23,4.8,91.2,87,11,5,Excellent,94.35,19,0,Not Promoted,Active
14917,Nisha Singh,employee14917@company.com,Operations,Financial Analyst,Bangalore,Full-Time,BBA,2018-09-19,90506,45,2.4,85.82,94,9,3,Average,96.98,4,7,Not Promoted,Active
14918,Manoj Nair,employee14918@company.com,IT,Software Engineer,Bangalore,Full-Time,B.Tech,2021-12-07,68064,47,16.8,90.72,17,11,3,Average,90.9,19,4,Not Promoted,Active
14919,Divya Mishra,employee14919@company.com,Operations,Sales Executive,Delhi,Full-Time,B.Com,2023-12-11,131735,36,4.2,84.14,54,8,4,Good,45.3,11,9,Not Promoted,Active
14920,Karthik Sharma,employee14920@company.com,IT,Senior Software Engineer,Delhi,Full-Time,B.Com,2020-02-03,47954,31,13.6,91.08,49,1,3,Average,45.14,9,3,Not Promoted,Active
14921,Dinesh Das,employee14921@company.com,Operations,Software Engineer,Pune,Full-Time,M.Sc,2024-06-25,121872,49,4.1,70.98,85,4,5,Excellent,108.53,21,29,Not Promoted,Active
14922,Pooja Reddy,employee14922@company.com,Operations,Software Engineer,Delhi,Full-Time,M.Com,2024-01-15,134120,44,17.3,71.23,20,14,4,Good,62.17,37,8,Not Promoted,Active
14923,Divya Patel,employee14923@company.com,IT,Senior Software Engineer,Chennai,Full-Time,B.Com,2022-08-12,126353,49,14.3,96.89,33,9,4,Good,63.35,27,13,Not Promoted,Active
14924,Vijay Singh,employee14924@company.com,Engineering,Sales Executive,Hyderabad,Contract,B.E,2020-12-24,64051,54,16.6,92.49,88,9,5,Excellent,92.6,11,28,Not Promoted,Active
14925,Meena Verma,employee14925@company.com,HR,Data Analyst,Chennai,Part-Time,M.Sc,2019-01-04,117221,31,17.1,94.85,39,6,2,Needs Improvement,82.8,38,20,Not Promoted,Active
14926,Suresh Patel,employee14926@company.com,HR,Marketing Executive,Bangalore,Full-Time,B.Com,2020-05-19,111167,40,2.0,83.7,29,8,3,Average,75.13,9,9,Not Promoted,Active
14927,Arun Joshi,employee14927@company.com,Marketing,Financial Analyst,Chennai,Full-Time,B.Com,2020-10-24,31574,40,8.1,83.79,69,7,3,Average,52.57,34,17,Not Promoted,Active
14928,Pooja Mishra,employee14928@company.com,Operations,HR Executive,Mumbai,Contract,BBA,2025-06-26,57381,29,11.8,86.02,24,9,3,Average,50.3,39,24,Not Promoted,Active
14929,Manoj Rao,employee14929@company.com,Operations,Support Associate,Mumbai,Full-Time,B.Tech,2020-07-02,51039,43,14.5,77.31,68,3,4,Good,90.74,36,25,Not Promoted,Active
14930,Anjali Kumar,employee14930@company.com,Engineering,HR Executive,Bangalore,Full-Time,BBA,2022-11-15,30331,47,4.7,92.01,28,2,5,Excellent,53.1,16,22,Promoted,Active
14931,Swetha Nair,employee14931@company.com,Operations,Software Engineer,Chennai,Contract,B.E,2025-03-16,140087,44,16.5,94.88,85,0,3,Average,73.33,26,8,Not Promoted,Active
14932,Priya Pillai,employee14932@company.com,Engineering,Financial Analyst,Hyderabad,Full-Time,MBA,2022-06-19,55412,45,4.4,97.22,66,0,3,Average,92.85,28,4,Not Promoted,Active
14933,Priya Rao,employee14933@company.com,Operations,Sales Executive,Bangalore,Full-Time,M.Com,2019-06-27,108857,45,15.7,85.51,56,8,5,Excellent,105.01,25,22,Not Promoted,Active
14934,Rohan Pillai,employee14934@company.com,Operations,Sales Executive,Mumbai,Full-Time,MBA,2024-01-13,136132,53,9.5,82.44,46,3,3,Average,101.78,8,7,Promoted,Active
14935,Dinesh Iyer,employee14935@company.com,Engineering,Sales Executive,Bangalore,Full-Time,MCA,2020-01-22,115293,51,9.5,94.93,93,7,3,Average,101.16,11,11,Not Promoted,Active
14936,Manoj Patel,employee14936@company.com,Sales,Support Associate,Chennai,Full-Time,BBA,2023-10-13,42458,30,7.0,92.58,87,3,3,Average,68.3,25,19,Not Promoted,Active
14937,Anjali Nair,employee14937@company.com,Finance,Support Associate,Chennai,Full-Time,B.Tech,2019-02-25,39058,35,2.3,96.02,16,11,5,Excellent,105.27,32,23,Not Promoted,Active
14938,Karthik Patel,employee14938@company.com,Operations,Financial Analyst,Chennai,Full-Time,B.Com,2024-06-28,60341,21,6.6,89.67,48,5,4,Good,89.44,31,22,Not Promoted,Inactive
14939,Rohan Mishra,employee14939@company.com,Sales,Data Analyst,Pune,Contract,M.Com,2022-01-26,60165,36,8.0,96.5,49,3,4,Good,102.62,10,18,Not Promoted,Active
14940,Dinesh Pillai,employee14940@company.com,HR,Software Engineer,Chennai,Full-Time,BBA,2022-05-23,83425,41,8.9,72.67,83,14,4,Good,50.78,28,13,Not Promoted,Active
14941,Sneha Menon,employee14941@company.com,Operations,Sales Executive,Delhi,Full-Time,MCA,2019-07-01,25418,22,13.4,90.39,89,1,3,Average,47.57,7,10,Not Promoted,Active
14942,Ravi Verma,employee14942@company.com,HR,Sales Executive,Mumbai,Full-Time,MCA,2024-04-17,149040,23,6.7,72.66,4,0,3,Average,72.93,24,10,Promoted,Inactive
14943,Nisha Iyer,employee14943@company.com,Marketing,Sales Executive,Coimbatore,Full-Time,BBA,2020-05-15,107559,35,7.6,92.47,12,7,4,Good,98.82,19,23,Not Promoted,Active
14944,Ravi Mishra,employee14944@company.com,Finance,Support Associate,Mumbai,Full-Time,B.E,2025-01-01,76236,52,16.4,88.85,62,15,3,Average,71.55,20,3,Not Promoted,Active
14945,Kavya Reddy,employee14945@company.com,IT,Data Analyst,Pune,Full-Time,BBA,2022-04-21,62357,47,13.7,70.48,38,5,4,Good,102.5,3,17,Not Promoted,Active
14946,Dinesh Singh,employee14946@company.com,Finance,HR Executive,Mumbai,Full-Time,M.Com,2024-10-24,107278,55,0.9,87.98,67,0,5,Excellent,60.26,35,30,Not Promoted,Active
14947,Meena Sharma,employee14947@company.com,Operations,Data Analyst,Mumbai,Full-Time,MCA,2019-03-30,108723,44,14.7,74.39,44,4,4,Good,47.56,28,8,Not Promoted,Active
14948,Suresh Kumar,employee14948@company.com,Operations,Support Associate,Bangalore,Full-Time,B.Tech,2025-05-15,62972,28,17.8,74.27,16,2,4,Good,94.48,18,7,Not Promoted,Active
14949,Pooja Iyer,employee14949@company.com,Engineering,HR Executive,Coimbatore,Full-Time,B.Com,2025-11-04,65657,27,16.9,74.51,58,1,4,Good,85.7,25,3,Not Promoted,Active
14950,Ajay Mishra,employee14950@company.com,Finance,Senior Software Engineer,Coimbatore,Full-Time,B.Tech,2022-10-24,138290,24,15.1,84.51,98,2,4,Good,73.61,35,18,Not Promoted,Active
14951,Ravi Gupta,employee14951@company.com,Finance,Financial Analyst,Chennai,Full-Time,M.Sc,2019-11-10,74690,50,11.5,73.47,94,1,3,Average,99.94,24,18,Not Promoted,Active
14952,Meena Menon,employee14952@company.com,Marketing,Senior Software Engineer,Delhi,Contract,BBA,2018-10-01,94975,30,5.4,73.77,79,9,2,Needs Improvement,98.57,22,21,Not Promoted,Inactive
14953,Rahul Menon,employee14953@company.com,Customer Support,Financial Analyst,Delhi,Part-Time,MCA,2018-03-01,81040,45,12.0,77.69,97,1,3,Average,66.09,37,1,Not Promoted,Active
14954,Nisha Singh,employee14954@company.com,HR,Sales Executive,Bangalore,Full-Time,B.E,2018-12-08,51794,52,12.7,70.03,58,0,4,Good,99.47,27,10,Promoted,Active
14955,Divya Reddy,employee14955@company.com,Engineering,Senior Software Engineer,Delhi,Part-Time,MBA,2021-11-18,34905,52,5.4,78.27,95,2,3,Average,67.44,40,2,Not Promoted,Active
14956,Swetha Iyer,employee14956@company.com,IT,Support Associate,Bangalore,Full-Time,B.Com,2023-12-01,91401,52,5.0,88.55,96,2,4,Good,85.42,10,0,Not Promoted,Inactive
14957,Priya Pillai,employee14957@company.com,Engineering,Software Engineer,Coimbatore,Contract,B.Com,2022-12-20,117179,30,7.4,88.05,7,3,3,Average,57.51,28,9,Not Promoted,Active
14958,Priya Iyer,employee14958@company.com,Customer Support,HR Executive,Coimbatore,Full-Time,BBA,2023-10-17,145716,29,11.7,99.09,29,2,4,Good,62.17,19,20,Not Promoted,Active
14959,Suresh Reddy,employee14959@company.com,Finance,Operations Analyst,Coimbatore,Full-Time,BBA,2021-08-31,51926,45,5.6,73.59,2,7,3,Average,74.11,8,12,Not Promoted,Inactive
14960,Priya Iyer,employee14960@company.com,IT,Project Manager,Delhi,Full-Time,B.Tech,2019-04-12,132271,45,10.2,95.97,16,11,4,Good,65.45,23,2,Not Promoted,Active
14961,Anjali Iyer,employee14961@company.com,Finance,Software Engineer,Mumbai,Full-Time,BBA,2025-12-15,71052,36,16.2,81.74,50,12,4,Good,53.39,40,26,Promoted,Active
14962,Rohan Mishra,employee14962@company.com,Engineering,Senior Software Engineer,Coimbatore,Full-Time,B.Tech,2024-04-29,69228,36,5.7,81.61,23,3,3,Average,76.35,12,6,Promoted,Active
14963,Ravi Kumar,employee14963@company.com,HR,HR Executive,Hyderabad,Full-Time,B.Tech,2024-10-07,56046,50,17.4,80.46,79,13,3,Average,78.24,1,24,Not Promoted,Active
14964,Sneha Das,employee14964@company.com,IT,Senior Software Engineer,Chennai,Full-Time,MCA,2019-12-21,29671,25,8.8,73.74,63,9,4,Good,55.32,16,4,Not Promoted,Active
14965,Anjali Pillai,employee14965@company.com,Customer Support,Senior Software Engineer,Hyderabad,Full-Time,B.Com,2021-05-20,85971,27,2.3,84.36,83,0,3,Average,56.33,26,1,Not Promoted,Active
14966,Nisha Rao,employee14966@company.com,Sales,Marketing Executive,Mumbai,Full-Time,B.Tech,2019-07-17,139419,33,1.5,93.62,73,13,3,Average,46.91,37,17,Not Promoted,Active
14967,Rohan Kumar,employee14967@company.com,HR,Operations Analyst,Pune,Full-Time,BBA,2020-09-09,75187,28,6.4,96.26,87,1,5,Excellent,46.97,1,27,Not Promoted,Active
14968,Sneha Joshi,employee14968@company.com,Customer Support,Marketing Executive,Bangalore,Part-Time,M.Sc,2024-05-24,131856,53,5.0,98.89,70,6,4,Good,68.31,32,13,Not Promoted,Active
14969,Ajay Sharma,employee14969@company.com,IT,Marketing Executive,Delhi,Full-Time,M.Com,2019-03-01,142507,30,15.3,93.56,48,12,5,Excellent,54.53,4,19,Not Promoted,Active
14970,Ravi Rao,employee14970@company.com,Finance,Data Analyst,Delhi,Part-Time,MCA,2019-07-08,49871,40,13.4,88.69,19,5,3,Average,104.74,13,25,Not Promoted,Active
14971,Ajay Nair,employee14971@company.com,Customer Support,Support Associate,Mumbai,Part-Time,BBA,2020-01-29,91962,52,16.0,84.93,76,8,3,Average,57.96,26,27,Not Promoted,Active
14972,Meena Iyer,employee14972@company.com,Finance,Support Associate,Delhi,Full-Time,MCA,2022-09-27,118621,49,10.8,96.25,28,12,5,Excellent,49.29,35,29,Promoted,Active
14973,Arun Pillai,employee14973@company.com,HR,Marketing Executive,Mumbai,Full-Time,M.Com,2018-09-01,117928,21,8.1,92.19,9,5,4,Good,71.27,26,29,Not Promoted,Inactive
14974,Aakash Gupta,employee14974@company.com,HR,Sales Executive,Hyderabad,Full-Time,M.Com,2021-09-19,128798,47,5.2,74.84,8,1,4,Good,57.51,13,24,Not Promoted,Active
14975,Vijay Joshi,employee14975@company.com,Customer Support,Data Analyst,Pune,Contract,MCA,2024-07-03,137362,40,10.7,90.48,70,7,3,Average,49.02,14,26,Not Promoted,Active
14976,Nisha Rao,employee14976@company.com,Finance,Senior Software Engineer,Bangalore,Full-Time,B.Com,2025-07-25,138398,34,11.3,82.93,62,8,3,Average,93.93,26,1,Promoted,Active
14977,Kavya Kumar,employee14977@company.com,IT,Operations Analyst,Delhi,Full-Time,B.Tech,2021-02-03,89140,35,7.4,87.87,32,4,2,Needs Improvement,81.21,7,4,Not Promoted,Active
14978,Ravi Iyer,employee14978@company.com,Customer Support,Marketing Executive,Pune,Full-Time,M.Sc,2022-11-21,101593,26,16.9,96.95,23,5,3,Average,48.71,20,12,Promoted,Active
14979,Ravi Das,employee14979@company.com,Sales,Operations Analyst,Pune,Contract,B.E,2023-03-26,58460,22,11.7,89.58,79,3,1,Needs Improvement,75.42,33,6,Not Promoted,Active
14980,Meena Pillai,employee14980@company.com,Engineering,Financial Analyst,Pune,Full-Time,B.Tech,2023-05-17,54171,49,15.2,98.16,31,10,1,Needs Improvement,47.52,27,9,Not Promoted,Active
14981,Suresh Mishra,employee14981@company.com,Marketing,Data Analyst,Chennai,Full-Time,B.Com,2025-10-19,81745,52,11.4,95.99,3,1,5,Excellent,68.03,23,27,Not Promoted,Active
14982,Anjali Nair,employee14982@company.com,HR,Operations Analyst,Pune,Full-Time,M.Com,2021-04-03,106772,25,6.0,73.87,61,11,3,Average,68.61,16,19,Not Promoted,Active
14983,Suresh Singh,employee14983@company.com,Finance,Senior Software Engineer,Coimbatore,Full-Time,B.Com,2023-02-13,139328,42,13.4,70.35,77,4,4,Good,98.49,5,30,Promoted,Active
14984,Rohan Menon,employee14984@company.com,IT,Financial Analyst,Mumbai,Full-Time,BBA,2025-05-02,58835,48,4.5,81.53,92,4,4,Good,92.79,37,6,Promoted,Active
14985,Suresh Patel,employee14985@company.com,HR,Sales Executive,Chennai,Contract,B.Tech,2023-07-03,91668,52,10.9,95.96,21,13,4,Good,103.3,18,22,Not Promoted,Active
14986,Manoj Verma,employee14986@company.com,IT,Senior Software Engineer,Coimbatore,Full-Time,M.Sc,2020-12-16,83465,49,7.5,76.9,22,15,2,Needs Improvement,54.13,0,17,Not Promoted,Active
14987,Pooja Sharma,employee14987@company.com,HR,Project Manager,Chennai,Contract,B.Com,2020-08-17,32612,23,3.1,90.74,89,13,4,Good,79.69,37,17,Not Promoted,Active
14988,Sneha Reddy,employee14988@company.com,Finance,Support Associate,Pune,Full-Time,B.E,2021-04-26,122360,51,7.7,84.28,25,0,4,Good,46.31,25,1,Not Promoted,Active
14989,Rohan Verma,employee14989@company.com,IT,Software Engineer,Delhi,Full-Time,B.Com,2025-09-01,34433,33,5.9,92.38,48,11,4,Good,98.66,4,24,Not Promoted,Active
14990,Kavya Rao,employee14990@company.com,Finance,HR Executive,Delhi,Full-Time,BBA,2018-11-20,121404,26,2.5,74.95,43,15,4,Good,68.83,3,15,Not Promoted,Active
14991,Divya Mishra,employee14991@company.com,IT,Software Engineer,Delhi,Full-Time,MBA,2024-01-12,25946,41,14.9,77.17,21,4,5,Excellent,49.5,24,12,Not Promoted,Active
14992,Aakash Mishra,employee14992@company.com,HR,Sales Executive,Delhi,Full-Time,B.Com,2023-10-08,69107,34,9.2,77.28,66,0,4,Good,66.1,21,16,Promoted,Inactive
14993,Divya Pillai,employee14993@company.com,Marketing,Support Associate,Mumbai,Contract,B.Tech,2022-11-30,26615,45,6.6,86.45,41,2,3,Average,63.65,12,5,Not Promoted,Active
14994,Nisha Joshi,employee14994@company.com,Engineering,Operations Analyst,Delhi,Contract,MBA,2024-02-27,103387,27,9.3,78.69,51,10,4,Good,94.79,22,22,Not Promoted,Active
14995,Vijay Patel,employee14995@company.com,Engineering,Data Analyst,Bangalore,Full-Time,BBA,2024-05-31,98790,42,13.7,94.35,16,8,2,Needs Improvement,53.23,32,30,Promoted,Inactive
14996,Sneha Singh,employee14996@company.com,Marketing,Senior Software Engineer,Pune,Full-Time,M.Com,2023-05-30,112635,52,0.8,80.4,13,3,5,Excellent,81.13,24,8,Not Promoted,Inactive
14997,Kavya Patel,employee14997@company.com,Engineering,Support Associate,Chennai,Full-Time,B.Tech,2021-11-14,80221,52,10.1,89.83,63,8,2,Needs Improvement,96.6,9,2,Not Promoted,Active
14998,Priya Verma,employee14998@company.com,Customer Support,Support Associate,Bangalore,Contract,BBA,2021-07-31,58161,50,8.9,98.46,44,5,3,Average,93.07,17,24,Not Promoted,Active
14999,Manoj Kumar,employee14999@company.com,Sales,Marketing Executive,Delhi,Full-Time,MCA,2025-04-11,57598,37,16.1,88.21,63,0,4,Good,105.83,26,6,Not Promoted,Active
15000,Nisha Gupta,employee15000@company.com,Sales,HR Executive,Bangalore,Part-Time,B.E,2024-07-24,116638,41,10.2,77.26,29,11,4,Good,45.04,25,29,Promoted,Inactive
